id,source_unique_tokens,observed_addition_budget,reachable_observed_additions,reachable_fraction,mean_neighbor_cosine_similarity,marginal_hits,marginal_recovered_fraction,neighborhood_hits,neighborhood_recovered_fraction,neighborhood_minus_marginal,top_set_overlap_fraction
train_0001,57,17,16,0.941176,0.188328,3,0.176471,3,0.176471,0.000000,0.764706
train_0002,44,21,15,0.714286,0.199073,2,0.095238,2,0.095238,0.000000,0.714286
train_0003,32,18,17,0.944444,0.100038,6,0.333333,7,0.388889,0.055556,0.777778
train_0004,33,27,25,0.925926,0.167982,4,0.148148,3,0.111111,-0.037037,0.777778
train_0005,27,33,30,0.909091,0.142999,11,0.333333,10,0.303030,-0.030303,0.757576
train_0006,56,43,28,0.651163,0.148130,5,0.116279,4,0.093023,-0.023256,0.767442
train_0007,84,55,42,0.763636,0.199201,14,0.254545,10,0.181818,-0.072727,0.690909
train_0008,31,22,18,0.818182,0.166900,3,0.136364,2,0.090909,-0.045455,0.727273
train_0009,201,24,12,0.500000,0.227338,0,0.000000,0,0.000000,0.000000,0.666667
train_0010,26,15,11,0.733333,0.180998,1,0.066667,1,0.066667,0.000000,0.800000
train_0011,20,43,32,0.744186,0.097192,13,0.302326,13,0.302326,0.000000,0.767442
train_0012,45,26,22,0.846154,0.116370,5,0.192308,4,0.153846,-0.038462,0.692308
train_0013,45,26,16,0.615385,0.186233,4,0.153846,3,0.115385,-0.038462,0.769231
train_0014,28,22,17,0.772727,0.175561,2,0.090909,1,0.045455,-0.045455,0.772727
train_0015,22,81,64,0.790123,0.146209,30,0.370370,33,0.407407,0.037037,0.814815
train_0016,18,32,25,0.781250,0.126340,4,0.125000,1,0.031250,-0.093750,0.812500
train_0017,47,20,13,0.650000,0.155584,0,0.000000,0,0.000000,0.000000,0.750000
train_0018,69,119,77,0.647059,0.175403,28,0.235294,30,0.252101,0.016807,0.722689
train_0019,35,11,9,0.818182,0.186716,0,0.000000,0,0.000000,0.000000,0.545455
train_0020,78,49,40,0.816327,0.139456,10,0.204082,9,0.183673,-0.020408,0.755102
train_0021,38,33,26,0.787879,0.192063,8,0.242424,6,0.181818,-0.060606,0.757576
train_0022,73,53,40,0.754717,0.188180,8,0.150943,6,0.113208,-0.037736,0.773585
train_0023,150,106,68,0.641509,0.231662,20,0.188679,16,0.150943,-0.037736,0.726415
train_0024,30,15,9,0.600000,0.177318,0,0.000000,0,0.000000,0.000000,0.666667
train_0025,36,70,57,0.814286,0.115185,24,0.342857,23,0.328571,-0.014286,0.771429
train_0026,19,26,20,0.769231,0.108161,0,0.000000,0,0.000000,0.000000,0.653846
train_0027,72,32,24,0.750000,0.173062,5,0.156250,2,0.062500,-0.093750,0.625000
train_0028,18,37,29,0.783784,0.111115,6,0.162162,7,0.189189,0.027027,0.756757
train_0029,22,22,17,0.772727,0.100749,2,0.090909,1,0.045455,-0.045455,0.772727
train_0030,24,35,35,1.000000,0.102547,9,0.257143,8,0.228571,-0.028571,0.828571
train_0031,126,28,21,0.750000,0.213212,3,0.107143,2,0.071429,-0.035714,0.714286
train_0032,96,46,35,0.760870,0.192829,9,0.195652,7,0.152174,-0.043478,0.608696
train_0033,27,6,2,0.333333,0.098753,0,0.000000,0,0.000000,0.000000,0.500000
train_0034,57,44,37,0.840909,0.167998,10,0.227273,11,0.250000,0.022727,0.795455
train_0035,93,35,31,0.885714,0.172985,5,0.142857,5,0.142857,0.000000,0.657143
train_0036,54,70,51,0.728571,0.162456,18,0.257143,15,0.214286,-0.042857,0.800000
train_0037,38,19,11,0.578947,0.183960,0,0.000000,0,0.000000,0.000000,0.842105
train_0038,84,76,52,0.684211,0.116884,7,0.092105,7,0.092105,0.000000,0.802632
train_0039,58,55,43,0.781818,0.197142,11,0.200000,12,0.218182,0.018182,0.763636
train_0040,35,80,65,0.812500,0.183096,27,0.337500,27,0.337500,0.000000,0.812500
train_0041,45,15,9,0.600000,0.196850,0,0.000000,0,0.000000,0.000000,0.800000
train_0042,58,9,7,0.777778,0.174867,1,0.111111,1,0.111111,0.000000,0.666667
train_0043,58,25,20,0.800000,0.133641,4,0.160000,2,0.080000,-0.080000,0.720000
train_0044,44,16,11,0.687500,0.184449,1,0.062500,1,0.062500,0.000000,0.750000
train_0045,52,72,56,0.777778,0.156898,15,0.208333,18,0.250000,0.041667,0.763889
train_0046,31,27,23,0.851852,0.154124,6,0.222222,5,0.185185,-0.037037,0.740741
train_0047,38,16,14,0.875000,0.177953,1,0.062500,1,0.062500,0.000000,0.625000
train_0048,62,23,18,0.782609,0.193180,6,0.260870,5,0.217391,-0.043478,0.652174
train_0049,60,18,13,0.722222,0.181344,0,0.000000,0,0.000000,0.000000,0.777778
train_0050,67,41,34,0.829268,0.237024,9,0.219512,11,0.268293,0.048780,0.707317
train_0051,25,68,47,0.691176,0.136698,18,0.264706,18,0.264706,0.000000,0.764706
train_0052,221,28,21,0.750000,0.232114,1,0.035714,0,0.000000,-0.035714,0.571429
train_0053,28,29,25,0.862069,0.156845,8,0.275862,7,0.241379,-0.034483,0.827586
train_0054,71,7,6,0.857143,0.209539,0,0.000000,0,0.000000,0.000000,0.714286
train_0055,20,24,20,0.833333,0.141683,1,0.041667,4,0.166667,0.125000,0.708333
train_0056,21,56,50,0.892857,0.127739,22,0.392857,22,0.392857,0.000000,0.839286
train_0057,61,6,6,1.000000,0.194323,0,0.000000,0,0.000000,0.000000,0.500000
train_0058,85,49,37,0.755102,0.203064,7,0.142857,7,0.142857,0.000000,0.673469
train_0059,25,27,23,0.851852,0.131110,4,0.148148,4,0.148148,0.000000,0.777778
train_0060,120,25,17,0.680000,0.218467,2,0.080000,3,0.120000,0.040000,0.680000
train_0061,103,47,39,0.829787,0.219919,9,0.191489,7,0.148936,-0.042553,0.765957
train_0062,85,24,21,0.875000,0.203632,3,0.125000,2,0.083333,-0.041667,0.583333
train_0063,27,13,12,0.923077,0.212107,2,0.153846,2,0.153846,0.000000,0.692308
train_0064,46,18,16,0.888889,0.201221,2,0.111111,2,0.111111,0.000000,0.666667
train_0065,71,63,50,0.793651,0.171613,17,0.269841,17,0.269841,0.000000,0.793651
train_0066,19,38,30,0.789474,0.191645,7,0.184211,6,0.157895,-0.026316,0.868421
train_0067,37,51,44,0.862745,0.165467,7,0.137255,8,0.156863,0.019608,0.745098
train_0068,32,22,18,0.818182,0.197248,3,0.136364,3,0.136364,0.000000,0.772727
train_0069,41,82,74,0.902439,0.155267,17,0.207317,18,0.219512,0.012195,0.817073
train_0070,58,42,30,0.714286,0.200302,10,0.238095,8,0.190476,-0.047619,0.761905
train_0071,85,59,36,0.610169,0.174482,7,0.118644,7,0.118644,0.000000,0.711864
train_0072,44,21,19,0.904762,0.165907,3,0.142857,3,0.142857,0.000000,0.714286
train_0073,36,80,59,0.737500,0.171086,23,0.287500,21,0.262500,-0.025000,0.775000
train_0074,109,92,65,0.706522,0.219429,11,0.119565,11,0.119565,0.000000,0.793478
train_0075,88,38,30,0.789474,0.171078,11,0.289474,10,0.263158,-0.026316,0.789474
train_0076,31,37,30,0.810811,0.112146,8,0.216216,6,0.162162,-0.054054,0.810811
train_0077,84,64,53,0.828125,0.188306,13,0.203125,12,0.187500,-0.015625,0.718750
train_0078,98,39,28,0.717949,0.174304,4,0.102564,6,0.153846,0.051282,0.641026
train_0079,25,21,16,0.761905,0.159080,4,0.190476,3,0.142857,-0.047619,0.809524
train_0080,21,32,24,0.750000,0.112619,8,0.250000,10,0.312500,0.062500,0.781250
train_0081,28,18,12,0.666667,0.107910,0,0.000000,1,0.055556,0.055556,0.611111
train_0082,20,13,10,0.769231,0.121397,0,0.000000,0,0.000000,0.000000,0.769231
train_0083,58,50,38,0.760000,0.188074,12,0.240000,11,0.220000,-0.020000,0.740000
train_0084,4,1,1,1.000000,0.171430,0,0.000000,0,0.000000,0.000000,1.000000
train_0085,36,83,61,0.734940,0.135986,16,0.192771,14,0.168675,-0.024096,0.759036
train_0086,28,21,17,0.809524,0.157757,1,0.047619,1,0.047619,0.000000,0.857143
train_0087,201,71,52,0.732394,0.223280,10,0.140845,10,0.140845,0.000000,0.704225
train_0088,50,113,79,0.699115,0.191793,31,0.274336,27,0.238938,-0.035398,0.743363
train_0089,63,22,22,1.000000,0.221370,6,0.272727,5,0.227273,-0.045455,0.727273
train_0090,115,85,69,0.811765,0.186327,27,0.317647,26,0.305882,-0.011765,0.670588
train_0091,25,9,8,0.888889,0.201637,1,0.111111,1,0.111111,0.000000,0.888889
train_0092,32,81,62,0.765432,0.130098,24,0.296296,22,0.271605,-0.024691,0.790123
train_0093,23,34,32,0.941176,0.128622,8,0.235294,9,0.264706,0.029412,0.852941
train_0094,69,21,18,0.857143,0.216547,1,0.047619,0,0.000000,-0.047619,0.761905
train_0095,90,59,36,0.610169,0.178547,9,0.152542,7,0.118644,-0.033898,0.728814
train_0096,52,40,32,0.800000,0.186505,8,0.200000,8,0.200000,0.000000,0.750000
train_0097,28,12,12,1.000000,0.189308,3,0.250000,3,0.250000,0.000000,0.666667
train_0098,118,1,0,0.000000,0.182298,0,0.000000,0,0.000000,0.000000,0.000000
train_0099,61,94,47,0.500000,0.169326,16,0.170213,14,0.148936,-0.021277,0.744681
train_0100,20,3,3,1.000000,0.165873,0,0.000000,0,0.000000,0.000000,0.333333
train_0101,42,36,28,0.777778,0.161613,4,0.111111,5,0.138889,0.027778,0.750000
train_0102,65,5,4,0.800000,0.157532,2,0.400000,1,0.200000,-0.200000,0.600000
train_0103,33,62,53,0.854839,0.190611,21,0.338710,20,0.322581,-0.016129,0.741935
train_0104,20,78,65,0.833333,0.126958,29,0.371795,25,0.320513,-0.051282,0.769231
train_0105,158,63,42,0.666667,0.220420,11,0.174603,13,0.206349,0.031746,0.777778
train_0106,21,14,13,0.928571,0.158742,3,0.214286,3,0.214286,0.000000,0.714286
train_0107,28,34,23,0.676471,0.130319,6,0.176471,3,0.088235,-0.088235,0.705882
train_0108,37,33,30,0.909091,0.180426,8,0.242424,9,0.272727,0.030303,0.878788
train_0109,24,23,13,0.565217,0.163460,3,0.130435,3,0.130435,0.000000,0.826087
train_0110,64,19,16,0.842105,0.180057,3,0.157895,1,0.052632,-0.105263,0.789474
train_0111,59,26,22,0.846154,0.211954,7,0.269231,5,0.192308,-0.076923,0.730769
train_0112,79,111,81,0.729730,0.191457,25,0.225225,19,0.171171,-0.054054,0.729730
train_0113,50,39,32,0.820513,0.160082,8,0.205128,8,0.205128,0.000000,0.769231
train_0114,111,32,28,0.875000,0.207035,5,0.156250,4,0.125000,-0.031250,0.718750
train_0115,56,146,107,0.732877,0.152144,42,0.287671,39,0.267123,-0.020548,0.842466
train_0116,3,58,50,0.862069,0.106189,20,0.344828,22,0.379310,0.034483,0.844828
train_0117,35,9,5,0.555556,0.161144,0,0.000000,0,0.000000,0.000000,0.777778
train_0118,85,102,69,0.676471,0.215053,19,0.186275,20,0.196078,0.009804,0.794118
train_0119,68,17,14,0.823529,0.176319,0,0.000000,0,0.000000,0.000000,0.705882
train_0120,43,25,23,0.920000,0.198311,4,0.160000,4,0.160000,0.000000,0.800000
train_0121,70,44,34,0.772727,0.174440,7,0.159091,8,0.181818,0.022727,0.750000
train_0122,28,27,23,0.851852,0.178211,4,0.148148,3,0.111111,-0.037037,0.814815
train_0123,54,95,74,0.778947,0.229085,31,0.326316,27,0.284211,-0.042105,0.726316
train_0124,11,81,67,0.827160,0.116461,28,0.345679,25,0.308642,-0.037037,0.765432
train_0125,26,49,40,0.816327,0.074298,12,0.244898,12,0.244898,0.000000,0.816327
train_0126,21,14,10,0.714286,0.169076,0,0.000000,0,0.000000,0.000000,0.785714
train_0127,25,23,17,0.739130,0.109117,3,0.130435,3,0.130435,0.000000,0.782609
train_0128,77,21,18,0.857143,0.184256,1,0.047619,1,0.047619,0.000000,0.714286
train_0129,27,17,15,0.882353,0.189341,0,0.000000,0,0.000000,0.000000,0.823529
train_0130,22,28,21,0.750000,0.154557,3,0.107143,5,0.178571,0.071429,0.821429
train_0131,103,26,17,0.653846,0.206041,1,0.038462,1,0.038462,0.000000,0.730769
train_0132,42,26,22,0.846154,0.180046,4,0.153846,3,0.115385,-0.038462,0.807692
train_0133,60,53,34,0.641509,0.173454,11,0.207547,11,0.207547,0.000000,0.716981
train_0134,80,29,18,0.620690,0.161770,4,0.137931,3,0.103448,-0.034483,0.689655
train_0135,46,68,50,0.735294,0.123737,20,0.294118,16,0.235294,-0.058824,0.764706
train_0136,65,20,14,0.700000,0.174417,1,0.050000,0,0.000000,-0.050000,0.700000
train_0137,77,30,23,0.766667,0.237397,4,0.133333,4,0.133333,0.000000,0.733333
train_0138,23,19,15,0.789474,0.141821,1,0.052632,0,0.000000,-0.052632,0.789474
train_0139,41,40,32,0.800000,0.168303,11,0.275000,13,0.325000,0.050000,0.700000
train_0140,12,18,17,0.944444,0.084531,3,0.166667,6,0.333333,0.166667,0.722222
train_0141,64,25,20,0.800000,0.179638,2,0.080000,2,0.080000,0.000000,0.800000
train_0142,85,60,40,0.666667,0.161937,10,0.166667,10,0.166667,0.000000,0.750000
train_0143,85,26,20,0.769231,0.187432,1,0.038462,1,0.038462,0.000000,0.730769
train_0144,130,19,9,0.473684,0.166739,0,0.000000,0,0.000000,0.000000,0.684211
train_0145,48,49,40,0.816327,0.170647,14,0.285714,11,0.224490,-0.061224,0.775510
train_0146,61,5,5,1.000000,0.184937,0,0.000000,0,0.000000,0.000000,1.000000
train_0147,156,52,30,0.576923,0.210049,7,0.134615,4,0.076923,-0.057692,0.615385
train_0148,30,43,33,0.767442,0.158644,12,0.279070,11,0.255814,-0.023256,0.744186
train_0149,49,21,15,0.714286,0.165545,1,0.047619,0,0.000000,-0.047619,0.761905
train_0150,94,68,51,0.750000,0.190623,10,0.147059,9,0.132353,-0.014706,0.823529
