id,source_word_count,observed_word_count,observed_word_count_change,raw_marginal_prediction,additive_persistence_prediction,unchanged_source_prediction,raw_marginal_absolute_error,additive_persistence_absolute_error,unchanged_source_absolute_error,raw_marginal_minus_additive_absolute_error,unchanged_source_minus_additive_absolute_error,raw_marginal_crps,additive_persistence_crps,source_form_neighborhood_crps,additive_minus_source_form_crps,raw_marginal_minus_additive_crps,raw_marginal_lower_80,raw_marginal_upper_80,raw_marginal_covered_80,raw_marginal_width_80,raw_marginal_interval_score_80,additive_persistence_lower_80,additive_persistence_upper_80,additive_persistence_covered_80,additive_persistence_width_80,additive_persistence_interval_score_80,raw_marginal_minus_additive_interval_score_80
train_0001,92.000000,62.000000,-30.000000,87.000000,92.000000,92.000000,25.000000,30.000000,30.000000,-5.000000,0.000000,16.917887,19.378722,17.635670,1.743052,-2.460835,21.000000,163.000000,1,142.000000,142.000000,0.000000,173.000000,1,173.000000,173.000000,-31.000000
train_0002,101.000000,58.000000,-43.000000,87.000000,101.000000,101.000000,29.000000,43.000000,43.000000,-14.000000,0.000000,18.215125,25.363587,26.082479,-0.718892,-7.148462,21.000000,163.000000,1,142.000000,142.000000,8.000000,182.000000,1,174.000000,174.000000,-32.000000
train_0003,33.000000,37.000000,4.000000,87.000000,32.000000,33.000000,50.000000,5.000000,4.000000,45.000000,-1.000000,27.133643,12.142471,12.986037,-0.843566,14.991172,21.000000,163.000000,1,142.000000,142.000000,0.000000,114.000000,1,114.000000,114.000000,28.000000
train_0004,46.000000,89.000000,43.000000,86.000000,45.000000,46.000000,3.000000,44.000000,43.000000,-41.000000,-1.000000,13.661277,26.906806,23.428527,3.478279,-13.245529,21.000000,163.000000,1,142.000000,142.000000,0.000000,127.000000,1,127.000000,127.000000,15.000000
train_0005,28.000000,114.000000,86.000000,86.000000,27.000000,28.000000,28.000000,87.000000,86.000000,-59.000000,-1.000000,20.755552,56.108103,45.181603,10.926500,-35.352552,21.000000,163.000000,1,142.000000,142.000000,0.000000,104.000000,0,104.000000,204.000000,-62.000000
train_0006,132.000000,112.000000,-20.000000,86.000000,132.000000,132.000000,26.000000,20.000000,20.000000,6.000000,0.000000,19.863700,16.665961,15.171762,1.494199,3.197739,21.000000,163.000000,1,142.000000,142.000000,39.000000,213.000000,1,174.000000,174.000000,-32.000000
train_0007,152.000000,142.000000,-10.000000,86.000000,152.000000,152.000000,56.000000,10.000000,10.000000,46.000000,0.000000,36.417008,15.103869,13.905971,1.197898,21.313139,21.000000,163.000000,1,142.000000,142.000000,59.000000,233.000000,1,174.000000,174.000000,-32.000000
train_0008,53.000000,30.000000,-23.000000,87.000000,53.000000,53.000000,57.000000,23.000000,23.000000,34.000000,0.000000,31.146975,16.238187,19.153791,-2.915604,14.908788,21.000000,163.000000,1,142.000000,142.000000,0.000000,134.000000,1,134.000000,134.000000,8.000000
train_0009,378.000000,118.000000,-260.000000,86.000000,378.000000,378.000000,32.000000,260.000000,260.000000,-228.000000,0.000000,22.593307,215.649836,169.756682,45.893154,-193.056529,21.000000,163.000000,1,142.000000,142.000000,285.000000,459.000000,0,174.000000,1844.000000,-1702.000000
train_0010,75.000000,23.000000,-52.000000,87.000000,75.000000,75.000000,64.000000,52.000000,52.000000,12.000000,0.000000,35.917031,30.057520,33.941105,-3.883585,5.859511,21.000000,163.000000,1,142.000000,142.000000,0.000000,156.000000,1,156.000000,156.000000,-14.000000
train_0011,20.000000,56.000000,36.000000,87.000000,19.000000,20.000000,31.000000,37.000000,36.000000,-6.000000,-1.000000,18.890771,20.603892,14.988963,5.614929,-1.713121,21.000000,163.000000,1,142.000000,142.000000,0.000000,101.000000,1,101.000000,101.000000,41.000000
train_0012,58.000000,65.000000,7.000000,87.000000,57.000000,58.000000,22.000000,8.000000,7.000000,14.000000,-1.000000,16.053061,13.814468,13.254167,0.560301,2.238593,21.000000,163.000000,1,142.000000,142.000000,0.000000,139.000000,1,139.000000,139.000000,3.000000
train_0013,92.000000,68.000000,-24.000000,87.000000,92.000000,92.000000,19.000000,24.000000,24.000000,-5.000000,0.000000,15.377415,17.419350,15.619544,1.799806,-2.041935,21.000000,163.000000,1,142.000000,142.000000,0.000000,173.000000,1,173.000000,173.000000,-31.000000
train_0014,79.000000,101.000000,22.000000,86.000000,78.000000,79.000000,15.000000,23.000000,22.000000,-8.000000,-1.000000,16.012522,18.203234,17.020937,1.182297,-2.190712,21.000000,163.000000,1,142.000000,142.000000,0.000000,160.000000,1,160.000000,160.000000,-18.000000
train_0015,60.000000,135.000000,75.000000,86.000000,59.000000,60.000000,49.000000,76.000000,75.000000,-27.000000,-1.000000,31.998288,49.097248,43.117490,5.979758,-17.098960,21.000000,163.000000,1,142.000000,142.000000,0.000000,141.000000,1,141.000000,141.000000,1.000000
train_0016,18.000000,51.000000,33.000000,87.000000,17.000000,18.000000,36.000000,34.000000,33.000000,2.000000,-1.000000,20.782577,18.857799,13.879068,4.978731,1.924778,21.000000,163.000000,1,142.000000,142.000000,0.000000,99.000000,1,99.000000,99.000000,43.000000
train_0017,68.000000,22.000000,-46.000000,87.000000,68.000000,68.000000,65.000000,46.000000,46.000000,19.000000,0.000000,36.687266,26.430206,29.688462,-3.258256,10.257060,21.000000,163.000000,1,142.000000,142.000000,0.000000,149.000000,1,149.000000,149.000000,-7.000000
train_0018,106.000000,271.000000,165.000000,86.000000,105.000000,106.000000,185.000000,166.000000,165.000000,19.000000,-1.000000,152.479348,133.178325,137.326495,-4.148170,19.301022,21.000000,162.000000,0,141.000000,1231.000000,13.000000,182.000000,0,169.000000,1059.000000,172.000000
train_0019,61.000000,15.000000,-46.000000,87.000000,61.000000,61.000000,72.000000,46.000000,46.000000,26.000000,0.000000,42.727535,26.239223,30.652213,-4.412990,16.488311,22.000000,163.000000,0,141.000000,211.000000,0.000000,142.000000,1,142.000000,142.000000,69.000000
train_0020,100.000000,77.000000,-23.000000,87.000000,100.000000,100.000000,10.000000,23.000000,23.000000,-13.000000,0.000000,14.039638,17.194180,15.437770,1.756410,-3.154543,21.000000,163.000000,1,142.000000,142.000000,7.000000,181.000000,1,174.000000,174.000000,-32.000000
train_0021,70.000000,66.000000,-4.000000,87.000000,70.000000,70.000000,21.000000,4.000000,4.000000,17.000000,0.000000,15.796315,13.904869,13.837353,0.067516,1.891446,21.000000,163.000000,1,142.000000,142.000000,0.000000,151.000000,1,151.000000,151.000000,-9.000000
train_0022,146.000000,167.000000,21.000000,86.000000,145.000000,146.000000,81.000000,22.000000,21.000000,59.000000,-1.000000,55.335075,18.296113,23.531016,-5.234903,37.038962,21.000000,162.000000,0,141.000000,191.000000,53.000000,227.000000,1,174.000000,174.000000,17.000000
train_0023,318.000000,265.000000,-53.000000,86.000000,318.000000,318.000000,179.000000,53.000000,53.000000,126.000000,0.000000,146.560695,31.290572,23.978653,7.311919,115.270123,21.000000,162.000000,0,141.000000,1171.000000,225.000000,399.000000,1,174.000000,174.000000,997.000000
train_0024,87.000000,23.000000,-64.000000,87.000000,87.000000,87.000000,64.000000,64.000000,64.000000,0.000000,0.000000,35.917031,37.922211,40.921465,-2.999254,-2.005180,21.000000,163.000000,1,142.000000,142.000000,0.000000,168.000000,1,168.000000,168.000000,-26.000000
train_0025,62.000000,132.000000,70.000000,86.000000,61.000000,62.000000,46.000000,71.000000,70.000000,-25.000000,-1.000000,30.214585,45.473898,44.894054,0.579844,-15.259313,21.000000,163.000000,1,142.000000,142.000000,0.000000,143.000000,1,143.000000,143.000000,-1.000000
train_0026,20.000000,31.000000,11.000000,87.000000,19.000000,20.000000,56.000000,12.000000,11.000000,44.000000,-1.000000,30.552408,11.550245,11.436667,0.113578,19.002162,21.000000,163.000000,1,142.000000,142.000000,0.000000,101.000000,1,101.000000,101.000000,41.000000
train_0027,117.000000,111.000000,-6.000000,86.000000,117.000000,117.000000,25.000000,6.000000,6.000000,19.000000,0.000000,19.431287,14.590424,13.285081,1.305343,4.840863,21.000000,163.000000,1,142.000000,142.000000,24.000000,198.000000,1,174.000000,174.000000,-32.000000
train_0028,19.000000,62.000000,43.000000,87.000000,18.000000,19.000000,25.000000,44.000000,43.000000,-19.000000,-1.000000,16.917887,24.260439,17.439590,6.820849,-7.342552,21.000000,163.000000,1,142.000000,142.000000,0.000000,100.000000,1,100.000000,100.000000,42.000000
train_0029,22.000000,54.000000,32.000000,87.000000,21.000000,22.000000,33.000000,33.000000,32.000000,0.000000,-1.000000,19.606955,19.066213,13.832111,5.234102,0.540741,21.000000,163.000000,1,142.000000,142.000000,0.000000,103.000000,1,103.000000,103.000000,39.000000
train_0030,29.000000,84.000000,55.000000,87.000000,28.000000,29.000000,3.000000,56.000000,55.000000,-53.000000,-1.000000,13.647764,33.154182,25.914840,7.239342,-19.506419,21.000000,163.000000,1,142.000000,142.000000,0.000000,110.000000,1,110.000000,110.000000,32.000000
train_0031,217.000000,93.000000,-124.000000,86.000000,217.000000,217.000000,7.000000,124.000000,124.000000,-117.000000,0.000000,14.161254,86.617315,65.556066,21.061249,-72.456061,21.000000,163.000000,1,142.000000,142.000000,124.000000,298.000000,0,174.000000,484.000000,-342.000000
train_0032,136.000000,85.000000,-51.000000,87.000000,136.000000,136.000000,2.000000,51.000000,51.000000,-49.000000,0.000000,13.620738,29.960677,22.061780,7.898897,-16.339940,21.000000,163.000000,1,142.000000,142.000000,43.000000,217.000000,1,174.000000,174.000000,-32.000000
train_0033,28.000000,20.000000,-8.000000,87.000000,28.000000,28.000000,67.000000,8.000000,8.000000,59.000000,0.000000,38.335841,11.988469,16.511941,-4.523472,26.347372,22.000000,163.000000,0,141.000000,161.000000,0.000000,109.000000,1,109.000000,109.000000,52.000000
train_0034,83.000000,110.000000,27.000000,86.000000,82.000000,83.000000,24.000000,28.000000,27.000000,-4.000000,-1.000000,19.012387,20.161930,20.833835,-0.671905,-1.149543,21.000000,163.000000,1,142.000000,142.000000,0.000000,164.000000,1,164.000000,164.000000,-22.000000
train_0035,154.000000,107.000000,-47.000000,86.000000,154.000000,154.000000,21.000000,47.000000,47.000000,-26.000000,0.000000,17.890816,27.674114,20.331208,7.342906,-9.783298,21.000000,163.000000,1,142.000000,142.000000,61.000000,235.000000,1,174.000000,174.000000,-32.000000
train_0036,78.000000,159.000000,81.000000,86.000000,77.000000,78.000000,73.000000,82.000000,81.000000,-9.000000,-1.000000,48.835368,54.359263,54.544159,-0.184896,-5.523895,21.000000,163.000000,1,142.000000,142.000000,0.000000,154.000000,0,154.000000,204.000000,-62.000000
train_0037,84.000000,21.000000,-63.000000,87.000000,84.000000,84.000000,66.000000,63.000000,63.000000,3.000000,0.000000,37.498041,37.202784,38.636746,-1.433962,0.295257,22.000000,163.000000,0,141.000000,151.000000,0.000000,165.000000,1,165.000000,165.000000,-14.000000
train_0038,93.000000,108.000000,15.000000,86.000000,92.000000,93.000000,22.000000,16.000000,15.000000,6.000000,-1.000000,18.242151,16.214720,19.386131,-3.171411,2.027431,21.000000,163.000000,1,142.000000,142.000000,0.000000,174.000000,1,174.000000,174.000000,-32.000000
train_0039,126.000000,151.000000,25.000000,86.000000,125.000000,126.000000,65.000000,26.000000,25.000000,39.000000,-1.000000,42.754561,19.702581,22.911775,-3.209194,23.051980,21.000000,163.000000,1,142.000000,142.000000,33.000000,207.000000,1,174.000000,174.000000,-32.000000
train_0040,80.000000,156.000000,76.000000,86.000000,79.000000,80.000000,70.000000,77.000000,76.000000,-7.000000,-1.000000,46.524661,50.341426,52.494564,-2.153138,-3.816765,21.000000,163.000000,1,142.000000,142.000000,0.000000,161.000000,1,161.000000,161.000000,-19.000000
train_0041,90.000000,89.000000,-1.000000,86.000000,90.000000,90.000000,3.000000,1.000000,1.000000,2.000000,0.000000,13.661277,14.112653,13.035703,1.076950,-0.451376,21.000000,163.000000,1,142.000000,142.000000,0.000000,171.000000,1,171.000000,171.000000,-29.000000
train_0042,87.000000,21.000000,-66.000000,87.000000,87.000000,87.000000,66.000000,66.000000,66.000000,0.000000,0.000000,37.498041,39.300527,41.091031,-1.790504,-1.802486,22.000000,163.000000,0,141.000000,151.000000,0.000000,168.000000,1,168.000000,168.000000,-17.000000
train_0043,101.000000,66.000000,-35.000000,87.000000,101.000000,101.000000,21.000000,35.000000,35.000000,-14.000000,0.000000,15.796315,21.417819,19.126746,2.291073,-5.621504,21.000000,163.000000,1,142.000000,142.000000,8.000000,182.000000,1,174.000000,174.000000,-32.000000
train_0044,99.000000,66.000000,-33.000000,87.000000,99.000000,99.000000,21.000000,33.000000,33.000000,-12.000000,0.000000,15.796315,20.551281,18.404564,2.146717,-4.754966,21.000000,163.000000,1,142.000000,142.000000,6.000000,180.000000,1,174.000000,174.000000,-32.000000
train_0045,89.000000,144.000000,55.000000,86.000000,88.000000,89.000000,58.000000,56.000000,55.000000,2.000000,-1.000000,37.768299,35.627179,40.936003,-5.308824,2.141120,21.000000,163.000000,1,142.000000,142.000000,0.000000,170.000000,1,170.000000,170.000000,-28.000000
train_0046,41.000000,88.000000,47.000000,86.000000,40.000000,41.000000,2.000000,48.000000,47.000000,-46.000000,-1.000000,13.620738,29.067880,23.557362,5.510518,-15.447142,21.000000,163.000000,1,142.000000,142.000000,0.000000,122.000000,1,122.000000,122.000000,20.000000
train_0047,95.000000,96.000000,1.000000,86.000000,94.000000,95.000000,10.000000,2.000000,1.000000,8.000000,-1.000000,14.715283,14.178415,12.644993,1.533422,0.536868,21.000000,163.000000,1,142.000000,142.000000,2.000000,176.000000,1,174.000000,174.000000,-32.000000
train_0048,159.000000,91.000000,-68.000000,86.000000,159.000000,159.000000,5.000000,68.000000,68.000000,-63.000000,0.000000,13.863970,41.046484,34.402899,6.643585,-27.182514,21.000000,163.000000,1,142.000000,142.000000,66.000000,240.000000,1,174.000000,174.000000,-32.000000
train_0049,87.000000,64.000000,-23.000000,87.000000,87.000000,87.000000,23.000000,23.000000,23.000000,0.000000,0.000000,16.323319,17.058286,16.136487,0.921799,-0.734967,21.000000,163.000000,1,142.000000,142.000000,0.000000,168.000000,1,168.000000,168.000000,-26.000000
train_0050,125.000000,110.000000,-15.000000,86.000000,125.000000,125.000000,24.000000,15.000000,15.000000,9.000000,0.000000,19.012387,15.780956,14.913682,0.867274,3.231431,21.000000,163.000000,1,142.000000,142.000000,32.000000,206.000000,1,174.000000,174.000000,-32.000000
train_0051,25.000000,139.000000,114.000000,86.000000,24.000000,25.000000,53.000000,115.000000,114.000000,-62.000000,-1.000000,34.457637,80.863520,70.357758,10.505762,-46.405883,21.000000,163.000000,1,142.000000,142.000000,0.000000,101.000000,0,101.000000,481.000000,-339.000000
train_0052,441.000000,38.000000,-403.000000,87.000000,441.000000,441.000000,49.000000,403.000000,403.000000,-354.000000,0.000000,26.620152,358.563443,310.056781,48.506662,-331.943291,21.000000,163.000000,1,142.000000,142.000000,348.000000,522.000000,0,174.000000,3274.000000,-3132.000000
train_0053,39.000000,55.000000,16.000000,87.000000,38.000000,39.000000,32.000000,17.000000,16.000000,15.000000,-1.000000,19.242106,14.830323,13.083003,1.747320,4.411783,21.000000,163.000000,1,142.000000,142.000000,0.000000,120.000000,1,120.000000,120.000000,22.000000
train_0054,133.000000,16.000000,-117.000000,87.000000,133.000000,133.000000,71.000000,117.000000,117.000000,-46.000000,0.000000,41.808657,80.260574,73.167643,7.092931,-38.451917,22.000000,163.000000,0,141.000000,201.000000,40.000000,214.000000,0,174.000000,414.000000,-213.000000
train_0055,20.000000,24.000000,4.000000,87.000000,19.000000,20.000000,63.000000,5.000000,4.000000,58.000000,-1.000000,35.187334,10.550291,12.736298,-2.186007,24.637043,21.000000,163.000000,1,142.000000,142.000000,0.000000,101.000000,1,101.000000,101.000000,41.000000
train_0056,21.000000,109.000000,88.000000,86.000000,20.000000,21.000000,23.000000,89.000000,88.000000,-66.000000,-1.000000,18.620513,56.907707,47.292456,9.615251,-38.287194,21.000000,163.000000,1,142.000000,142.000000,0.000000,97.000000,0,97.000000,217.000000,-75.000000
train_0057,87.000000,6.000000,-81.000000,87.000000,87.000000,87.000000,81.000000,81.000000,81.000000,0.000000,0.000000,51.146075,50.218954,46.676297,3.542657,0.927120,22.000000,163.000000,0,141.000000,301.000000,0.000000,168.000000,1,168.000000,168.000000,133.000000
train_0058,131.000000,121.000000,-10.000000,86.000000,131.000000,131.000000,35.000000,10.000000,10.000000,25.000000,0.000000,24.052700,15.055043,13.918145,1.136898,8.997658,21.000000,163.000000,1,142.000000,142.000000,38.000000,212.000000,1,174.000000,174.000000,-32.000000
train_0059,45.000000,87.000000,42.000000,86.000000,44.000000,45.000000,1.000000,43.000000,42.000000,-42.000000,-1.000000,13.607225,26.267375,21.076205,5.191170,-12.660150,21.000000,163.000000,1,142.000000,142.000000,0.000000,126.000000,1,126.000000,126.000000,16.000000
train_0060,223.000000,49.000000,-174.000000,87.000000,223.000000,223.000000,38.000000,174.000000,174.000000,-136.000000,0.000000,21.647403,132.727039,108.354231,24.372808,-111.079636,21.000000,163.000000,1,142.000000,142.000000,130.000000,304.000000,0,174.000000,984.000000,-842.000000
train_0061,199.000000,89.000000,-110.000000,86.000000,199.000000,199.000000,3.000000,110.000000,110.000000,-107.000000,0.000000,13.661277,74.213008,58.040066,16.172942,-60.551732,21.000000,163.000000,1,142.000000,142.000000,106.000000,280.000000,0,174.000000,344.000000,-202.000000
train_0062,123.000000,30.000000,-93.000000,87.000000,123.000000,123.000000,57.000000,93.000000,93.000000,-36.000000,0.000000,31.146975,59.812981,51.614194,8.198787,-28.666006,21.000000,163.000000,1,142.000000,142.000000,30.000000,204.000000,1,174.000000,174.000000,-32.000000
train_0063,74.000000,40.000000,-34.000000,87.000000,74.000000,74.000000,47.000000,34.000000,34.000000,13.000000,0.000000,25.660736,20.605648,21.134222,-0.528574,5.055088,21.000000,163.000000,1,142.000000,142.000000,0.000000,155.000000,1,155.000000,155.000000,-13.000000
train_0064,84.000000,28.000000,-56.000000,87.000000,84.000000,84.000000,59.000000,56.000000,56.000000,3.000000,0.000000,32.430701,32.689473,33.097720,-0.408247,-0.258772,21.000000,163.000000,1,142.000000,142.000000,0.000000,165.000000,1,165.000000,165.000000,-23.000000
train_0065,105.000000,144.000000,39.000000,86.000000,104.000000,105.000000,58.000000,40.000000,39.000000,18.000000,-1.000000,37.768299,25.960452,30.468119,-4.507667,11.807846,21.000000,163.000000,1,142.000000,142.000000,12.000000,186.000000,1,174.000000,174.000000,-32.000000
train_0066,32.000000,89.000000,57.000000,86.000000,31.000000,32.000000,3.000000,58.000000,57.000000,-55.000000,-1.000000,13.661277,34.798703,26.211501,8.587202,-21.137426,21.000000,163.000000,1,142.000000,142.000000,0.000000,113.000000,1,113.000000,113.000000,29.000000
train_0067,45.000000,128.000000,83.000000,86.000000,44.000000,45.000000,42.000000,84.000000,83.000000,-42.000000,-1.000000,27.890365,54.955272,49.386947,5.568325,-27.064907,21.000000,163.000000,1,142.000000,142.000000,0.000000,121.000000,0,121.000000,191.000000,-49.000000
train_0068,77.000000,74.000000,-3.000000,87.000000,77.000000,77.000000,13.000000,3.000000,3.000000,10.000000,0.000000,14.390973,13.989865,14.273291,-0.283426,0.401108,21.000000,163.000000,1,142.000000,142.000000,0.000000,158.000000,1,158.000000,158.000000,-16.000000
train_0069,69.000000,162.000000,93.000000,86.000000,68.000000,69.000000,76.000000,94.000000,93.000000,-18.000000,-1.000000,51.186613,64.436782,62.575511,1.861271,-13.250169,21.000000,163.000000,1,142.000000,142.000000,0.000000,145.000000,0,145.000000,315.000000,-173.000000
train_0070,98.000000,107.000000,9.000000,86.000000,97.000000,98.000000,21.000000,10.000000,9.000000,11.000000,-1.000000,17.890816,14.867033,15.598964,-0.731931,3.023783,21.000000,163.000000,1,142.000000,142.000000,5.000000,179.000000,1,174.000000,174.000000,-32.000000
train_0071,139.000000,149.000000,10.000000,86.000000,138.000000,139.000000,63.000000,11.000000,10.000000,52.000000,-1.000000,41.295167,15.253772,19.551115,-4.297343,26.041395,21.000000,163.000000,1,142.000000,142.000000,46.000000,220.000000,1,174.000000,174.000000,-32.000000
train_0072,69.000000,35.000000,-34.000000,87.000000,69.000000,69.000000,52.000000,34.000000,34.000000,18.000000,0.000000,28.228188,20.506329,22.849070,-2.342741,7.721859,21.000000,163.000000,1,142.000000,142.000000,0.000000,150.000000,1,150.000000,150.000000,-8.000000
train_0073,72.000000,148.000000,76.000000,86.000000,71.000000,72.000000,62.000000,77.000000,76.000000,-15.000000,-1.000000,40.578983,50.186208,48.757288,1.428920,-9.607225,21.000000,163.000000,1,142.000000,142.000000,0.000000,153.000000,1,153.000000,153.000000,-11.000000
train_0074,171.000000,207.000000,36.000000,86.000000,170.000000,171.000000,121.000000,37.000000,36.000000,84.000000,-1.000000,90.968605,24.580199,35.853825,-11.273626,66.388406,21.000000,162.000000,0,141.000000,591.000000,78.000000,252.000000,1,174.000000,174.000000,417.000000
train_0075,157.000000,68.000000,-89.000000,87.000000,157.000000,157.000000,19.000000,89.000000,89.000000,-70.000000,0.000000,15.377415,56.704698,45.473943,11.230755,-41.327283,21.000000,163.000000,1,142.000000,142.000000,64.000000,238.000000,1,174.000000,174.000000,-32.000000
train_0076,34.000000,53.000000,19.000000,87.000000,33.000000,34.000000,34.000000,20.000000,19.000000,14.000000,-1.000000,19.985316,15.382190,12.641214,2.740976,4.603126,21.000000,163.000000,1,142.000000,142.000000,0.000000,115.000000,1,115.000000,115.000000,27.000000
train_0077,179.000000,170.000000,-9.000000,86.000000,179.000000,179.000000,84.000000,9.000000,9.000000,75.000000,0.000000,57.889014,15.023557,14.842385,0.181172,42.865457,21.000000,162.000000,0,141.000000,221.000000,86.000000,260.000000,1,174.000000,174.000000,47.000000
train_0078,135.000000,76.000000,-59.000000,87.000000,135.000000,135.000000,11.000000,59.000000,59.000000,-48.000000,0.000000,14.147741,34.930544,26.162349,8.768195,-20.782803,21.000000,163.000000,1,142.000000,142.000000,42.000000,216.000000,1,174.000000,174.000000,-32.000000
train_0079,27.000000,36.000000,9.000000,87.000000,26.000000,27.000000,51.000000,10.000000,9.000000,41.000000,-1.000000,27.660646,12.078555,12.056969,0.021586,15.582091,21.000000,163.000000,1,142.000000,142.000000,0.000000,108.000000,1,108.000000,108.000000,34.000000
train_0080,22.000000,96.000000,74.000000,86.000000,21.000000,22.000000,10.000000,75.000000,74.000000,-65.000000,-1.000000,14.715283,45.592045,36.557007,9.035038,-30.876762,21.000000,163.000000,1,142.000000,142.000000,0.000000,103.000000,1,103.000000,103.000000,39.000000
train_0081,50.000000,28.000000,-22.000000,87.000000,50.000000,50.000000,59.000000,22.000000,22.000000,37.000000,0.000000,32.430701,15.865006,19.934642,-4.069636,16.565695,21.000000,163.000000,1,142.000000,142.000000,0.000000,131.000000,1,131.000000,131.000000,11.000000
train_0082,21.000000,20.000000,-1.000000,87.000000,21.000000,21.000000,67.000000,1.000000,1.000000,66.000000,0.000000,38.335841,10.612495,14.440013,-3.827518,27.723346,22.000000,163.000000,0,141.000000,161.000000,0.000000,102.000000,1,102.000000,102.000000,59.000000
train_0083,114.000000,118.000000,4.000000,86.000000,113.000000,114.000000,32.000000,5.000000,4.000000,27.000000,-1.000000,22.593307,14.387730,15.540272,-1.152542,8.205576,21.000000,163.000000,1,142.000000,142.000000,21.000000,195.000000,1,174.000000,174.000000,-32.000000
train_0084,4.000000,4.000000,0.000000,87.000000,3.000000,4.000000,83.000000,1.000000,0.000000,82.000000,-1.000000,53.091933,7.411648,14.524392,-7.112744,45.680285,22.000000,163.000000,0,141.000000,321.000000,0.000000,85.000000,1,85.000000,85.000000,236.000000
train_0085,48.000000,139.000000,91.000000,86.000000,47.000000,48.000000,53.000000,92.000000,91.000000,-39.000000,-1.000000,34.457637,61.932841,56.464543,5.468298,-27.475204,21.000000,163.000000,1,142.000000,142.000000,0.000000,124.000000,0,124.000000,274.000000,-132.000000
train_0086,42.000000,51.000000,9.000000,87.000000,41.000000,42.000000,36.000000,10.000000,9.000000,26.000000,-1.000000,20.782577,13.363362,13.028232,0.335130,7.419215,21.000000,163.000000,1,142.000000,142.000000,0.000000,123.000000,1,123.000000,123.000000,19.000000
train_0087,411.000000,227.000000,-184.000000,86.000000,411.000000,411.000000,141.000000,184.000000,184.000000,-43.000000,0.000000,109.629927,142.208324,100.461733,41.746591,-32.578397,21.000000,162.000000,0,141.000000,791.000000,318.000000,492.000000,0,174.000000,1084.000000,-293.000000
train_0088,90.000000,220.000000,130.000000,86.000000,89.000000,90.000000,134.000000,131.000000,130.000000,3.000000,-1.000000,103.008603,98.676411,108.004004,-9.327593,4.332192,21.000000,162.000000,0,141.000000,721.000000,0.000000,166.000000,0,166.000000,706.000000,15.000000
train_0089,110.000000,91.000000,-19.000000,86.000000,110.000000,110.000000,5.000000,19.000000,19.000000,-14.000000,0.000000,13.863970,16.396649,15.084968,1.311681,-2.532679,21.000000,163.000000,1,142.000000,142.000000,17.000000,191.000000,1,174.000000,174.000000,-32.000000
train_0090,196.000000,163.000000,-33.000000,86.000000,196.000000,196.000000,77.000000,33.000000,33.000000,44.000000,0.000000,51.997388,20.807846,16.776166,4.031680,31.189541,21.000000,162.000000,0,141.000000,151.000000,103.000000,277.000000,1,174.000000,174.000000,-23.000000
train_0091,47.000000,16.000000,-31.000000,87.000000,47.000000,47.000000,71.000000,31.000000,31.000000,40.000000,0.000000,41.808657,18.577857,25.511947,-6.934090,23.230800,22.000000,163.000000,0,141.000000,201.000000,0.000000,128.000000,1,128.000000,128.000000,73.000000
train_0092,33.000000,152.000000,119.000000,86.000000,32.000000,33.000000,66.000000,120.000000,119.000000,-54.000000,-1.000000,43.497770,86.341831,76.746938,9.594893,-42.844061,21.000000,163.000000,1,142.000000,142.000000,0.000000,109.000000,0,109.000000,539.000000,-397.000000
train_0093,26.000000,88.000000,62.000000,86.000000,25.000000,26.000000,2.000000,63.000000,62.000000,-61.000000,-1.000000,13.620738,37.568353,28.668336,8.900017,-23.947615,21.000000,163.000000,1,142.000000,142.000000,0.000000,107.000000,1,107.000000,107.000000,35.000000
train_0094,112.000000,30.000000,-82.000000,87.000000,112.000000,112.000000,57.000000,82.000000,82.000000,-25.000000,0.000000,31.146975,51.187874,46.630513,4.557361,-20.040899,21.000000,163.000000,1,142.000000,142.000000,19.000000,193.000000,1,174.000000,174.000000,-32.000000
train_0095,143.000000,123.000000,-20.000000,86.000000,143.000000,143.000000,37.000000,20.000000,20.000000,17.000000,0.000000,25.079681,16.694969,13.717002,2.977967,8.384712,21.000000,163.000000,1,142.000000,142.000000,50.000000,224.000000,1,174.000000,174.000000,-32.000000
train_0096,90.000000,95.000000,5.000000,86.000000,89.000000,90.000000,9.000000,6.000000,5.000000,3.000000,-1.000000,14.512590,14.274807,13.640984,0.633823,0.237782,21.000000,163.000000,1,142.000000,142.000000,0.000000,171.000000,1,171.000000,171.000000,-29.000000
train_0097,66.000000,40.000000,-26.000000,87.000000,66.000000,66.000000,47.000000,26.000000,26.000000,21.000000,0.000000,25.660736,17.585649,18.139948,-0.554299,8.075087,21.000000,163.000000,1,142.000000,142.000000,0.000000,147.000000,1,147.000000,147.000000,-5.000000
train_0098,270.000000,4.000000,-266.000000,87.000000,270.000000,270.000000,83.000000,266.000000,266.000000,-183.000000,0.000000,53.091933,221.563623,195.685847,25.877776,-168.471690,22.000000,163.000000,0,141.000000,321.000000,177.000000,351.000000,0,174.000000,1904.000000,-1583.000000
train_0099,126.000000,164.000000,38.000000,86.000000,125.000000,126.000000,78.000000,39.000000,38.000000,39.000000,-1.000000,52.821675,25.513130,30.516410,-5.003280,27.308545,21.000000,162.000000,0,141.000000,161.000000,33.000000,207.000000,1,174.000000,174.000000,-13.000000
train_0100,27.000000,5.000000,-22.000000,87.000000,27.000000,27.000000,82.000000,22.000000,22.000000,60.000000,0.000000,52.105491,14.146029,23.214097,-9.068068,37.959461,22.000000,163.000000,0,141.000000,311.000000,0.000000,108.000000,1,108.000000,108.000000,203.000000
train_0101,58.000000,74.000000,16.000000,87.000000,57.000000,58.000000,13.000000,17.000000,16.000000,-4.000000,-1.000000,14.390973,15.773839,14.902267,0.871572,-1.382866,21.000000,163.000000,1,142.000000,142.000000,0.000000,139.000000,1,139.000000,139.000000,3.000000
train_0102,113.000000,5.000000,-108.000000,87.000000,113.000000,113.000000,82.000000,108.000000,108.000000,-26.000000,0.000000,52.105491,72.313049,73.457356,-1.144307,-20.207558,22.000000,163.000000,0,141.000000,311.000000,20.000000,194.000000,0,174.000000,324.000000,-13.000000
train_0103,87.000000,122.000000,35.000000,86.000000,86.000000,87.000000,36.000000,36.000000,35.000000,0.000000,-1.000000,24.552678,23.733661,21.573991,2.159670,0.819017,21.000000,163.000000,1,142.000000,142.000000,0.000000,168.000000,1,168.000000,168.000000,-26.000000
train_0104,20.000000,162.000000,142.000000,86.000000,19.000000,20.000000,76.000000,143.000000,142.000000,-67.000000,-1.000000,51.186613,106.532453,99.621337,6.911116,-55.345840,21.000000,163.000000,1,142.000000,142.000000,0.000000,96.000000,0,96.000000,756.000000,-614.000000
train_0105,285.000000,196.000000,-89.000000,86.000000,285.000000,285.000000,110.000000,89.000000,89.000000,21.000000,0.000000,81.009594,56.787937,38.433919,18.354018,24.221657,21.000000,162.000000,0,141.000000,481.000000,192.000000,366.000000,1,174.000000,174.000000,307.000000
train_0106,21.000000,27.000000,6.000000,87.000000,20.000000,21.000000,60.000000,7.000000,6.000000,53.000000,-1.000000,33.106347,10.869240,11.949789,-1.080549,22.237106,21.000000,163.000000,1,142.000000,142.000000,0.000000,102.000000,1,102.000000,102.000000,40.000000
train_0107,32.000000,52.000000,20.000000,87.000000,31.000000,32.000000,35.000000,21.000000,20.000000,14.000000,-1.000000,20.377190,15.515788,12.830183,2.685605,4.861403,21.000000,163.000000,1,142.000000,142.000000,0.000000,113.000000,1,113.000000,113.000000,29.000000
train_0108,62.000000,86.000000,24.000000,87.000000,61.000000,62.000000,1.000000,25.000000,24.000000,-24.000000,-1.000000,13.607225,18.556191,17.208334,1.347857,-4.948966,21.000000,163.000000,1,142.000000,142.000000,0.000000,143.000000,1,143.000000,143.000000,-1.000000
train_0109,65.000000,73.000000,8.000000,87.000000,64.000000,65.000000,14.000000,9.000000,8.000000,5.000000,-1.000000,14.539615,14.167965,13.776914,0.391051,0.371650,21.000000,163.000000,1,142.000000,142.000000,0.000000,146.000000,1,146.000000,146.000000,-4.000000
train_0110,94.000000,77.000000,-17.000000,87.000000,94.000000,94.000000,10.000000,17.000000,17.000000,-7.000000,0.000000,14.039638,15.926265,14.849532,1.076733,-1.886627,21.000000,163.000000,1,142.000000,142.000000,1.000000,175.000000,1,174.000000,174.000000,-32.000000
train_0111,113.000000,90.000000,-23.000000,86.000000,113.000000,113.000000,4.000000,23.000000,23.000000,-19.000000,0.000000,13.755867,17.274988,16.074061,1.200927,-3.519121,21.000000,163.000000,1,142.000000,142.000000,20.000000,194.000000,1,174.000000,174.000000,-32.000000
train_0112,137.000000,281.000000,144.000000,86.000000,136.000000,137.000000,195.000000,145.000000,144.000000,50.000000,-1.000000,162.478897,112.392280,127.361037,-14.968757,50.086618,21.000000,162.000000,0,141.000000,1331.000000,44.000000,213.000000,0,169.000000,849.000000,482.000000
train_0113,94.000000,99.000000,5.000000,86.000000,93.000000,94.000000,13.000000,6.000000,5.000000,7.000000,-1.000000,15.458493,14.318229,13.619146,0.699083,1.140264,21.000000,163.000000,1,142.000000,142.000000,1.000000,175.000000,1,174.000000,174.000000,-32.000000
train_0114,206.000000,67.000000,-139.000000,87.000000,206.000000,206.000000,20.000000,139.000000,139.000000,-119.000000,0.000000,15.580109,100.189856,81.458005,18.731851,-84.609747,21.000000,163.000000,1,142.000000,142.000000,113.000000,287.000000,0,174.000000,634.000000,-492.000000
train_0115,79.000000,230.000000,151.000000,86.000000,78.000000,79.000000,144.000000,152.000000,151.000000,-8.000000,-1.000000,112.508175,118.874375,121.494507,-2.620132,-6.366200,21.000000,162.000000,0,141.000000,821.000000,0.000000,155.000000,0,155.000000,905.000000,-84.000000
train_0116,3.000000,77.000000,74.000000,87.000000,2.000000,3.000000,10.000000,75.000000,74.000000,-65.000000,-1.000000,14.039638,42.007342,33.419781,8.587561,-27.967704,21.000000,163.000000,1,142.000000,142.000000,0.000000,84.000000,1,84.000000,84.000000,58.000000
train_0117,50.000000,16.000000,-34.000000,87.000000,50.000000,50.000000,71.000000,34.000000,34.000000,37.000000,0.000000,41.808657,19.878339,23.495032,-3.616693,21.930318,22.000000,163.000000,0,141.000000,201.000000,0.000000,131.000000,1,131.000000,131.000000,70.000000
train_0118,123.000000,213.000000,90.000000,86.000000,122.000000,123.000000,127.000000,91.000000,90.000000,36.000000,-1.000000,96.481870,62.353408,75.424244,-13.070836,34.128463,21.000000,162.000000,0,141.000000,651.000000,30.000000,199.000000,0,169.000000,309.000000,342.000000
train_0119,101.000000,23.000000,-78.000000,87.000000,101.000000,101.000000,64.000000,78.000000,78.000000,-14.000000,0.000000,35.917031,48.132832,43.657248,4.475584,-12.215801,21.000000,163.000000,1,142.000000,142.000000,8.000000,182.000000,1,174.000000,174.000000,-32.000000
train_0120,86.000000,100.000000,14.000000,86.000000,85.000000,86.000000,14.000000,15.000000,14.000000,-1.000000,-1.000000,15.728751,15.868069,17.373378,-1.505309,-0.139318,21.000000,163.000000,1,142.000000,142.000000,0.000000,167.000000,1,167.000000,167.000000,-25.000000
train_0121,128.000000,123.000000,-5.000000,86.000000,128.000000,128.000000,37.000000,5.000000,5.000000,32.000000,0.000000,25.079681,14.546417,15.536487,-0.990070,10.533264,21.000000,163.000000,1,142.000000,142.000000,35.000000,209.000000,1,174.000000,174.000000,-32.000000
train_0122,40.000000,98.000000,58.000000,86.000000,39.000000,40.000000,12.000000,59.000000,58.000000,-47.000000,-1.000000,15.201748,36.083600,28.538951,7.544649,-20.881852,21.000000,163.000000,1,142.000000,142.000000,0.000000,121.000000,1,121.000000,121.000000,21.000000
train_0123,98.000000,170.000000,72.000000,86.000000,97.000000,98.000000,84.000000,73.000000,72.000000,11.000000,-1.000000,57.889014,47.527724,51.306932,-3.779208,10.361290,21.000000,162.000000,0,141.000000,221.000000,5.000000,179.000000,1,174.000000,174.000000,47.000000
train_0124,12.000000,141.000000,129.000000,86.000000,11.000000,12.000000,55.000000,130.000000,129.000000,-75.000000,-1.000000,35.754876,92.648619,82.143593,10.505026,-56.893744,21.000000,163.000000,1,142.000000,142.000000,0.000000,88.000000,0,88.000000,618.000000,-476.000000
train_0125,26.000000,70.000000,44.000000,87.000000,25.000000,26.000000,17.000000,45.000000,44.000000,-28.000000,-1.000000,15.026080,25.866177,19.387340,6.478837,-10.840097,21.000000,163.000000,1,142.000000,142.000000,0.000000,107.000000,1,107.000000,107.000000,35.000000
train_0126,48.000000,17.000000,-31.000000,87.000000,48.000000,48.000000,70.000000,31.000000,31.000000,39.000000,0.000000,40.930318,18.623981,25.541728,-6.917747,22.306338,22.000000,163.000000,0,141.000000,191.000000,0.000000,129.000000,1,129.000000,129.000000,62.000000
train_0127,26.000000,38.000000,12.000000,87.000000,25.000000,26.000000,49.000000,13.000000,12.000000,36.000000,-1.000000,26.620152,12.610018,11.169496,1.440522,14.010135,21.000000,163.000000,1,142.000000,142.000000,0.000000,107.000000,1,107.000000,107.000000,35.000000
train_0128,123.000000,24.000000,-99.000000,87.000000,123.000000,123.000000,63.000000,99.000000,99.000000,-36.000000,0.000000,35.187334,64.758705,57.137495,7.621210,-29.571371,21.000000,163.000000,1,142.000000,142.000000,30.000000,204.000000,0,174.000000,234.000000,-92.000000
train_0129,56.000000,29.000000,-27.000000,87.000000,56.000000,56.000000,58.000000,27.000000,27.000000,31.000000,0.000000,31.782082,17.595018,21.275014,-3.679996,14.187064,21.000000,163.000000,1,142.000000,142.000000,0.000000,137.000000,1,137.000000,137.000000,5.000000
train_0130,40.000000,78.000000,38.000000,87.000000,39.000000,40.000000,9.000000,39.000000,38.000000,-30.000000,-1.000000,13.972073,23.732805,18.983799,4.749006,-9.760731,21.000000,163.000000,1,142.000000,142.000000,0.000000,121.000000,1,121.000000,121.000000,21.000000
train_0131,187.000000,94.000000,-93.000000,86.000000,187.000000,187.000000,8.000000,93.000000,93.000000,-85.000000,0.000000,14.323409,59.934733,46.397081,13.537652,-45.611324,21.000000,163.000000,1,142.000000,142.000000,94.000000,268.000000,1,174.000000,174.000000,-32.000000
train_0132,71.000000,36.000000,-35.000000,87.000000,71.000000,71.000000,51.000000,35.000000,35.000000,16.000000,0.000000,27.660646,20.991982,20.827526,0.164456,6.668664,21.000000,163.000000,1,142.000000,142.000000,0.000000,152.000000,1,152.000000,152.000000,-10.000000
train_0133,76.000000,94.000000,18.000000,86.000000,75.000000,76.000000,8.000000,19.000000,18.000000,-11.000000,-1.000000,14.323409,16.821224,16.936162,-0.114938,-2.497815,21.000000,163.000000,1,142.000000,142.000000,0.000000,157.000000,1,157.000000,157.000000,-15.000000
train_0134,131.000000,96.000000,-35.000000,86.000000,131.000000,131.000000,10.000000,35.000000,35.000000,-25.000000,0.000000,14.715283,21.554750,16.828762,4.725988,-6.839467,21.000000,163.000000,1,142.000000,142.000000,38.000000,212.000000,1,174.000000,174.000000,-32.000000
train_0135,53.000000,125.000000,72.000000,86.000000,52.000000,53.000000,39.000000,73.000000,72.000000,-34.000000,-1.000000,26.187739,46.588172,48.815899,-2.227727,-20.400432,21.000000,163.000000,1,142.000000,142.000000,0.000000,134.000000,1,134.000000,134.000000,8.000000
train_0136,84.000000,22.000000,-62.000000,87.000000,84.000000,84.000000,65.000000,62.000000,62.000000,3.000000,0.000000,36.687266,36.540651,34.988748,1.551903,0.146615,21.000000,163.000000,1,142.000000,142.000000,0.000000,165.000000,1,165.000000,165.000000,-23.000000
train_0137,137.000000,91.000000,-46.000000,86.000000,137.000000,137.000000,5.000000,46.000000,46.000000,-41.000000,0.000000,13.863970,27.071799,22.917999,4.153800,-13.207828,21.000000,163.000000,1,142.000000,142.000000,44.000000,218.000000,1,174.000000,174.000000,-32.000000
train_0138,23.000000,64.000000,41.000000,87.000000,22.000000,23.000000,23.000000,42.000000,41.000000,-19.000000,-1.000000,16.323319,23.739381,17.147493,6.591888,-7.416062,21.000000,163.000000,1,142.000000,142.000000,0.000000,104.000000,1,104.000000,104.000000,38.000000
train_0139,78.000000,106.000000,28.000000,86.000000,77.000000,78.000000,20.000000,29.000000,28.000000,-9.000000,-1.000000,17.566506,20.495924,19.955734,0.540190,-2.929418,21.000000,163.000000,1,142.000000,142.000000,0.000000,159.000000,1,159.000000,159.000000,-17.000000
train_0140,12.000000,39.000000,27.000000,87.000000,11.000000,12.000000,48.000000,28.000000,27.000000,20.000000,-1.000000,26.133688,15.179136,11.492661,3.686475,10.954552,21.000000,163.000000,1,142.000000,142.000000,0.000000,93.000000,1,93.000000,93.000000,49.000000
train_0141,105.000000,36.000000,-69.000000,87.000000,105.000000,105.000000,51.000000,69.000000,69.000000,-18.000000,0.000000,27.660646,41.594883,37.359456,4.235427,-13.934237,21.000000,163.000000,1,142.000000,142.000000,12.000000,186.000000,1,174.000000,174.000000,-32.000000
train_0142,109.000000,108.000000,-1.000000,86.000000,109.000000,109.000000,22.000000,1.000000,1.000000,21.000000,0.000000,18.242151,14.269673,14.561737,-0.292064,3.972479,21.000000,163.000000,1,142.000000,142.000000,16.000000,190.000000,1,174.000000,174.000000,-32.000000
train_0143,129.000000,84.000000,-45.000000,87.000000,129.000000,129.000000,3.000000,45.000000,45.000000,-42.000000,0.000000,13.647764,26.521733,19.694223,6.827510,-12.873970,21.000000,163.000000,1,142.000000,142.000000,36.000000,210.000000,1,174.000000,174.000000,-32.000000
train_0144,246.000000,25.000000,-221.000000,87.000000,246.000000,246.000000,62.000000,221.000000,221.000000,-159.000000,0.000000,34.484663,177.693798,151.078282,26.615516,-143.209135,21.000000,163.000000,1,142.000000,142.000000,153.000000,327.000000,0,174.000000,1454.000000,-1312.000000
train_0145,114.000000,122.000000,8.000000,86.000000,113.000000,114.000000,36.000000,9.000000,8.000000,27.000000,-1.000000,24.552678,14.806630,16.152318,-1.345688,9.746047,21.000000,163.000000,1,142.000000,142.000000,21.000000,195.000000,1,174.000000,174.000000,-32.000000
train_0146,112.000000,8.000000,-104.000000,87.000000,112.000000,112.000000,79.000000,104.000000,104.000000,-25.000000,0.000000,49.254268,68.903293,70.601593,-1.698300,-19.649025,22.000000,163.000000,0,141.000000,281.000000,19.000000,193.000000,0,174.000000,284.000000,-3.000000
train_0147,284.000000,137.000000,-147.000000,86.000000,284.000000,284.000000,51.000000,147.000000,147.000000,-96.000000,0.000000,33.214450,107.569389,72.898350,34.671039,-74.354939,21.000000,163.000000,1,142.000000,142.000000,191.000000,365.000000,0,174.000000,714.000000,-572.000000
train_0148,66.000000,101.000000,35.000000,86.000000,65.000000,66.000000,15.000000,36.000000,35.000000,-21.000000,-1.000000,16.012522,23.342147,22.242994,1.099153,-7.329625,21.000000,163.000000,1,142.000000,142.000000,0.000000,147.000000,1,147.000000,147.000000,-5.000000
train_0149,61.000000,22.000000,-39.000000,87.000000,61.000000,61.000000,65.000000,39.000000,39.000000,26.000000,0.000000,36.687266,22.685329,25.563640,-2.878311,14.001937,21.000000,163.000000,1,142.000000,142.000000,0.000000,142.000000,1,142.000000,142.000000,0.000000
train_0150,169.000000,175.000000,6.000000,86.000000,168.000000,169.000000,89.000000,7.000000,6.000000,82.000000,-1.000000,62.280708,14.685510,19.233629,-4.548119,47.595198,21.000000,162.000000,0,141.000000,271.000000,76.000000,250.000000,1,174.000000,174.000000,97.000000
