id,source_unique_tokens,source_word_count,source_line_count,mean_source_form_neighbor_similarity,mean_text_only_neighbor_cosine_similarity,add_count_observed,add_count_marginal_crps,add_count_source_form_only_crps,add_count_text_only_crps,delete_count_observed,delete_count_marginal_crps,delete_count_source_form_only_crps,delete_count_text_only_crps,word_count_observed,word_count_marginal_crps,word_count_source_form_only_crps,word_count_text_only_crps,line_count_observed,line_count_marginal_crps,line_count_source_form_only_crps,line_count_text_only_crps,source_similarity_observed,source_similarity_marginal_crps,source_similarity_source_form_only_crps,source_similarity_text_only_crps
train_0001,57,92,21,0.682926,0.181077,17.000000,10.233458,11.552326,10.527935,51.000000,4.769315,4.474825,4.481855,62.000000,19.378722,17.635670,15.989701,16.000000,4.017026,3.347029,4.190930,0.233766,0.042370,0.045411,0.040565
train_0002,44,101,1,0.684625,0.201339,21.000000,7.868700,7.696348,6.637610,30.000000,2.108790,2.153549,1.428809,58.000000,25.363587,26.082479,24.288620,21.000000,14.378677,12.328824,14.267144,0.264151,0.053792,0.049662,0.042695
train_0003,32,33,2,0.595538,0.085966,18.000000,9.557813,8.567739,8.545891,27.000000,1.718248,1.883963,1.454118,37.000000,12.142471,12.986037,12.183134,1.000000,1.086483,2.038458,1.090623,0.114286,0.044042,0.036897,0.030998
train_0004,33,46,1,0.676789,0.162327,27.000000,6.098509,5.205222,5.319973,25.000000,1.066031,1.019825,1.118374,89.000000,26.906806,23.428527,30.629470,20.000000,13.432773,11.916501,12.995511,0.133333,0.037797,0.032638,0.045393
train_0005,27,28,1,0.643692,0.128577,33.000000,6.017432,5.169007,5.030846,21.000000,0.906432,0.941832,0.793811,114.000000,56.108103,45.181603,54.305999,20.000000,13.432773,11.798507,13.589490,0.084507,0.056921,0.040619,0.047618
train_0006,56,132,1,0.659935,0.144911,43.000000,8.044367,8.008679,8.620725,46.000000,2.479465,2.670433,3.070490,112.000000,16.665961,15.171762,17.476858,1.000000,0.541462,1.111803,0.526507,0.418033,0.159605,0.149099,0.115411
train_0007,84,152,1,0.719226,0.197022,55.000000,13.165758,10.670851,11.261854,60.000000,3.159215,3.459901,3.220682,142.000000,15.103869,13.905971,16.261064,1.000000,0.541462,0.739515,0.668026,0.265306,0.054323,0.044095,0.050641
train_0008,31,53,1,0.678947,0.158548,22.000000,7.436287,6.280393,5.281815,24.000000,1.028012,1.026522,1.109572,30.000000,16.238187,19.153791,14.496911,21.000000,14.378677,12.417019,14.539884,0.072289,0.064058,0.060194,0.095484
train_0009,201,378,21,0.359400,0.227362,24.000000,6.747129,8.674147,8.156797,161.000000,7.651789,6.342286,5.840923,118.000000,215.649836,169.756682,181.468464,22.000000,1.598216,2.489535,1.857823,0.237903,0.043530,0.044627,0.041713
train_0010,26,75,20,0.563724,0.187998,15.000000,11.692852,10.540235,9.247988,18.000000,1.145902,0.974071,0.799577,23.000000,30.057520,33.941105,33.248458,1.000000,14.300347,11.336444,14.968882,0.081633,0.058397,0.079067,0.085971
train_0011,20,20,1,0.599896,0.079351,43.000000,8.044367,8.352726,9.263161,17.000000,1.134713,1.109514,1.021770,56.000000,20.603892,14.988963,19.107202,1.000000,0.541462,0.972801,0.396354,0.078947,0.059861,0.040140,0.054345
train_0012,45,58,1,0.683055,0.109464,26.000000,6.233638,6.432153,6.097823,34.000000,1.453181,1.412843,1.571835,65.000000,13.814468,13.254167,16.142573,11.000000,6.851989,5.432526,7.470738,0.162602,0.032910,0.029850,0.035148
train_0013,45,92,20,0.662058,0.181116,26.000000,6.233638,6.241178,5.193696,35.000000,1.510720,1.560530,1.882603,68.000000,17.419350,15.619544,15.272595,20.000000,1.030674,1.665085,1.323602,0.125000,0.040152,0.050690,0.066519
train_0014,28,79,19,0.582631,0.180540,22.000000,7.436287,6.547648,6.769606,17.000000,2.582457,2.153156,2.227629,101.000000,18.203234,17.020937,17.539445,1.000000,13.515517,10.577063,13.427174,0.544444,0.276141,0.240667,0.200426
train_0015,22,60,1,0.583879,0.136557,81.000000,30.935228,34.759013,32.396564,18.000000,0.948980,1.108149,1.140296,135.000000,49.097248,43.117490,46.225155,20.000000,13.432773,11.562960,15.281697,0.266667,0.054967,0.057103,0.047376
train_0016,18,18,1,0.550634,0.120706,32.000000,5.963380,5.056249,6.383108,15.000000,0.878313,0.866696,1.199899,51.000000,18.857799,13.879068,15.418214,20.000000,13.432773,12.252726,13.265736,0.086957,0.055726,0.037571,0.079591
train_0017,47,68,1,0.717018,0.151278,20.000000,8.395703,8.231520,9.032117,45.000000,6.310772,6.593243,5.816821,22.000000,26.430206,29.688462,17.227366,18.000000,11.919328,9.395444,13.220737,0.044444,0.084838,0.087309,0.086214
train_0018,69,106,1,0.730970,0.172400,119.000000,66.352552,63.373371,64.579805,35.000000,12.505004,13.494024,14.173013,271.000000,133.178325,137.326495,154.290375,1.000000,0.541462,0.730391,0.406203,0.185676,0.032634,0.028789,0.027630
train_0019,35,61,1,0.688737,0.182166,11.000000,14.976488,13.882297,14.568352,32.000000,3.426111,4.029684,4.192142,15.000000,26.239223,30.652213,26.475827,11.000000,6.851989,5.727953,7.350534,0.052632,0.078403,0.084365,0.106089
train_0020,78,100,20,0.648178,0.137381,49.000000,10.273997,10.230865,9.486939,67.000000,4.781158,4.164075,4.904133,77.000000,17.194180,15.437770,17.355175,20.000000,1.030674,1.813244,1.106598,0.124294,0.040372,0.045540,0.041656
train_0021,38,70,1,0.704183,0.186208,33.000000,6.017432,6.285158,6.218475,22.000000,4.370849,4.294064,4.197365,66.000000,13.904869,13.837353,11.707775,1.000000,0.541462,1.412784,0.938883,0.176471,0.032515,0.029672,0.040946
train_0022,73,146,20,0.651060,0.190229,53.000000,12.138778,12.351683,10.976671,46.000000,5.523333,6.952507,6.735119,167.000000,18.296113,23.531016,29.194892,1.000000,14.300347,9.913043,13.191647,0.408946,0.151791,0.135189,0.143961
train_0023,150,318,20,0.421993,0.232324,106.000000,53.690960,52.310075,50.774346,104.000000,6.561081,8.266112,8.578219,265.000000,31.290572,23.978653,21.419709,1.000000,14.300347,10.569618,13.304031,0.171527,0.032582,0.035388,0.033083
train_0024,30,87,19,0.589675,0.175538,15.000000,11.692852,10.975446,8.031175,23.000000,0.978093,1.092986,1.192441,23.000000,37.922211,40.921465,39.620579,2.000000,12.758795,9.486624,13.281292,0.145455,0.034979,0.047451,0.051186
train_0025,36,62,20,0.607644,0.108971,70.000000,22.516688,25.168048,21.142079,22.000000,3.212199,2.848791,2.671142,132.000000,45.473898,44.894054,41.780334,19.000000,1.503626,1.631797,1.516755,0.164948,0.032783,0.040645,0.032707
train_0026,19,20,1,0.589307,0.081951,26.000000,6.233638,5.420879,5.361675,15.000000,0.674941,0.701250,0.618734,31.000000,11.550245,11.436667,12.420350,1.000000,0.541462,0.986730,0.459664,0.078431,0.060161,0.040221,0.040315
train_0027,72,117,1,0.727440,0.169500,32.000000,5.963380,6.753482,5.658274,47.000000,4.446986,4.897402,4.861873,111.000000,14.590424,13.285081,17.560505,1.000000,0.541462,0.720778,0.368024,0.324561,0.087117,0.077372,0.076519
train_0028,18,19,1,0.564379,0.091875,37.000000,6.544435,5.949508,6.500511,16.000000,1.434979,1.440796,1.463611,62.000000,24.260439,17.439590,21.921384,1.000000,0.541462,1.012247,0.750940,0.024691,0.101690,0.080618,0.096488
train_0029,22,22,14,0.482277,0.081625,22.000000,7.436287,6.039877,6.262680,18.000000,0.948980,1.193343,1.128527,54.000000,19.066213,13.832111,21.265944,13.000000,1.400703,1.387140,1.287916,0.078947,0.059861,0.050030,0.069973
train_0030,24,29,20,0.518394,0.084834,35.000000,6.233638,6.638761,6.690752,20.000000,1.171084,1.509895,1.606437,84.000000,33.154182,25.914840,29.723116,19.000000,1.503626,1.649255,1.233802,0.123894,0.040501,0.038072,0.047074
train_0031,126,217,20,0.491963,0.211621,28.000000,6.017432,7.399883,5.967520,102.000000,5.099739,4.647839,3.875646,93.000000,86.617315,65.556066,57.239207,19.000000,1.503626,2.253619,1.370842,0.200000,0.034565,0.036182,0.030623
train_0032,96,136,1,0.701987,0.191812,46.000000,9.111887,7.607743,8.414243,77.000000,3.682822,3.330824,3.060136,85.000000,29.960677,22.061780,21.526964,1.000000,0.541462,0.709788,0.625198,0.126697,0.039648,0.044910,0.039409
train_0033,27,28,20,0.517091,0.079444,6.000000,19.435746,18.040283,19.127495,14.000000,4.602495,4.201316,3.880204,20.000000,11.988469,16.511941,13.482033,14.000000,4.719697,3.848213,5.393912,0.375000,0.124041,0.134660,0.105664
train_0034,57,83,1,0.745452,0.160937,44.000000,8.382190,8.763966,9.059156,38.000000,3.115789,3.146601,3.411297,110.000000,20.161930,20.833835,26.759437,1.000000,0.541462,1.213937,0.817485,0.259067,0.051554,0.047919,0.049256
train_0035,93,154,1,0.706797,0.175112,35.000000,6.233638,6.287093,7.399818,66.000000,3.607736,4.085624,3.785010,107.000000,27.674114,20.331208,23.691228,1.000000,0.541462,0.724710,0.358858,0.298851,0.071374,0.062890,0.068187
train_0036,54,78,1,0.737573,0.157120,70.000000,22.516688,23.519202,20.951411,36.000000,2.951800,2.944218,3.188671,159.000000,54.359263,54.544159,59.541093,1.000000,0.541462,1.232888,0.554057,0.202532,0.035010,0.031257,0.029971
train_0037,38,84,20,0.638585,0.182166,19.000000,8.949732,8.119536,7.025533,36.000000,4.765865,5.356419,5.646449,21.000000,37.202784,38.636746,39.889338,20.000000,1.030674,1.711862,1.097148,0.019048,0.107008,0.129405,0.136805
train_0038,84,93,20,0.605408,0.113598,76.000000,27.016486,26.588530,25.880494,63.000000,2.722249,2.849024,2.589436,108.000000,16.214720,19.386131,21.582201,20.000000,1.030674,1.785121,1.077467,0.119403,0.042091,0.046778,0.041152
train_0039,58,126,21,0.686253,0.198784,55.000000,13.165758,13.098293,14.576101,38.000000,3.509100,4.116097,2.686241,151.000000,19.702581,22.911775,18.887139,19.000000,2.084681,2.186068,2.290632,0.353791,0.107803,0.088795,0.082689
train_0040,35,80,20,0.629099,0.179433,80.000000,30.124454,32.837215,33.205977,20.000000,4.253368,4.037764,3.714321,156.000000,50.341426,52.494564,54.663710,20.000000,1.030674,1.754517,1.448432,0.245763,0.046172,0.046729,0.042522
train_0041,45,90,1,0.719039,0.197731,15.000000,11.692852,10.794149,8.970112,28.000000,3.647124,3.892505,2.728107,89.000000,14.112653,13.035703,11.465650,20.000000,13.432773,11.216978,13.444322,0.469274,0.205413,0.208471,0.164579
train_0042,58,87,1,0.747425,0.173084,9.000000,16.706139,16.909237,21.021633,48.000000,2.699496,2.897473,2.313738,21.000000,39.300527,41.091031,28.248582,1.000000,0.541462,1.084459,0.619187,0.148148,0.034536,0.036467,0.037593
train_0043,58,101,20,0.701034,0.130765,25.000000,6.463358,7.260306,6.853569,43.000000,1.922387,2.010696,1.913738,66.000000,21.417819,19.126746,18.935976,20.000000,1.030674,1.619261,0.991934,0.323353,0.086317,0.077660,0.095638
train_0044,44,99,20,0.654235,0.178423,16.000000,10.949642,10.809317,8.617389,25.000000,5.476429,5.621349,4.182602,66.000000,20.551281,18.404564,21.170422,20.000000,1.030674,1.757170,1.048207,0.363636,0.115194,0.098271,0.095591
train_0045,52,89,20,0.673785,0.154528,72.000000,23.989595,23.777706,20.200401,36.000000,2.291805,2.491433,1.994812,144.000000,35.627179,40.936003,37.134089,1.000000,14.300347,10.351517,14.438974,0.145923,0.034890,0.043596,0.036128
train_0046,31,41,22,0.548923,0.140321,27.000000,6.098509,5.344552,5.060221,22.000000,1.202579,1.060761,1.094820,88.000000,29.067880,23.557362,26.922757,20.000000,2.084681,1.999369,2.193544,0.248062,0.047065,0.050519,0.053033
train_0047,38,95,1,0.652248,0.173466,16.000000,10.949642,9.940473,8.318825,22.000000,4.370849,4.390606,3.520639,96.000000,14.178415,12.644993,12.712619,22.000000,15.365119,12.526992,15.384534,0.617801,0.348027,0.341283,0.302297
train_0048,62,159,22,0.617794,0.192672,23.000000,7.071438,7.420964,9.046051,48.000000,2.056024,1.985641,1.802244,91.000000,41.046484,34.402899,33.713200,21.000000,1.503626,1.954114,1.748458,0.368000,0.118555,0.101674,0.105501
train_0049,60,87,1,0.741118,0.183002,18.000000,9.557813,9.658830,12.880489,54.000000,5.237961,5.142943,5.872717,64.000000,17.058286,16.136487,14.924418,20.000000,13.432773,12.272471,13.020373,0.185430,0.032621,0.030632,0.028257
train_0050,67,125,20,0.700407,0.236280,41.000000,7.463312,7.911973,8.609763,52.000000,2.235781,2.221270,2.124487,110.000000,15.780956,14.913682,15.846711,1.000000,14.300347,10.177870,11.941197,0.391489,0.137378,0.120727,0.106438
train_0051,25,25,1,0.633222,0.137829,68.000000,21.111346,24.513663,22.444375,18.000000,0.906376,0.950411,0.746076,139.000000,80.863520,70.357758,73.660582,2.000000,1.109004,1.513687,1.240286,0.060976,0.072088,0.052524,0.068469
train_0052,221,441,1,0.354459,0.231646,28.000000,6.017432,7.937425,7.339706,215.000000,32.802233,31.040888,31.162382,38.000000,358.563443,310.056781,328.286796,1.000000,0.541462,0.467868,0.299579,0.020877,0.105253,0.115540,0.112666
train_0053,28,39,1,0.672964,0.158830,29.000000,5.976893,5.145470,6.504728,19.000000,1.380579,1.272205,1.269782,55.000000,14.830323,13.083003,14.597009,1.000000,0.541462,1.208386,0.852974,0.212766,0.037152,0.037875,0.036575
train_0054,71,133,20,0.682960,0.219305,7.000000,18.516869,19.820959,21.155117,66.000000,7.829299,6.739009,7.674344,16.000000,80.260574,73.167643,69.113888,1.000000,14.300347,10.076926,11.211909,0.093960,0.052518,0.062664,0.075433
train_0055,20,20,1,0.599896,0.124972,24.000000,6.747129,6.040983,5.848416,20.000000,3.494527,3.643838,3.480847,24.000000,10.550291,12.736298,13.103984,1.000000,0.541462,0.972801,0.518019,0.000000,0.125540,0.105105,0.106662
train_0056,21,21,1,0.611909,0.113729,56.000000,13.706274,15.994818,15.986984,18.000000,1.266446,1.258531,1.372558,109.000000,56.907707,47.292456,48.614703,1.000000,0.541462,1.026723,0.465921,0.046154,0.083475,0.065078,0.066734
train_0057,61,87,7,0.499220,0.190066,6.000000,19.435746,21.141419,20.978222,61.000000,10.658307,10.069694,10.293905,6.000000,50.218954,46.676297,35.277680,5.000000,1.838656,1.238999,1.657463,0.000000,0.125540,0.136650,0.143572
train_0058,85,131,1,0.736317,0.201924,49.000000,10.273997,8.690392,9.720967,54.000000,6.143280,7.175564,7.372939,121.000000,15.055043,13.918145,18.171884,1.000000,0.541462,0.736706,0.472678,0.238095,0.043587,0.036135,0.040283
train_0059,25,45,20,0.545116,0.121319,27.000000,6.098509,5.252416,6.114694,17.000000,1.217217,0.967357,0.716849,87.000000,26.267375,21.076205,25.118889,20.000000,1.030674,1.572689,1.632222,0.242424,0.044976,0.048306,0.038625
train_0060,120,223,20,0.495975,0.216918,25.000000,6.463358,7.888987,7.072603,100.000000,5.855422,5.275681,5.070394,49.000000,132.727039,108.354231,101.109201,1.000000,14.300347,9.699549,14.420771,0.080882,0.058792,0.066466,0.065643
train_0061,103,199,1,0.619964,0.219066,47.000000,9.490248,7.752834,9.861222,82.000000,3.797710,3.322917,3.186075,89.000000,74.213008,58.040066,50.886546,1.000000,0.541462,0.617687,0.436524,0.166667,0.032713,0.032982,0.029375
train_0062,85,123,1,0.725839,0.201553,24.000000,6.747129,9.024100,8.788183,79.000000,9.361305,8.960463,9.182987,30.000000,59.812981,51.614194,44.348641,1.000000,0.541462,0.731424,0.599841,0.052288,0.078668,0.095800,0.088427
train_0063,27,74,1,0.608952,0.209607,13.000000,13.287374,10.992749,10.860098,21.000000,0.906432,1.000909,1.023992,40.000000,20.605648,21.134222,18.493978,1.000000,0.541462,1.442857,0.731369,0.438596,0.177667,0.171950,0.126702
train_0064,46,84,1,0.730936,0.208279,18.000000,9.557813,8.726705,9.056195,38.000000,2.114885,2.117019,2.146281,28.000000,32.689473,33.097720,27.676687,1.000000,0.541462,1.261041,0.289496,0.089286,0.054624,0.060556,0.078266
train_0065,71,105,1,0.726751,0.169831,63.000000,17.814198,15.830357,18.828408,47.000000,4.047730,4.343347,5.033369,144.000000,25.960452,30.468119,37.631773,13.000000,8.270844,8.139317,8.859718,0.257028,0.050700,0.042206,0.053689
train_0066,19,32,1,0.602283,0.188086,38.000000,6.733616,6.512081,7.727517,9.000000,4.063825,4.059914,3.827985,89.000000,34.798703,26.211501,35.597801,20.000000,13.432773,11.652781,13.908915,0.297521,0.070619,0.089860,0.063458
train_0067,37,45,1,0.657622,0.161692,51.000000,11.179361,13.332741,9.660157,22.000000,3.776415,3.952056,4.231613,128.000000,54.955272,49.386947,71.327153,1.000000,0.541462,1.085852,0.261229,0.138728,0.036411,0.030386,0.045062
train_0068,32,77,20,0.613791,0.199457,22.000000,7.436287,6.423042,6.111543,20.000000,2.532252,2.236053,1.946316,74.000000,13.989865,14.273291,11.734488,1.000000,14.300347,10.588031,14.308202,0.543046,0.274800,0.243498,0.220268
train_0069,41,69,1,0.715925,0.149385,82.000000,31.786541,33.431539,31.309515,28.000000,1.947196,1.830308,1.347015,162.000000,64.436782,62.575511,66.183196,1.000000,0.541462,1.417538,0.528376,0.147186,0.034679,0.032682,0.049502
train_0070,58,98,1,0.742223,0.196914,42.000000,7.747083,8.152518,7.595178,36.000000,4.763197,5.020487,4.951324,107.000000,14.867033,15.598964,19.701294,20.000000,13.432773,11.660791,12.543273,0.351220,0.105927,0.099668,0.093137
train_0071,85,139,1,0.735142,0.172559,59.000000,15.381875,12.589528,13.970844,62.000000,2.941057,3.178655,2.968579,149.000000,15.253772,19.551115,22.204743,1.000000,0.541462,0.733262,0.393503,0.243056,0.045189,0.036324,0.037292
train_0072,44,69,1,0.720473,0.160028,21.000000,7.868700,7.777579,7.598052,38.000000,2.811386,3.108554,3.179557,35.000000,20.506329,22.849070,17.894622,1.000000,0.541462,1.575822,0.642858,0.115385,0.043611,0.043122,0.052619
train_0073,36,72,1,0.687803,0.164571,80.000000,30.124454,32.546144,33.809774,21.000000,4.008520,3.727475,3.400291,148.000000,50.186208,48.757288,51.127683,1.000000,0.541462,1.285918,0.890683,0.200000,0.034565,0.033068,0.041854
train_0074,109,171,20,0.527702,0.218857,92.000000,40.651007,38.081061,36.969206,65.000000,10.971724,13.362702,13.528977,207.000000,24.580199,35.853825,39.072364,20.000000,1.030674,2.145416,1.079967,0.243386,0.045305,0.045264,0.042328
train_0075,88,157,1,0.712126,0.167032,38.000000,6.733616,6.298288,6.577679,80.000000,8.263816,7.648631,7.075275,68.000000,56.704698,45.473943,44.377347,1.000000,0.541462,0.735720,0.381009,0.160000,0.033091,0.034611,0.033683
train_0076,31,34,1,0.649612,0.098809,37.000000,6.544435,6.249509,7.615824,27.000000,2.116880,2.260258,2.887753,53.000000,15.382190,12.641214,14.691915,1.000000,0.541462,1.201375,0.618826,0.068966,0.066338,0.053616,0.080711
train_0077,84,179,1,0.666485,0.189190,64.000000,18.462817,15.595687,18.103808,61.000000,2.949380,3.199383,2.837279,170.000000,15.023557,14.842385,15.325361,20.000000,13.432773,13.444635,14.463796,0.332378,0.092466,0.082696,0.080283
train_0078,98,135,1,0.691865,0.171256,39.000000,6.949822,6.328689,6.689081,85.000000,6.476303,5.728283,6.023161,76.000000,34.930544,26.162349,26.988692,1.000000,0.541462,0.707976,0.768498,0.104265,0.048104,0.056738,0.049757
train_0079,25,27,1,0.645065,0.147483,21.000000,7.868700,6.986626,7.797726,15.000000,2.443307,2.449755,2.243683,36.000000,12.078555,12.056969,12.897734,1.000000,0.541462,1.109470,0.659261,0.222222,0.039406,0.047434,0.034017
train_0080,21,22,20,0.489305,0.097451,32.000000,5.963380,5.893465,5.976499,12.000000,2.552021,2.267565,2.459332,96.000000,45.592045,36.557007,34.485569,21.000000,1.598216,2.034948,1.476276,0.084746,0.056801,0.048236,0.048203
train_0081,28,50,20,0.568241,0.100529,18.000000,9.557813,7.885039,8.006381,18.000000,1.889176,1.453814,1.395302,28.000000,15.865006,19.934642,15.186344,1.000000,14.300347,11.478555,14.946771,0.153846,0.033766,0.036571,0.053987
train_0082,20,21,20,0.478150,0.097309,13.000000,13.287374,11.652025,12.566659,13.000000,1.266403,1.080712,1.476668,20.000000,10.612495,14.440013,13.446970,1.000000,14.300347,12.549378,16.446505,0.146341,0.034816,0.032028,0.033108
train_0083,58,114,20,0.703208,0.185140,50.000000,10.719923,10.639592,9.855656,42.000000,2.057390,2.237327,1.849836,118.000000,14.387730,15.540272,14.108349,20.000000,1.030674,1.760357,1.404417,0.318966,0.083502,0.072485,0.055761
train_0084,4,4,1,0.244393,0.228101,1.000000,24.300392,24.213035,21.441118,1.000000,1.747800,1.704842,1.641116,4.000000,7.411648,14.524392,7.451294,1.000000,0.541462,0.673005,0.570108,0.750000,0.480220,0.535093,0.416675
train_0085,36,48,1,0.672263,0.131802,83.000000,32.651367,36.062291,40.831695,27.000000,1.166678,1.101459,1.284461,139.000000,61.932841,56.464543,75.402021,1.000000,0.541462,1.092109,0.259603,0.160428,0.033057,0.028977,0.041939
train_0086,28,42,1,0.675826,0.152357,21.000000,7.868700,7.163008,8.201989,12.000000,7.234827,7.060528,6.710277,51.000000,13.363362,13.028232,13.059160,1.000000,0.541462,1.212184,0.609745,0.473118,0.208945,0.231456,0.190285
train_0087,201,411,1,0.372211,0.224494,71.000000,23.246385,20.411728,20.029792,160.000000,7.406868,6.106178,6.363990,227.000000,142.208324,100.461733,111.459207,1.000000,0.541462,0.471717,0.341244,0.206897,0.035883,0.032201,0.030107
train_0088,50,90,20,0.672484,0.196930,113.000000,60.433899,61.319214,62.053517,31.000000,4.131072,4.490972,3.699464,220.000000,98.676411,108.004004,105.549905,1.000000,14.300347,10.396315,15.618612,0.187097,0.032730,0.039612,0.035656
train_0089,63,110,20,0.711894,0.221074,22.000000,7.436287,8.361811,8.346421,56.000000,5.022427,4.404462,4.288702,91.000000,16.396649,15.084968,18.246729,19.000000,1.503626,1.832234,1.757729,0.358209,0.111087,0.096945,0.106250
train_0090,115,196,1,0.592507,0.185173,85.000000,34.408045,32.239531,30.385260,94.000000,4.931096,4.118934,4.027296,163.000000,20.807846,16.776166,18.296231,1.000000,0.541462,0.599882,0.397612,0.139276,0.036279,0.039062,0.037066
train_0091,25,47,1,0.652110,0.192387,9.000000,16.706139,15.643382,14.001371,18.000000,0.906376,0.807840,0.813347,16.000000,18.577857,25.511947,17.736140,1.000000,0.541462,1.247435,0.481965,0.190476,0.033150,0.030701,0.036685
train_0092,32,33,1,0.637828,0.122251,81.000000,30.935228,35.004535,31.058115,22.000000,1.464393,1.451723,1.608718,152.000000,86.341831,76.746938,90.523236,1.000000,0.541462,1.200186,0.964460,0.075676,0.061874,0.049320,0.062838
train_0093,23,26,2,0.598549,0.122306,34.000000,6.112022,5.293502,6.257797,17.000000,0.767917,0.789937,0.896013,88.000000,37.568353,28.668336,42.830270,20.000000,12.734607,11.073437,13.021997,0.157895,0.033290,0.031262,0.042558
train_0094,69,112,20,0.701620,0.219052,21.000000,7.868700,8.873173,8.893808,63.000000,6.687154,5.770852,5.750198,30.000000,51.187874,46.630513,39.612607,1.000000,14.300347,10.549552,12.733447,0.070423,0.065314,0.075319,0.082246
train_0095,90,143,1,0.724131,0.175797,59.000000,15.381875,12.951034,13.421126,75.000000,4.391566,3.856857,4.146852,123.000000,16.694969,13.717002,16.525117,1.000000,0.541462,0.721393,0.384255,0.142857,0.035505,0.038826,0.029715
train_0096,52,90,1,0.746901,0.184315,40.000000,7.193054,7.484052,8.502148,39.000000,1.685202,1.766708,1.871012,95.000000,14.274807,13.640984,13.400918,1.000000,0.541462,1.117763,0.884118,0.216216,0.037945,0.034220,0.034082
train_0097,28,66,1,0.639802,0.182318,12.000000,14.125175,11.901528,12.522386,18.000000,1.889176,1.745783,1.553161,40.000000,17.585649,18.139948,15.066809,10.000000,6.176343,5.237311,6.045987,0.377358,0.125921,0.129619,0.108694
train_0098,118,270,1,0.507785,0.179387,1.000000,24.300392,28.410302,27.058006,115.000000,17.706919,16.476725,19.163145,4.000000,221.563623,195.685847,208.230656,1.000000,0.541462,0.510385,0.594175,0.021898,0.104287,0.115496,0.116656
train_0099,61,126,20,0.695779,0.166945,94.000000,42.461736,41.866514,41.608408,47.000000,2.004555,2.026650,2.072711,164.000000,25.513130,30.516410,35.172471,1.000000,14.300347,10.350122,14.009303,0.179310,0.032515,0.042091,0.037638
train_0100,20,27,1,0.619361,0.150172,3.000000,22.327508,21.754131,20.307158,18.000000,1.745987,1.839268,2.258084,5.000000,14.146029,23.214097,16.418945,1.000000,0.541462,1.112995,0.746640,0.062500,0.070968,0.054294,0.106190
train_0101,42,58,1,0.687667,0.159972,36.000000,6.382280,6.603411,6.323132,36.000000,2.532891,2.914830,2.423599,74.000000,15.773839,14.902267,17.699906,20.000000,13.432773,10.827274,12.495343,0.090909,0.053878,0.056668,0.053689
train_0102,65,113,1,0.728253,0.153720,5.000000,20.381649,22.565118,19.695261,65.000000,11.357213,11.581718,9.844558,5.000000,72.313049,73.457356,57.324032,1.000000,0.541462,0.947342,0.760308,0.000000,0.125540,0.146465,0.120135
train_0103,33,87,4,0.498486,0.191649,62.000000,17.192604,18.225517,21.298818,17.000000,5.730371,5.629446,4.805467,122.000000,23.733661,21.573991,24.859192,1.000000,2.373136,3.805370,2.344289,0.296651,0.070137,0.064581,0.054237
train_0104,20,20,20,0.470243,0.123702,78.000000,28.556957,33.634409,30.610472,15.000000,0.648155,0.734224,0.622368,162.000000,106.532453,99.621337,93.858578,29.000000,6.665556,8.038424,6.823525,0.032967,0.094383,0.083212,0.075317
train_0105,158,285,20,0.427746,0.221807,63.000000,17.814198,16.643316,17.478109,103.000000,9.834324,12.641977,12.006536,196.000000,56.787937,38.433919,40.172096,20.000000,1.030674,1.871120,1.284243,0.274428,0.058742,0.056920,0.050341
train_0106,21,21,1,0.611909,0.150560,14.000000,12.476600,11.767769,12.227440,12.000000,2.552021,2.659157,2.609915,27.000000,10.869240,11.949789,10.626392,1.000000,0.541462,1.026723,0.400566,0.291667,0.067468,0.090309,0.055758
train_0107,28,32,1,0.655170,0.121126,34.000000,6.112022,5.393565,6.802603,24.000000,1.688594,1.764323,1.514264,52.000000,15.515788,12.830183,20.284273,12.000000,7.554660,6.748124,7.784350,0.071429,0.064628,0.050220,0.061252
train_0108,37,62,1,0.696175,0.178296,33.000000,6.017432,5.874917,7.065180,28.000000,1.194838,1.170422,1.340365,86.000000,18.556191,17.208334,18.570468,1.000000,0.541462,1.286188,0.349358,0.283784,0.063420,0.063386,0.054830
train_0109,24,65,20,0.544003,0.156591,23.000000,7.071438,5.618261,5.922218,21.000000,1.699029,2.249654,2.057771,73.000000,14.167965,13.776914,13.283123,19.000000,1.503626,1.729590,1.621433,0.579710,0.310452,0.287455,0.248950
train_0110,64,94,1,0.733381,0.177818,19.000000,8.949732,9.642485,12.470574,52.000000,2.646969,2.719499,2.673554,77.000000,15.926265,14.849532,21.151371,1.000000,0.541462,1.095079,0.339740,0.187135,0.032733,0.030737,0.026376
train_0111,59,113,1,0.720009,0.208479,26.000000,6.233638,7.334011,5.928190,45.000000,1.914124,2.019637,2.061842,90.000000,17.274988,16.074061,17.913915,1.000000,0.541462,1.096759,0.721418,0.305419,0.075190,0.062824,0.071330
train_0112,79,137,1,0.730069,0.187694,111.000000,58.488041,56.085950,62.224088,49.000000,6.512499,7.526378,7.678306,281.000000,112.392280,127.361037,130.655101,21.000000,14.378677,13.995873,14.667172,0.239234,0.043941,0.035301,0.045751
train_0113,50,94,1,0.735752,0.156626,39.000000,6.949822,7.277541,7.065196,36.000000,1.812753,1.843000,1.807217,99.000000,14.318229,13.619146,17.216109,19.000000,12.662538,10.953736,13.297269,0.321244,0.084949,0.079645,0.067578
train_0114,111,206,1,0.593373,0.205988,32.000000,5.963380,6.906960,6.578426,96.000000,7.171595,6.389417,7.426871,67.000000,100.189856,81.458005,77.615544,1.000000,0.541462,0.600947,0.386611,0.139194,0.036298,0.039144,0.043354
train_0115,56,79,1,0.738190,0.149660,146.000000,93.351336,94.568394,87.643416,36.000000,3.778351,3.860613,3.971706,230.000000,118.874375,121.494507,122.926728,20.000000,13.432773,11.394174,12.905474,0.122977,0.040811,0.045060,0.038809
train_0116,3,3,1,0.222386,0.081402,58.000000,14.814333,17.372443,17.402343,2.000000,0.163989,0.156380,0.157877,77.000000,42.007342,33.419781,43.283366,1.000000,0.541462,0.665449,0.906591,0.025000,0.101411,0.080542,0.109419
train_0117,35,50,21,0.572504,0.152386,9.000000,16.706139,15.605032,13.813185,28.000000,1.323460,1.676762,1.694752,16.000000,19.878339,23.495032,17.847496,16.000000,4.017026,3.136608,4.068974,0.121212,0.041431,0.047416,0.051858
train_0118,85,123,20,0.631117,0.215821,102.000000,49.907347,49.781076,47.062308,64.000000,2.747900,2.892803,2.840377,213.000000,62.353408,75.424244,79.527125,20.000000,1.030674,2.030082,1.294164,0.130952,0.038440,0.045414,0.047815
train_0119,68,101,20,0.691162,0.174438,17.000000,10.233458,11.438929,10.655855,62.000000,6.523262,5.627765,5.453251,23.000000,48.132832,43.657248,40.422716,1.000000,14.300347,10.690917,15.800857,0.080645,0.058920,0.067681,0.054810
train_0120,43,86,20,0.653076,0.197412,25.000000,6.463358,6.352789,5.333925,32.000000,1.413802,1.419998,1.596843,100.000000,15.868069,17.373378,18.270729,20.000000,1.030674,1.794790,1.172033,0.494624,0.228997,0.211401,0.202547
train_0121,70,128,20,0.692821,0.173314,44.000000,8.382190,8.660369,8.370422,51.000000,2.430791,2.787310,2.131980,123.000000,14.546417,15.536487,13.978218,20.000000,1.030674,1.937307,1.351093,0.310757,0.078400,0.071317,0.059734
train_0122,28,40,1,0.674948,0.173714,27.000000,6.098509,5.351547,6.261978,18.000000,1.889176,1.728530,1.336762,98.000000,36.083600,28.538951,40.626042,1.000000,0.541462,1.207526,0.510640,0.246377,0.046405,0.051131,0.040216
train_0123,54,98,1,0.738171,0.229022,95.000000,43.380613,44.569497,42.864222,43.000000,1.993263,2.136248,1.993672,170.000000,47.527724,51.306932,58.615692,1.000000,0.541462,1.034431,0.307813,0.261194,0.052474,0.046029,0.043993
train_0124,11,12,6,0.372061,0.106132,81.000000,30.935228,36.342616,33.872371,6.000000,1.598827,1.560155,1.300504,141.000000,92.648619,82.143593,96.182505,1.000000,3.747174,4.023143,3.241217,0.078431,0.060161,0.036607,0.075808
train_0125,26,26,20,0.511739,0.056879,49.000000,10.273997,13.100570,9.714878,24.000000,2.727693,3.385361,2.548083,70.000000,25.866177,19.387340,24.908023,1.000000,14.300347,12.104803,13.030553,0.041667,0.087090,0.087129,0.084506
train_0126,21,48,1,0.599501,0.165620,14.000000,12.476600,11.047174,10.219116,19.000000,1.904905,2.209457,2.660145,17.000000,18.623981,25.541728,17.732219,1.000000,0.541462,1.218333,0.615667,0.061538,0.071670,0.068182,0.121164
train_0127,25,26,5,0.485645,0.101312,23.000000,7.071438,5.745945,6.996054,15.000000,2.443307,2.337442,2.023055,38.000000,12.610018,11.169496,13.172532,12.000000,5.068015,4.721053,5.303675,0.187500,0.032767,0.036310,0.035675
train_0128,77,123,20,0.670719,0.181940,21.000000,7.868700,8.378405,7.034774,74.000000,10.589345,9.395442,10.273956,24.000000,64.758705,57.137495,47.677565,1.000000,14.300347,10.126479,15.199445,0.027211,0.099439,0.111103,0.121453
train_0129,27,56,1,0.652198,0.183880,17.000000,10.233458,8.909897,8.487418,19.000000,1.093972,1.003956,0.885007,29.000000,17.595018,21.275014,15.344778,1.000000,0.541462,1.369741,0.748985,0.188235,0.032847,0.031619,0.045144
train_0130,22,40,1,0.629359,0.144526,28.000000,6.017432,5.017576,5.551432,15.000000,1.054395,1.034700,0.671533,78.000000,23.732805,18.983799,20.451942,20.000000,13.432773,11.933723,13.385623,0.203390,0.035172,0.037572,0.036407
train_0131,103,187,1,0.636305,0.204738,26.000000,6.233638,7.978939,7.406626,81.000000,3.602008,3.345351,3.432672,94.000000,59.934733,46.397081,39.496300,1.000000,0.541462,0.704481,0.398013,0.327402,0.089036,0.081964,0.086364
train_0132,42,71,20,0.629422,0.173883,26.000000,6.233638,5.786004,4.859080,37.000000,3.132078,3.561036,3.354374,36.000000,20.991982,20.827526,19.113948,10.000000,7.584433,5.688604,7.748631,0.074766,0.062451,0.078090,0.072925
train_0133,60,76,1,0.711487,0.172071,53.000000,12.138778,12.670495,10.926835,46.000000,1.956187,2.026629,1.802306,94.000000,16.821224,16.936162,24.302362,1.000000,0.541462,1.077661,0.287373,0.188235,0.032847,0.029403,0.030672
train_0134,80,131,1,0.734868,0.158004,29.000000,5.976893,7.417911,6.025993,69.000000,5.060016,4.653559,4.218819,96.000000,21.554750,16.828762,17.309635,1.000000,0.541462,0.743492,0.480051,0.334802,0.094169,0.084306,0.096616
train_0135,46,53,20,0.557266,0.121150,68.000000,21.111346,23.603499,20.515343,33.000000,1.695299,1.612502,1.751066,125.000000,46.588172,48.815899,49.814463,20.000000,1.030674,1.486013,0.947728,0.101124,0.049420,0.060433,0.052419
train_0136,65,84,1,0.711162,0.173906,20.000000,8.395703,8.638944,10.269782,63.000000,9.428330,9.075527,9.251578,22.000000,36.540651,34.988748,23.295092,1.000000,0.541462,1.101262,0.495003,0.037736,0.090330,0.099398,0.106509
train_0137,77,137,20,0.656639,0.239478,30.000000,5.963380,6.499694,6.984322,71.000000,8.015800,6.812210,7.644622,91.000000,27.071799,22.917999,22.361781,1.000000,14.300347,9.744558,12.276899,0.412281,0.154630,0.139434,0.130143
train_0138,23,23,19,0.500074,0.128855,19.000000,8.949732,7.328929,7.506160,15.000000,1.428072,1.167577,1.278673,64.000000,23.739381,17.147493,22.333297,20.000000,1.583622,2.097815,1.636649,0.183908,0.032577,0.034784,0.036260
train_0139,41,78,1,0.710491,0.163749,40.000000,7.193054,7.475218,8.000957,30.000000,1.405910,1.371174,1.402348,106.000000,20.495924,19.955734,22.006272,1.000000,0.541462,1.447371,0.578902,0.293478,0.068422,0.067709,0.064890
train_0140,12,12,12,0.365921,0.063394,18.000000,9.557813,8.290342,6.957451,10.000000,0.585542,0.626093,0.678096,39.000000,15.179136,11.492661,15.348708,1.000000,8.175172,8.305363,8.505698,0.078431,0.060161,0.039830,0.066650
train_0141,64,105,20,0.707400,0.177064,25.000000,6.463358,7.263956,6.012969,58.000000,5.874919,5.100669,5.285004,36.000000,41.594883,37.359456,30.992416,17.000000,2.706274,2.482835,2.473473,0.070922,0.064970,0.075303,0.079346
train_0142,85,109,1,0.695909,0.156835,60.000000,15.976443,13.718764,13.937118,60.000000,3.388932,3.661040,4.027890,108.000000,14.269673,14.561737,21.823065,1.000000,0.541462,0.721361,0.393318,0.156682,0.033422,0.036841,0.028237
train_0143,85,129,1,0.734875,0.189586,26.000000,6.233638,7.798277,7.662709,71.000000,4.224163,3.708875,3.805162,84.000000,26.521733,19.694223,19.043031,20.000000,13.432773,13.117600,14.433298,0.234742,0.042633,0.035606,0.038250
train_0144,130,246,20,0.474078,0.165590,19.000000,8.949732,11.037928,10.623199,124.000000,17.037865,15.727499,16.621941,25.000000,177.693798,151.078282,155.840382,1.000000,14.300347,9.695505,12.818863,0.036900,0.091030,0.101232,0.107106
train_0145,48,114,20,0.656940,0.174010,49.000000,10.273997,10.330407,9.558241,33.000000,2.196589,2.408303,1.595151,122.000000,14.806630,16.152318,11.486135,20.000000,1.030674,1.796126,1.220117,0.440678,0.179523,0.157350,0.126065
train_0146,61,112,1,0.727094,0.182140,5.000000,20.381649,22.075417,20.469105,58.000000,7.832536,8.114440,8.337125,8.000000,68.903293,70.601593,64.251768,1.000000,0.541462,0.964380,0.930402,0.033333,0.094067,0.112936,0.117833
train_0147,156,284,5,0.415520,0.210069,52.000000,11.652313,9.613483,10.302916,123.000000,5.511750,4.588779,4.486895,137.000000,107.569389,72.898350,78.291448,1.000000,3.054592,3.120946,3.091181,0.185273,0.032614,0.029340,0.028247
train_0148,30,66,15,0.579982,0.167351,43.000000,8.044367,9.433269,8.641364,19.000000,2.206371,1.890073,1.645290,101.000000,23.342147,22.242994,21.912055,19.000000,3.378091,4.498434,3.211967,0.407186,0.150317,0.131436,0.114160
train_0149,49,61,1,0.686085,0.159703,21.000000,7.868700,7.744545,9.275915,48.000000,7.588662,7.870670,6.792012,22.000000,22.685329,25.563640,18.754113,1.000000,0.541462,1.503674,0.578674,0.024096,0.102237,0.105129,0.100254
train_0150,94,169,1,0.682647,0.186876,68.000000,21.111346,19.013297,20.929125,63.000000,4.985173,5.932249,4.785334,175.000000,14.685510,19.233629,18.429761,25.000000,18.364984,18.067832,18.078586,0.308140,0.076808,0.067935,0.063278
