id,source_unit_count,retained_source_unit_count,eligible_common_novel_unit_count,appended_unit_count,target_word_count,predicted_word_count,observed_word_count,target_add_count,predicted_add_count,observed_add_count,calibrated_synthesis_normalized_exact_match_rate,calibrated_synthesis_normalized_edit_similarity,calibrated_synthesis_token_jaccard_similarity,calibrated_synthesis_token_overlap_f1,calibrated_synthesis_rouge_l_f1,calibrated_synthesis_character_ngram_f1,calibrated_synthesis_word_count_mae,calibrated_synthesis_line_count_mae,calibrated_synthesis_source_similarity_mae,stable_projection_normalized_exact_match_rate,stable_projection_normalized_edit_similarity,stable_projection_token_jaccard_similarity,stable_projection_token_overlap_f1,stable_projection_rouge_l_f1,stable_projection_character_ngram_f1,stable_projection_word_count_mae,stable_projection_line_count_mae,stable_projection_source_similarity_mae,repeat_2024_normalized_exact_match_rate,repeat_2024_normalized_edit_similarity,repeat_2024_token_jaccard_similarity,repeat_2024_token_overlap_f1,repeat_2024_rouge_l_f1,repeat_2024_character_ngram_f1,repeat_2024_word_count_mae,repeat_2024_line_count_mae,repeat_2024_source_similarity_mae,calibrated_synthesis_novel_type_precision,calibrated_synthesis_novel_type_recall,calibrated_synthesis_novel_type_f1,volume_matched_marginal_novel_type_precision,volume_matched_marginal_novel_type_recall,volume_matched_marginal_novel_type_f1
train_0001,21,3,155,36,87,87,62,29,28,17,0.000000,0.368550,0.150943,0.604027,0.510067,0.341268,25.000000,23.000000,0.045563,0.000000,0.300221,0.068493,0.253333,0.240000,0.204571,26.000000,4.000000,0.744012,0.000000,0.294118,0.081081,0.285714,0.233766,0.219696,30.000000,5.000000,0.766234,0.142857,0.235294,0.177778,0.107143,0.176471,0.133333
train_0002,20,2,150,40,102,102,58,29,25,21,0.000000,0.314655,0.161290,0.312500,0.225000,0.268155,44.000000,21.000000,0.267869,0.000000,0.314214,0.209677,0.360000,0.266667,0.275804,34.000000,2.000000,0.689217,0.000000,0.312785,0.215385,0.364780,0.264151,0.290643,43.000000,20.000000,0.735849,0.000000,0.000000,0.000000,0.120000,0.142857,0.130435
train_0003,20,3,153,18,47,48,37,32,19,18,0.000000,0.277311,0.166667,0.352941,0.235294,0.267910,11.000000,20.000000,0.058554,0.000000,0.268182,0.100000,0.142857,0.114286,0.225261,4.000000,19.000000,0.885714,0.000000,0.261411,0.100000,0.142857,0.114286,0.207488,4.000000,1.000000,0.885714,0.210526,0.222222,0.216216,0.315789,0.333333,0.324324
train_0004,6,1,152,19,54,53,89,28,17,27,0.000000,0.299252,0.142857,0.338028,0.281690,0.245781,36.000000,0.000000,0.149495,0.000000,0.266833,0.133333,0.192593,0.133333,0.208172,43.000000,14.000000,0.866667,0.000000,0.266833,0.133333,0.192593,0.133333,0.208172,43.000000,19.000000,0.866667,0.176471,0.111111,0.136364,0.176471,0.111111,0.136364
train_0005,11,1,150,18,39,42,114,27,16,33,0.000000,0.280255,0.111111,0.320513,0.307692,0.239667,72.000000,1.000000,0.029779,0.000000,0.227176,0.100000,0.098592,0.084507,0.166886,86.000000,9.000000,0.915493,0.000000,0.214437,0.100000,0.098592,0.084507,0.162923,86.000000,19.000000,0.915493,0.187500,0.090909,0.122449,0.437500,0.212121,0.285714
train_0006,31,10,156,38,131,131,112,30,30,43,0.000000,0.326194,0.092784,0.518519,0.452675,0.382862,19.000000,47.000000,0.152309,0.000000,0.371634,0.102273,0.548077,0.451923,0.368408,16.000000,21.000000,0.424072,0.000000,0.345361,0.101010,0.500000,0.418033,0.380568,20.000000,0.000000,0.581967,0.100000,0.069767,0.082192,0.100000,0.069767,0.082192
train_0007,20,2,155,48,132,134,142,33,33,55,0.000000,0.311544,0.060870,0.289855,0.275362,0.255411,8.000000,49.000000,0.007421,0.000000,0.332406,0.168067,0.411523,0.288066,0.373645,41.000000,12.000000,0.533113,0.000000,0.296632,0.172662,0.428571,0.265306,0.402353,10.000000,0.000000,0.734694,0.030303,0.018182,0.022727,0.242424,0.145455,0.181818
train_0008,7,1,153,21,61,60,30,26,16,22,0.000000,0.247273,0.130435,0.133333,0.088889,0.240628,30.000000,1.000000,0.281693,0.000000,0.232394,0.132075,0.168675,0.072289,0.238649,23.000000,14.000000,0.927711,0.000000,0.232394,0.132075,0.168675,0.072289,0.238649,23.000000,20.000000,0.927711,0.187500,0.136364,0.157895,0.187500,0.136364,0.157895
train_0009,21,12,156,49,348,346,118,32,31,24,0.000000,0.227390,0.174863,0.357759,0.245690,0.240310,228.000000,39.000000,0.380881,0.000000,0.303511,0.200000,0.384615,0.288462,0.295792,76.000000,13.000000,0.440418,0.000000,0.214489,0.177778,0.350806,0.237903,0.226676,260.000000,1.000000,0.762097,0.000000,0.000000,0.000000,0.000000,0.000000,0.000000
train_0010,20,1,144,36,81,80,23,26,23,15,0.000000,0.250000,0.163265,0.155340,0.097087,0.263475,57.000000,36.000000,0.447400,0.000000,0.227723,0.195122,0.163265,0.081633,0.253075,52.000000,19.000000,0.918367,0.000000,0.227723,0.195122,0.163265,0.081633,0.253075,52.000000,19.000000,0.918367,0.086957,0.133333,0.105263,0.043478,0.066667,0.052632
train_0011,19,1,154,16,31,33,56,26,17,43,0.000000,0.257812,0.084746,0.157303,0.134831,0.195139,23.000000,16.000000,0.041212,0.000000,0.250000,0.047619,0.078947,0.078947,0.202048,36.000000,18.000000,0.921053,0.000000,0.242188,0.047619,0.078947,0.078947,0.181207,36.000000,0.000000,0.921053,0.294118,0.116279,0.166667,0.470588,0.186047,0.266667
train_0012,5,2,157,18,62,62,65,28,19,26,0.000000,0.253247,0.169231,0.503937,0.314961,0.331542,3.000000,9.000000,0.237398,0.000000,0.257053,0.154930,0.292683,0.162602,0.358942,7.000000,6.000000,0.837398,0.000000,0.257053,0.154930,0.292683,0.162602,0.358942,7.000000,10.000000,0.837398,0.263158,0.192308,0.222222,0.157895,0.115385,0.133333
train_0013,20,1,154,38,87,88,68,26,25,26,0.000000,0.314634,0.111111,0.217949,0.153846,0.290502,20.000000,19.000000,0.319444,0.000000,0.302439,0.128571,0.205128,0.128205,0.285151,20.000000,1.000000,0.852778,0.000000,0.319347,0.140845,0.212500,0.125000,0.283090,24.000000,0.000000,0.875000,0.200000,0.192308,0.196078,0.120000,0.115385,0.117647
train_0014,19,1,154,35,80,81,101,27,27,22,0.000000,0.392593,0.120690,0.516484,0.505495,0.318565,20.000000,35.000000,0.069444,0.000000,0.451852,0.220000,0.611111,0.544444,0.444777,22.000000,18.000000,0.455556,0.000000,0.451852,0.220000,0.611111,0.544444,0.444777,22.000000,18.000000,0.455556,0.074074,0.090909,0.081633,0.111111,0.136364,0.122449
train_0015,20,1,152,33,68,76,135,26,26,81,0.000000,0.283520,0.045455,0.274882,0.246445,0.226949,59.000000,14.000000,0.189216,0.000000,0.279330,0.038835,0.287179,0.266667,0.214144,75.000000,0.000000,0.733333,0.000000,0.279330,0.038835,0.287179,0.266667,0.214144,75.000000,19.000000,0.733333,0.115385,0.037037,0.056075,0.576923,0.185185,0.280374
train_0016,1,1,157,8,30,30,51,36,7,32,0.000000,0.241993,0.071429,0.098765,0.074074,0.197088,21.000000,11.000000,0.663043,0.000000,0.202847,0.060000,0.086957,0.086957,0.119824,33.000000,19.000000,0.913043,0.000000,0.202847,0.060000,0.086957,0.086957,0.119824,33.000000,19.000000,0.913043,0.142857,0.031250,0.051282,0.000000,0.000000,0.000000
train_0017,5,1,155,36,73,87,22,33,30,20,0.000000,0.205379,0.016949,0.018349,0.018349,0.160549,65.000000,19.000000,0.071685,0.000000,0.217910,0.029851,0.044444,0.044444,0.189428,46.000000,13.000000,0.955556,0.000000,0.217910,0.029851,0.044444,0.044444,0.189428,46.000000,17.000000,0.955556,0.033333,0.050000,0.040000,0.000000,0.000000,0.000000
train_0018,7,1,157,38,96,93,271,28,28,119,0.000000,0.218195,0.054645,0.203297,0.153846,0.170574,178.000000,38.000000,0.035429,0.000000,0.208955,0.181319,0.302521,0.179272,0.239317,185.000000,5.000000,0.710157,0.000000,0.243070,0.180851,0.339523,0.185676,0.283692,165.000000,0.000000,0.814324,0.071429,0.016807,0.027211,0.464286,0.109244,0.176871
train_0019,9,1,152,23,66,70,15,28,19,11,0.000000,0.215625,0.073171,0.070588,0.070588,0.184056,55.000000,13.000000,0.344315,0.000000,0.219931,0.065217,0.078947,0.052632,0.165954,46.000000,2.000000,0.947368,0.000000,0.219931,0.065217,0.078947,0.052632,0.165954,46.000000,10.000000,0.947368,0.052632,0.090909,0.066667,0.000000,0.000000,0.000000
train_0020,20,2,157,38,90,90,77,33,29,49,0.000000,0.240909,0.064516,0.119760,0.083832,0.245803,13.000000,20.000000,0.008504,0.000000,0.267442,0.093220,0.204819,0.132530,0.288136,12.000000,2.000000,0.817505,0.000000,0.280763,0.086614,0.192090,0.124294,0.278937,23.000000,0.000000,0.875706,0.068966,0.040816,0.051282,0.172414,0.102041,0.128205
train_0021,20,1,153,35,75,75,66,26,22,33,0.000000,0.230563,0.121622,0.198582,0.127660,0.280576,9.000000,35.000000,0.182150,0.000000,0.270777,0.225352,0.352941,0.176471,0.341225,4.000000,19.000000,0.823529,0.000000,0.270777,0.225352,0.352941,0.176471,0.341225,4.000000,0.000000,0.823529,0.000000,0.000000,0.000000,0.318182,0.212121,0.254545
train_0022,20,3,154,44,127,126,167,30,30,53,0.000000,0.309685,0.080357,0.361775,0.320819,0.242754,41.000000,46.000000,0.026593,0.000000,0.388514,0.224299,0.473684,0.383459,0.409879,68.000000,13.000000,0.399218,0.000000,0.402027,0.214286,0.543131,0.408946,0.475517,21.000000,19.000000,0.591054,0.033333,0.018868,0.024096,0.266667,0.150943,0.192771
train_0023,20,14,157,44,295,301,265,29,29,106,0.000000,0.236042,0.163265,0.335689,0.144876,0.345163,36.000000,57.000000,0.442367,0.000000,0.268310,0.144279,0.348485,0.176768,0.271048,134.000000,9.000000,0.411992,0.000000,0.259333,0.179688,0.380789,0.171527,0.351928,53.000000,19.000000,0.828473,0.137931,0.037736,0.059259,0.241379,0.066038,0.103704
train_0024,19,1,154,38,91,91,23,26,26,15,0.000000,0.222222,0.037736,0.035088,0.035088,0.189259,68.000000,37.000000,0.382635,0.000000,0.278443,0.155556,0.145455,0.145455,0.259734,64.000000,17.000000,0.854545,0.000000,0.278443,0.155556,0.145455,0.145455,0.259734,64.000000,17.000000,0.854545,0.000000,0.000000,0.000000,0.000000,0.000000,0.000000
train_0025,20,4,157,21,61,61,132,32,17,70,0.000000,0.266768,0.079208,0.290155,0.196891,0.228749,71.000000,6.000000,0.078954,0.000000,0.277439,0.132075,0.237113,0.164948,0.270928,70.000000,1.000000,0.835052,0.000000,0.277439,0.132075,0.237113,0.164948,0.270928,70.000000,1.000000,0.835052,0.176471,0.042857,0.068966,0.529412,0.128571,0.206897
train_0026,20,2,147,15,36,36,31,28,16,26,0.000000,0.243636,0.000000,0.000000,0.000000,0.178854,5.000000,16.000000,0.007003,0.000000,0.247273,0.088889,0.156863,0.078431,0.280221,11.000000,19.000000,0.921569,0.000000,0.290909,0.088889,0.156863,0.078431,0.341700,11.000000,0.000000,0.921569,0.000000,0.000000,0.000000,0.000000,0.000000,0.000000
train_0027,20,1,155,42,107,109,111,30,30,32,0.000000,0.328996,0.079545,0.427273,0.381818,0.305635,2.000000,42.000000,0.041376,0.000000,0.301115,0.252632,0.507317,0.312195,0.405450,17.000000,15.000000,0.566434,0.000000,0.297837,0.240385,0.526316,0.324561,0.403779,6.000000,0.000000,0.675439,0.100000,0.093750,0.096774,0.166667,0.156250,0.161290
train_0028,11,1,157,14,30,31,62,27,14,37,0.000000,0.259701,0.122449,0.365591,0.301075,0.217993,31.000000,14.000000,0.015309,0.000000,0.244776,0.036364,0.049383,0.024691,0.209175,43.000000,10.000000,0.975309,0.000000,0.244776,0.036364,0.049383,0.024691,0.220783,43.000000,0.000000,0.975309,0.428571,0.162162,0.235294,0.142857,0.054054,0.078431
train_0029,14,1,156,17,34,34,54,26,17,22,0.000000,0.364017,0.153846,0.431818,0.340909,0.291306,20.000000,5.000000,0.007519,0.000000,0.267782,0.090909,0.105263,0.078947,0.216742,32.000000,1.000000,0.921053,0.000000,0.267782,0.090909,0.105263,0.078947,0.216742,32.000000,1.000000,0.921053,0.294118,0.227273,0.256410,0.117647,0.090909,0.102564
train_0030,20,1,154,18,38,40,84,27,18,35,0.000000,0.278947,0.090909,0.322581,0.258065,0.246325,44.000000,0.000000,0.050019,0.000000,0.257895,0.067797,0.141593,0.123894,0.232432,55.000000,1.000000,0.876106,0.000000,0.257895,0.067797,0.141593,0.123894,0.232432,55.000000,1.000000,0.876106,0.166667,0.085714,0.113208,0.222222,0.114286,0.150943
train_0031,20,10,157,42,197,200,93,32,32,28,0.000000,0.285414,0.135338,0.293515,0.211604,0.282094,107.000000,33.000000,0.289209,0.000000,0.300172,0.174312,0.396226,0.226415,0.342990,26.000000,7.000000,0.508333,0.000000,0.272305,0.155844,0.341935,0.200000,0.278196,124.000000,1.000000,0.800000,0.031250,0.035714,0.033333,0.125000,0.142857,0.133333
train_0032,8,1,157,42,117,119,85,32,28,46,0.000000,0.262681,0.084906,0.107843,0.078431,0.234109,34.000000,42.000000,0.006637,0.000000,0.247723,0.133333,0.251366,0.120219,0.303625,13.000000,5.000000,0.710910,0.000000,0.284047,0.133803,0.244344,0.126697,0.284930,51.000000,0.000000,0.873303,0.000000,0.000000,0.000000,0.285714,0.173913,0.216216
train_0033,20,1,153,19,42,43,20,27,21,6,0.000000,0.261905,0.025000,0.031746,0.031746,0.210146,23.000000,6.000000,0.346831,0.000000,0.353488,0.393939,0.583333,0.375000,0.523690,8.000000,6.000000,0.625000,0.000000,0.353488,0.393939,0.583333,0.375000,0.523690,8.000000,6.000000,0.625000,0.000000,0.000000,0.000000,0.000000,0.000000,0.000000
train_0034,9,1,156,36,82,81,110,28,28,44,0.000000,0.303704,0.102273,0.303665,0.219895,0.253345,29.000000,36.000000,0.051750,0.000000,0.329630,0.188119,0.404145,0.259067,0.336116,27.000000,8.000000,0.740933,0.000000,0.329630,0.188119,0.404145,0.259067,0.336116,27.000000,0.000000,0.740933,0.178571,0.113636,0.138889,0.285714,0.181818,0.222222
train_0035,18,1,154,48,135,137,107,36,33,35,0.000000,0.293160,0.087379,0.344262,0.303279,0.276992,30.000000,48.000000,0.065174,0.000000,0.281192,0.235849,0.465116,0.306977,0.383293,1.000000,12.000000,0.525577,0.000000,0.318766,0.210938,0.459770,0.298851,0.369821,47.000000,0.000000,0.701149,0.060606,0.057143,0.058824,0.151515,0.142857,0.147059
train_0036,8,1,156,36,79,87,159,32,27,70,0.000000,0.304910,0.066116,0.317073,0.252033,0.266742,72.000000,36.000000,0.100499,0.000000,0.284238,0.145161,0.329114,0.202532,0.313384,81.000000,7.000000,0.797468,0.000000,0.284238,0.145161,0.329114,0.202532,0.313384,81.000000,0.000000,0.797468,0.074074,0.028571,0.041237,0.518519,0.200000,0.288660
train_0037,20,1,150,36,85,86,21,26,22,19,0.000000,0.221662,0.081633,0.074766,0.037383,0.183892,65.000000,17.000000,0.451541,0.000000,0.222812,0.035088,0.038095,0.019048,0.182139,63.000000,0.000000,0.980952,0.000000,0.222812,0.035088,0.038095,0.019048,0.182139,63.000000,0.000000,0.980952,0.136364,0.157895,0.146341,0.000000,0.000000,0.000000
train_0038,20,1,157,36,78,79,108,28,28,76,0.000000,0.268657,0.015625,0.021390,0.021390,0.197123,29.000000,17.000000,0.049636,0.000000,0.253731,0.132075,0.231156,0.120603,0.323171,17.000000,1.000000,0.869727,0.000000,0.248756,0.131250,0.228856,0.119403,0.323967,15.000000,0.000000,0.880597,0.000000,0.000000,0.000000,0.142857,0.052632,0.076923
train_0039,21,1,153,44,111,114,151,29,26,55,0.000000,0.325098,0.066038,0.377358,0.339623,0.271240,37.000000,26.000000,0.096209,0.000000,0.318596,0.165049,0.481633,0.351020,0.347723,57.000000,2.000000,0.500755,0.000000,0.340702,0.176991,0.505415,0.353791,0.390532,25.000000,2.000000,0.646209,0.038462,0.018182,0.024691,0.307692,0.145455,0.197531
train_0040,20,1,156,35,77,78,156,26,26,80,0.000000,0.267571,0.058333,0.239316,0.196581,0.227041,78.000000,16.000000,0.197275,0.000000,0.287300,0.130435,0.322034,0.245763,0.290075,76.000000,0.000000,0.754237,0.000000,0.287300,0.130435,0.322034,0.245763,0.290075,76.000000,0.000000,0.754237,0.076923,0.025000,0.037736,0.538462,0.175000,0.264151
train_0041,11,2,156,35,91,91,89,27,23,15,0.000000,0.390300,0.203390,0.566667,0.488889,0.378879,2.000000,17.000000,0.060434,0.000000,0.433915,0.293103,0.571429,0.468571,0.392666,3.000000,10.000000,0.507999,0.000000,0.437799,0.283333,0.569832,0.469274,0.386225,1.000000,19.000000,0.530726,0.000000,0.000000,0.000000,0.000000,0.000000,0.000000
train_0042,8,1,157,37,86,85,21,35,29,9,0.000000,0.177778,0.076923,0.113208,0.094340,0.129206,64.000000,37.000000,0.003015,0.000000,0.176211,0.149254,0.222222,0.148148,0.157488,66.000000,7.000000,0.851852,0.000000,0.176211,0.149254,0.222222,0.148148,0.157488,66.000000,0.000000,0.851852,0.034483,0.111111,0.052632,0.068966,0.222222,0.105263
train_0043,20,1,155,40,96,96,66,33,30,25,0.000000,0.315315,0.134328,0.222222,0.160494,0.264561,30.000000,21.000000,0.150764,0.000000,0.351607,0.150000,0.430380,0.329114,0.322935,26.000000,2.000000,0.630015,0.000000,0.347009,0.180723,0.443114,0.323353,0.337547,35.000000,0.000000,0.676647,0.166667,0.200000,0.181818,0.133333,0.160000,0.145455
train_0044,20,1,152,40,94,97,66,26,25,16,0.000000,0.323009,0.131148,0.417178,0.355828,0.288190,31.000000,21.000000,0.115955,0.000000,0.359694,0.293103,0.551282,0.371795,0.390582,24.000000,2.000000,0.588745,0.000000,0.381609,0.316667,0.557576,0.363636,0.393534,33.000000,0.000000,0.636364,0.040000,0.062500,0.048780,0.040000,0.062500,0.048780
train_0045,20,1,157,37,74,83,144,33,27,72,0.000000,0.294667,0.069565,0.202643,0.158590,0.242588,61.000000,37.000000,0.040124,0.000000,0.290667,0.129032,0.266094,0.145923,0.263718,55.000000,19.000000,0.854077,0.000000,0.290667,0.129032,0.266094,0.145923,0.263718,55.000000,19.000000,0.854077,0.111111,0.041667,0.060606,0.370370,0.138889,0.202020
train_0046,22,1,149,20,49,50,88,27,14,27,0.000000,0.328877,0.094340,0.434783,0.405797,0.302468,38.000000,1.000000,0.006304,0.000000,0.291444,0.155172,0.294574,0.248062,0.331059,47.000000,2.000000,0.751938,0.000000,0.291444,0.155172,0.294574,0.248062,0.331059,47.000000,2.000000,0.751938,0.000000,0.000000,0.000000,0.285714,0.148148,0.195122
train_0047,21,1,148,39,94,93,96,27,27,16,0.000000,0.395349,0.137931,0.571429,0.529101,0.342509,3.000000,18.000000,0.107163,0.000000,0.452261,0.259259,0.699454,0.568306,0.569636,9.000000,3.000000,0.338243,0.000000,0.458853,0.296296,0.753927,0.617801,0.612020,1.000000,21.000000,0.382199,0.037037,0.062500,0.046512,0.074074,0.125000,0.093023
train_0048,22,4,155,46,144,145,91,36,36,23,0.000000,0.387097,0.123457,0.474576,0.432203,0.326649,54.000000,29.000000,0.065368,0.000000,0.400402,0.173913,0.489796,0.377551,0.390281,14.000000,6.000000,0.427455,0.000000,0.341755,0.164706,0.480000,0.368000,0.342670,68.000000,1.000000,0.632000,0.055556,0.086957,0.067797,0.166667,0.260870,0.203390
train_0049,10,3,154,35,86,86,64,39,27,18,0.000000,0.331019,0.120690,0.453333,0.413333,0.291327,22.000000,18.000000,0.057344,0.000000,0.281179,0.076923,0.225166,0.185430,0.226968,23.000000,10.000000,0.814570,0.000000,0.281179,0.076923,0.225166,0.185430,0.226968,23.000000,19.000000,0.814570,0.074074,0.111111,0.088889,0.000000,0.000000,0.000000
train_0050,20,3,156,41,115,118,110,29,29,41,0.000000,0.298311,0.074468,0.412281,0.377193,0.283972,8.000000,43.000000,0.011803,0.000000,0.339587,0.138298,0.492754,0.405797,0.297957,13.000000,15.000000,0.482385,0.000000,0.317073,0.138889,0.502128,0.391489,0.315220,15.000000,19.000000,0.608511,0.000000,0.000000,0.000000,0.275862,0.195122,0.228571
train_0051,20,3,147,14,36,36,139,27,11,68,0.000000,0.175074,0.044944,0.217143,0.182857,0.153172,103.000000,15.000000,0.070172,0.000000,0.175074,0.075269,0.085366,0.060976,0.153975,114.000000,18.000000,0.939024,0.000000,0.175074,0.075269,0.085366,0.060976,0.145354,114.000000,1.000000,0.939024,0.000000,0.000000,0.000000,0.727273,0.117647,0.202532
train_0052,29,17,154,53,408,409,38,35,35,28,0.000000,0.120593,0.044554,0.040268,0.022371,0.125486,371.000000,69.000000,0.586182,0.000000,0.191575,0.027972,0.034188,0.034188,0.163706,158.000000,12.000000,0.594508,0.000000,0.109416,0.024096,0.025052,0.020877,0.106759,403.000000,0.000000,0.979123,0.114286,0.142857,0.126984,0.057143,0.071429,0.063492
train_0053,4,1,157,17,48,47,55,36,14,29,0.000000,0.272059,0.101695,0.313725,0.215686,0.242655,8.000000,17.000000,0.205839,0.000000,0.301471,0.157895,0.340426,0.212766,0.234301,16.000000,3.000000,0.787234,0.000000,0.301471,0.157895,0.340426,0.212766,0.234301,16.000000,0.000000,0.787234,0.071429,0.034483,0.046512,0.285714,0.137931,0.186047
train_0054,20,1,157,44,118,116,16,33,33,7,0.000000,0.100386,0.085106,0.106061,0.106061,0.073519,100.000000,44.000000,0.283550,0.000000,0.113953,0.064516,0.119658,0.102564,0.071743,85.000000,14.000000,0.769288,0.000000,0.096661,0.064103,0.107383,0.093960,0.062172,117.000000,19.000000,0.906040,0.030303,0.142857,0.050000,0.030303,0.142857,0.050000
train_0055,20,3,143,14,36,36,24,29,14,24,0.000000,0.250000,0.171429,0.200000,0.200000,0.242554,12.000000,16.000000,0.107143,0.000000,0.238889,0.000000,0.000000,0.000000,0.170127,4.000000,19.000000,1.000000,0.000000,0.277778,0.000000,0.000000,0.000000,0.198384,4.000000,0.000000,1.000000,0.428571,0.250000,0.315789,0.000000,0.000000,0.000000
train_0056,20,1,144,12,32,32,109,28,12,56,0.000000,0.206349,0.106061,0.326241,0.241135,0.222473,77.000000,12.000000,0.008418,0.000000,0.216270,0.038961,0.046154,0.046154,0.201994,88.000000,19.000000,0.953846,0.000000,0.218254,0.038961,0.046154,0.046154,0.191750,88.000000,0.000000,0.953846,0.500000,0.107143,0.176471,0.666667,0.142857,0.235294
train_0057,7,1,155,37,82,88,6,32,27,6,0.000000,0.093525,0.048780,0.042553,0.042553,0.077712,82.000000,33.000000,0.228571,0.000000,0.095794,0.000000,0.000000,0.000000,0.070134,81.000000,2.000000,1.000000,0.000000,0.095794,0.000000,0.000000,0.000000,0.070134,81.000000,2.000000,1.000000,0.074074,0.333333,0.121212,0.000000,0.000000,0.000000
train_0058,10,1,157,42,111,111,121,30,30,49,0.000000,0.275338,0.070175,0.206897,0.172414,0.242729,10.000000,42.000000,0.014955,0.000000,0.315878,0.241071,0.488263,0.244131,0.395838,29.000000,7.000000,0.587017,0.000000,0.281931,0.231343,0.484127,0.238095,0.416191,10.000000,0.000000,0.761905,0.000000,0.000000,0.000000,0.166667,0.102041,0.126582
train_0059,20,1,154,21,53,53,87,27,18,27,0.000000,0.373464,0.074074,0.428571,0.414286,0.291055,34.000000,2.000000,0.058751,0.000000,0.312039,0.153846,0.318182,0.242424,0.286016,42.000000,0.000000,0.757576,0.000000,0.312039,0.153846,0.318182,0.242424,0.286016,42.000000,0.000000,0.757576,0.111111,0.074074,0.088889,0.166667,0.111111,0.133333
train_0060,20,6,154,52,203,204,49,32,32,25,0.000000,0.210811,0.097345,0.086957,0.063241,0.201812,155.000000,57.000000,0.232935,0.000000,0.262992,0.155340,0.197674,0.116279,0.278942,74.000000,11.000000,0.630100,0.000000,0.198600,0.137931,0.154412,0.080882,0.223515,174.000000,19.000000,0.919118,0.031250,0.040000,0.035088,0.093750,0.120000,0.105263
train_0061,17,7,157,42,179,183,89,28,28,47,0.000000,0.281139,0.119403,0.198529,0.125000,0.243522,94.000000,48.000000,0.294066,0.000000,0.292553,0.142857,0.289855,0.183575,0.300402,29.000000,9.000000,0.577813,0.000000,0.280843,0.140000,0.236111,0.166667,0.267772,110.000000,0.000000,0.833333,0.035714,0.021277,0.026667,0.250000,0.148936,0.186667
train_0062,9,1,153,39,108,110,30,36,28,24,0.000000,0.225743,0.142857,0.142857,0.085714,0.247836,80.000000,39.000000,0.119386,0.000000,0.239583,0.065934,0.100000,0.066667,0.216495,60.000000,6.000000,0.792783,0.000000,0.213836,0.055046,0.078431,0.052288,0.190072,93.000000,0.000000,0.947712,0.214286,0.250000,0.230769,0.142857,0.166667,0.153846
train_0063,19,1,152,36,78,80,40,26,26,13,0.000000,0.316354,0.155556,0.450000,0.400000,0.228037,40.000000,36.000000,0.054910,0.000000,0.382671,0.150000,0.438596,0.438596,0.260915,34.000000,18.000000,0.561404,0.000000,0.369492,0.150000,0.438596,0.438596,0.245488,34.000000,0.000000,0.561404,0.076923,0.153846,0.102564,0.076923,0.153846,0.102564
train_0064,17,1,155,37,85,86,28,27,24,18,0.000000,0.240099,0.132075,0.122807,0.070175,0.197060,58.000000,37.000000,0.357773,0.000000,0.240223,0.125000,0.142857,0.089286,0.261742,56.000000,16.000000,0.910714,0.000000,0.240223,0.125000,0.142857,0.089286,0.261742,56.000000,0.000000,0.910714,0.166667,0.222222,0.190476,0.083333,0.111111,0.095238
train_0065,7,1,157,39,95,96,144,32,30,63,0.000000,0.322628,0.086957,0.250000,0.208333,0.290632,48.000000,27.000000,0.067973,0.000000,0.350365,0.177419,0.375546,0.262009,0.368272,59.000000,7.000000,0.637709,0.000000,0.354745,0.179104,0.409639,0.257028,0.390928,39.000000,12.000000,0.742972,0.100000,0.047619,0.064516,0.366667,0.174603,0.236559
train_0066,7,1,155,19,43,47,89,26,18,38,0.000000,0.293963,0.044118,0.264706,0.250000,0.199279,42.000000,0.000000,0.082226,0.000000,0.291339,0.175439,0.380165,0.297521,0.252839,57.000000,13.000000,0.702479,0.000000,0.291339,0.175439,0.380165,0.297521,0.252839,57.000000,19.000000,0.702479,0.000000,0.000000,0.000000,0.277778,0.131579,0.178571
train_0067,3,1,156,19,52,54,128,32,18,51,0.000000,0.254491,0.089888,0.263736,0.153846,0.196421,74.000000,19.000000,0.103696,0.000000,0.224551,0.170455,0.242775,0.138728,0.194640,83.000000,2.000000,0.861272,0.000000,0.224551,0.170455,0.242775,0.138728,0.194640,83.000000,0.000000,0.861272,0.000000,0.000000,0.000000,0.333333,0.117647,0.173913
train_0068,20,1,150,36,81,80,74,27,25,22,0.000000,0.374005,0.218182,0.545455,0.467532,0.370554,6.000000,36.000000,0.058970,0.000000,0.428571,0.222222,0.688742,0.543046,0.477910,3.000000,19.000000,0.456954,0.000000,0.428571,0.222222,0.688742,0.543046,0.477910,3.000000,19.000000,0.456954,0.200000,0.227273,0.212766,0.120000,0.136364,0.127660
train_0069,21,1,156,37,70,83,162,33,28,82,0.000000,0.242525,0.040650,0.065306,0.065306,0.178839,79.000000,37.000000,0.050182,0.000000,0.263566,0.105691,0.190476,0.147186,0.252063,93.000000,20.000000,0.852814,0.000000,0.273533,0.105691,0.190476,0.147186,0.256998,93.000000,0.000000,0.852814,0.071429,0.024390,0.036364,0.357143,0.121951,0.181818
train_0070,20,2,153,38,93,92,107,28,26,42,0.000000,0.320158,0.087912,0.391960,0.311558,0.299941,15.000000,20.000000,0.056483,0.000000,0.351779,0.204082,0.492308,0.317949,0.335973,19.000000,2.000000,0.595017,0.000000,0.326087,0.220000,0.536585,0.351220,0.361595,9.000000,19.000000,0.648780,0.076923,0.047619,0.058824,0.307692,0.190476,0.235294
train_0071,15,3,154,42,119,118,149,32,32,59,0.000000,0.303947,0.041322,0.224719,0.209738,0.239826,31.000000,44.000000,0.013754,0.000000,0.300000,0.156250,0.377510,0.240964,0.306529,49.000000,11.000000,0.593765,0.000000,0.292105,0.159722,0.395833,0.243056,0.347382,10.000000,0.000000,0.756944,0.000000,0.000000,0.000000,0.156250,0.084746,0.109890
train_0072,14,1,157,37,74,81,35,32,26,21,0.000000,0.230769,0.050847,0.137931,0.137931,0.149571,46.000000,37.000000,0.164615,0.000000,0.240209,0.092308,0.173077,0.115385,0.163289,34.000000,13.000000,0.884615,0.000000,0.240209,0.092308,0.173077,0.115385,0.163289,34.000000,0.000000,0.884615,0.000000,0.000000,0.000000,0.115385,0.142857,0.127660
train_0073,20,1,156,35,73,81,148,27,27,80,0.000000,0.267485,0.040650,0.165939,0.148472,0.196772,67.000000,35.000000,0.166013,0.000000,0.269939,0.129310,0.290909,0.200000,0.232894,76.000000,19.000000,0.800000,0.000000,0.269939,0.129310,0.290909,0.200000,0.232894,76.000000,0.000000,0.800000,0.000000,0.000000,0.000000,0.518519,0.175000,0.261682
train_0074,20,5,157,44,149,149,207,32,32,92,0.000000,0.286751,0.107955,0.247191,0.179775,0.243364,58.000000,29.000000,0.062864,0.000000,0.273140,0.166667,0.338658,0.204473,0.270620,101.000000,8.000000,0.521957,0.000000,0.292196,0.218905,0.433862,0.243386,0.346029,36.000000,0.000000,0.756614,0.062500,0.021739,0.032258,0.187500,0.065217,0.096774
train_0075,19,4,157,44,140,141,68,32,32,38,0.000000,0.284591,0.084211,0.210526,0.181818,0.207750,73.000000,47.000000,0.054765,0.000000,0.282810,0.067308,0.232558,0.186047,0.213073,36.000000,11.000000,0.636935,0.000000,0.230392,0.063492,0.204444,0.160000,0.177731,89.000000,0.000000,0.840000,0.031250,0.026316,0.028571,0.343750,0.289474,0.314286
train_0076,20,3,154,17,43,44,53,27,19,37,0.000000,0.269592,0.032258,0.061856,0.061856,0.187153,9.000000,19.000000,0.033599,0.000000,0.275862,0.058824,0.091954,0.068966,0.275946,19.000000,19.000000,0.931034,0.000000,0.250784,0.058824,0.091954,0.068966,0.260397,19.000000,0.000000,0.931034,0.105263,0.054054,0.071429,0.315789,0.162162,0.214286
train_0077,18,3,156,50,159,159,170,32,31,64,0.000000,0.305623,0.106557,0.352584,0.316109,0.264186,11.000000,33.000000,0.012852,0.000000,0.339853,0.152000,0.437276,0.322581,0.327333,61.000000,8.000000,0.424566,0.000000,0.322361,0.155405,0.464183,0.332378,0.382900,9.000000,19.000000,0.667622,0.129032,0.062500,0.084211,0.258065,0.125000,0.168421
train_0078,15,1,157,45,116,119,76,37,32,39,0.000000,0.269517,0.068966,0.194872,0.153846,0.239700,43.000000,45.000000,0.013845,0.000000,0.252669,0.084746,0.159091,0.102273,0.308825,24.000000,10.000000,0.746798,0.000000,0.270557,0.094891,0.161137,0.104265,0.303114,59.000000,0.000000,0.895735,0.031250,0.025641,0.028169,0.125000,0.102564,0.112676
train_0079,3,1,157,18,42,43,36,28,15,21,0.000000,0.258216,0.145833,0.227848,0.151899,0.249167,7.000000,18.000000,0.050794,0.000000,0.293478,0.217391,0.349206,0.222222,0.227001,9.000000,2.000000,0.777778,0.000000,0.293478,0.217391,0.349206,0.222222,0.227001,9.000000,0.000000,0.777778,0.066667,0.047619,0.055556,0.266667,0.190476,0.222222
train_0080,20,1,146,14,34,35,96,32,15,32,0.000000,0.265700,0.092593,0.320611,0.305344,0.229246,61.000000,6.000000,0.014570,0.000000,0.243961,0.169811,0.152542,0.084746,0.264288,74.000000,1.000000,0.915254,0.000000,0.243961,0.169811,0.152542,0.084746,0.264288,74.000000,1.000000,0.915254,0.200000,0.093750,0.127660,0.400000,0.187500,0.255319
train_0081,20,4,155,20,58,58,28,27,18,18,0.000000,0.229008,0.127660,0.139535,0.116279,0.220187,30.000000,23.000000,0.160969,0.000000,0.222672,0.217391,0.256410,0.153846,0.362028,22.000000,19.000000,0.846154,0.000000,0.222672,0.217391,0.256410,0.153846,0.362028,22.000000,19.000000,0.846154,0.111111,0.111111,0.111111,0.000000,0.000000,0.000000
train_0082,20,1,146,14,37,38,20,28,16,13,0.000000,0.220513,0.057143,0.068966,0.068966,0.175886,18.000000,14.000000,0.112443,0.000000,0.276923,0.212121,0.341463,0.146341,0.350751,1.000000,19.000000,0.853659,0.000000,0.276923,0.212121,0.341463,0.146341,0.350751,1.000000,19.000000,0.853659,0.125000,0.153846,0.137931,0.000000,0.000000,0.000000
train_0083,20,2,155,40,99,101,118,33,25,50,0.000000,0.312608,0.086957,0.401826,0.337900,0.276481,17.000000,22.000000,0.053128,0.000000,0.324698,0.150000,0.507042,0.319249,0.363172,23.000000,3.000000,0.590125,0.000000,0.307427,0.148148,0.508621,0.318966,0.378271,4.000000,0.000000,0.681034,0.120000,0.060000,0.080000,0.320000,0.160000,0.213333
train_0084,1,1,156,10,24,24,4,26,8,1,0.000000,0.099099,0.230769,0.214286,0.214286,0.058663,20.000000,10.000000,0.464286,0.000000,0.615385,0.600000,0.750000,0.750000,0.234187,0.000000,0.000000,0.250000,0.000000,0.615385,0.600000,0.750000,0.750000,0.234187,0.000000,0.000000,0.250000,0.000000,0.000000,0.000000,0.000000,0.000000,0.000000
train_0085,6,1,154,21,55,55,139,26,18,83,0.000000,0.246790,0.045455,0.237113,0.216495,0.193753,84.000000,21.000000,0.091999,0.000000,0.241084,0.075630,0.213904,0.160428,0.218371,91.000000,5.000000,0.839572,0.000000,0.241084,0.075630,0.213904,0.160428,0.218371,91.000000,0.000000,0.839572,0.055556,0.012048,0.019802,0.388889,0.084337,0.138614
train_0086,5,1,157,21,54,55,51,29,19,21,0.000000,0.288256,0.089286,0.264151,0.264151,0.243061,4.000000,21.000000,0.184458,0.000000,0.313167,0.326531,0.602151,0.473118,0.436493,9.000000,4.000000,0.526882,0.000000,0.313167,0.326531,0.602151,0.473118,0.436493,9.000000,0.000000,0.526882,0.000000,0.000000,0.000000,0.052632,0.047619,0.050000
train_0087,20,13,157,49,378,385,227,33,33,71,0.000000,0.299100,0.157676,0.349673,0.186275,0.329958,158.000000,61.000000,0.476521,0.000000,0.294067,0.156977,0.379221,0.202597,0.315463,69.000000,8.000000,0.348464,0.000000,0.285850,0.150735,0.379310,0.206897,0.325046,184.000000,0.000000,0.793103,0.060606,0.028169,0.038462,0.181818,0.084507,0.115385
train_0088,20,3,151,34,80,80,220,29,24,113,0.000000,0.226597,0.064103,0.233333,0.173333,0.202279,140.000000,36.000000,0.165844,0.000000,0.231846,0.118012,0.307190,0.183007,0.211381,134.000000,18.000000,0.790176,0.000000,0.236220,0.116564,0.303226,0.187097,0.214761,130.000000,19.000000,0.812903,0.166667,0.035398,0.058394,0.625000,0.132743,0.218978
train_0089,20,3,152,39,104,106,91,28,28,22,0.000000,0.394628,0.307692,0.680203,0.527919,0.435045,15.000000,23.000000,0.012161,0.000000,0.314861,0.092105,0.389189,0.356757,0.287973,3.000000,1.000000,0.563360,0.000000,0.354298,0.082353,0.398010,0.358209,0.286775,19.000000,1.000000,0.641791,0.357143,0.454545,0.400000,0.214286,0.272727,0.240000
train_0090,9,2,157,49,176,174,163,35,34,85,0.000000,0.279270,0.150327,0.213650,0.118694,0.290210,11.000000,50.000000,0.152616,0.000000,0.290011,0.108974,0.233083,0.142857,0.243725,60.000000,4.000000,0.549687,0.000000,0.270751,0.105000,0.245125,0.139276,0.315817,33.000000,0.000000,0.860724,0.205882,0.082353,0.117647,0.411765,0.164706,0.235294
train_0091,10,1,154,35,56,75,16,26,26,9,0.000000,0.176966,0.088889,0.087912,0.087912,0.129487,59.000000,35.000000,0.219360,0.000000,0.252294,0.205882,0.222222,0.190476,0.199616,31.000000,9.000000,0.809524,0.000000,0.252294,0.205882,0.222222,0.190476,0.199616,31.000000,0.000000,0.809524,0.000000,0.000000,0.000000,0.076923,0.222222,0.114286
train_0092,5,1,157,19,42,44,152,32,17,81,0.000000,0.192500,0.065421,0.193878,0.132653,0.150160,108.000000,19.000000,0.028220,0.000000,0.167500,0.088496,0.118919,0.075676,0.130917,119.000000,4.000000,0.924324,0.000000,0.167500,0.088496,0.118919,0.075676,0.130917,119.000000,0.000000,0.924324,0.235294,0.049383,0.081633,0.470588,0.098765,0.163265
train_0093,5,1,154,17,37,37,88,28,15,34,0.000000,0.294618,0.113208,0.352000,0.320000,0.304687,51.000000,2.000000,0.032581,0.000000,0.232295,0.105263,0.157895,0.157895,0.189846,62.000000,14.000000,0.842105,0.000000,0.232295,0.105263,0.157895,0.157895,0.184351,62.000000,18.000000,0.842105,0.200000,0.088235,0.122449,0.400000,0.176471,0.244898
train_0094,20,2,157,37,104,106,30,32,26,21,0.000000,0.211864,0.086207,0.073529,0.058824,0.181210,76.000000,38.000000,0.186458,0.000000,0.219895,0.080000,0.132231,0.082645,0.189685,61.000000,16.000000,0.826129,0.000000,0.195473,0.066667,0.112676,0.070423,0.173030,82.000000,19.000000,0.929577,0.115385,0.142857,0.127660,0.038462,0.047619,0.042553
train_0095,13,1,157,45,126,127,123,34,34,59,0.000000,0.289625,0.098214,0.304000,0.240000,0.262115,4.000000,45.000000,0.005291,0.000000,0.291066,0.106870,0.250000,0.151786,0.295920,22.000000,8.000000,0.685012,0.000000,0.258152,0.100671,0.248120,0.142857,0.304687,20.000000,0.000000,0.857143,0.058824,0.033898,0.043011,0.176471,0.101695,0.129032
train_0096,20,3,153,37,89,89,95,28,28,40,0.000000,0.306584,0.058140,0.347826,0.304348,0.281406,6.000000,39.000000,0.007247,0.000000,0.306584,0.141304,0.259459,0.216216,0.335634,5.000000,19.000000,0.783784,0.000000,0.306584,0.141304,0.259459,0.216216,0.335634,5.000000,0.000000,0.783784,0.000000,0.000000,0.000000,0.250000,0.175000,0.205882
train_0097,20,1,153,36,70,79,40,27,23,12,0.000000,0.288770,0.122449,0.352941,0.302521,0.232555,39.000000,27.000000,0.022642,0.000000,0.338710,0.250000,0.471698,0.377358,0.313379,26.000000,10.000000,0.622642,0.000000,0.338710,0.250000,0.471698,0.377358,0.313379,26.000000,9.000000,0.622642,0.043478,0.083333,0.057143,0.173913,0.333333,0.228571
train_0098,20,9,157,48,250,247,4,33,33,1,0.000000,0.013245,0.031915,0.023904,0.023904,0.012684,243.000000,56.000000,0.442319,0.000000,0.021505,0.047619,0.042857,0.042857,0.016118,132.000000,9.000000,0.648053,0.000000,0.010914,0.025210,0.021898,0.021898,0.008531,266.000000,0.000000,0.978102,0.000000,0.000000,0.000000,0.000000,0.000000,0.000000
train_0099,20,1,157,42,111,109,164,38,31,94,0.000000,0.301570,0.042254,0.219780,0.183150,0.222727,55.000000,42.000000,0.212179,0.000000,0.291480,0.081633,0.236641,0.167939,0.239843,66.000000,14.000000,0.695690,0.000000,0.300448,0.090323,0.241379,0.179310,0.260623,38.000000,19.000000,0.820690,0.000000,0.000000,0.000000,0.290323,0.095745,0.144000
train_0100,4,1,157,17,39,42,5,27,13,3,0.000000,0.111628,0.035714,0.042553,0.042553,0.096757,37.000000,17.000000,0.285326,0.000000,0.167665,0.086957,0.125000,0.062500,0.188099,22.000000,3.000000,0.937500,0.000000,0.167665,0.086957,0.125000,0.062500,0.188099,22.000000,0.000000,0.937500,0.000000,0.000000,0.000000,0.000000,0.000000,0.000000
train_0101,5,1,157,20,59,58,74,33,18,36,0.000000,0.289744,0.074627,0.181818,0.151515,0.233945,16.000000,1.000000,0.150470,0.000000,0.282051,0.076923,0.106061,0.090909,0.223897,16.000000,15.000000,0.909091,0.000000,0.282051,0.076923,0.106061,0.090909,0.223897,16.000000,19.000000,0.909091,0.111111,0.055556,0.074074,0.166667,0.083333,0.111111
train_0102,21,6,154,36,108,109,5,28,28,5,0.000000,0.033582,0.000000,0.000000,0.000000,0.015070,104.000000,41.000000,0.324324,0.000000,0.036290,0.000000,0.000000,0.000000,0.016734,88.000000,17.000000,0.902913,0.000000,0.030508,0.000000,0.000000,0.000000,0.014897,108.000000,0.000000,1.000000,0.000000,0.000000,0.000000,0.071429,0.400000,0.121212
train_0103,4,1,157,37,91,99,122,25,23,62,0.000000,0.320847,0.076190,0.271493,0.253394,0.287252,23.000000,37.000000,0.251736,0.000000,0.328990,0.168421,0.363636,0.296651,0.296963,35.000000,3.000000,0.703349,0.000000,0.328990,0.168421,0.363636,0.296651,0.296963,35.000000,3.000000,0.703349,0.000000,0.000000,0.000000,0.565217,0.209677,0.305882
train_0104,20,1,147,14,31,31,162,27,14,78,0.000000,0.162125,0.064516,0.196891,0.165803,0.155953,131.000000,14.000000,0.006249,0.000000,0.153951,0.051020,0.054945,0.032967,0.142879,142.000000,9.000000,0.967033,0.000000,0.153951,0.051020,0.054945,0.032967,0.142879,142.000000,9.000000,0.967033,0.357143,0.064103,0.108696,0.500000,0.089744,0.152174
train_0105,20,11,157,44,262,259,196,28,28,63,0.000000,0.295993,0.183673,0.426374,0.259341,0.315353,63.000000,35.000000,0.269689,0.000000,0.309904,0.189024,0.387879,0.248485,0.292562,62.000000,10.000000,0.365190,0.000000,0.303221,0.248869,0.490644,0.274428,0.345630,89.000000,0.000000,0.725572,0.035714,0.015873,0.021978,0.250000,0.111111,0.153846
train_0106,1,1,157,8,33,33,27,32,7,14,0.000000,0.279330,0.214286,0.300000,0.233333,0.279875,6.000000,8.000000,0.486111,0.000000,0.286713,0.257143,0.375000,0.291667,0.298824,6.000000,0.000000,0.708333,0.000000,0.286713,0.257143,0.375000,0.291667,0.298824,6.000000,0.000000,0.708333,0.000000,0.000000,0.000000,0.428571,0.214286,0.285714
train_0107,4,1,156,18,43,44,52,33,18,34,0.000000,0.280303,0.066667,0.229167,0.208333,0.222496,8.000000,7.000000,0.112782,0.000000,0.299242,0.064516,0.095238,0.071429,0.190136,20.000000,8.000000,0.928571,0.000000,0.299242,0.064516,0.095238,0.071429,0.190136,20.000000,11.000000,0.928571,0.111111,0.058824,0.076923,0.111111,0.058824,0.076923
train_0108,16,1,148,35,66,74,86,29,25,33,0.000000,0.310680,0.134328,0.475000,0.387500,0.312598,12.000000,35.000000,0.025040,0.000000,0.347087,0.128571,0.391892,0.283784,0.309605,24.000000,15.000000,0.716216,0.000000,0.347087,0.128571,0.391892,0.283784,0.309605,24.000000,0.000000,0.716216,0.160000,0.121212,0.137931,0.240000,0.181818,0.206897
train_0109,20,1,153,34,71,74,73,26,26,23,0.000000,0.360335,0.055556,0.394558,0.380952,0.281827,1.000000,16.000000,0.148055,0.000000,0.431973,0.063830,0.594203,0.579710,0.264847,8.000000,1.000000,0.420290,0.000000,0.431973,0.063830,0.594203,0.579710,0.264847,8.000000,1.000000,0.420290,0.038462,0.043478,0.040816,0.115385,0.130435,0.122449
train_0110,7,1,154,37,93,94,77,34,24,19,0.000000,0.377399,0.236364,0.573099,0.491228,0.329463,17.000000,37.000000,0.068185,0.000000,0.304348,0.144578,0.269006,0.187135,0.252806,17.000000,6.000000,0.812865,0.000000,0.304348,0.144578,0.269006,0.187135,0.252806,17.000000,0.000000,0.812865,0.208333,0.263158,0.232558,0.125000,0.157895,0.139535
train_0111,13,1,153,44,112,115,90,32,30,26,0.000000,0.371595,0.132353,0.517073,0.458537,0.325657,25.000000,44.000000,0.042261,0.000000,0.322034,0.171053,0.408840,0.309392,0.326725,1.000000,10.000000,0.586738,0.000000,0.352166,0.164706,0.394089,0.305419,0.309103,23.000000,0.000000,0.694581,0.100000,0.115385,0.107143,0.233333,0.269231,0.250000
train_0112,20,7,155,36,118,120,281,28,28,111,0.000000,0.279476,0.129213,0.359102,0.274314,0.293684,161.000000,22.000000,0.110960,0.000000,0.257642,0.141243,0.294737,0.200000,0.282305,182.000000,6.000000,0.599749,0.000000,0.302038,0.157895,0.363636,0.239234,0.338185,144.000000,20.000000,0.760766,0.107143,0.027027,0.043165,0.428571,0.108108,0.172662
train_0113,20,4,154,35,93,94,99,29,29,39,0.000000,0.268889,0.107143,0.445596,0.321244,0.315019,5.000000,20.000000,0.023371,0.000000,0.265659,0.159091,0.468085,0.319149,0.320194,10.000000,0.000000,0.651434,0.000000,0.291165,0.157303,0.466321,0.321244,0.317161,5.000000,18.000000,0.678756,0.068966,0.051282,0.058824,0.206897,0.153846,0.176471
train_0114,18,6,155,49,186,189,67,33,33,32,0.000000,0.246642,0.115385,0.195312,0.148438,0.223521,122.000000,54.000000,0.210173,0.000000,0.301923,0.126214,0.252747,0.186813,0.291095,48.000000,9.000000,0.577317,0.000000,0.234619,0.104895,0.219780,0.139194,0.238253,139.000000,0.000000,0.860806,0.121212,0.125000,0.123077,0.151515,0.156250,0.153846
train_0115,6,1,157,35,78,93,230,28,28,146,0.000000,0.230574,0.076142,0.179567,0.111455,0.191513,137.000000,16.000000,0.156092,0.000000,0.222128,0.099010,0.245955,0.122977,0.213474,151.000000,14.000000,0.877023,0.000000,0.222128,0.099010,0.245955,0.122977,0.213474,151.000000,19.000000,0.877023,0.178571,0.034247,0.057471,0.607143,0.116438,0.195402
train_0116,1,1,157,8,15,15,77,27,8,58,0.000000,0.160287,0.044776,0.108696,0.086957,0.123335,62.000000,8.000000,0.308333,0.000000,0.040670,0.016393,0.025000,0.025000,0.027181,74.000000,0.000000,0.975000,0.000000,0.040670,0.016393,0.025000,0.025000,0.027181,74.000000,0.000000,0.975000,0.250000,0.034483,0.060606,0.375000,0.051724,0.090909
train_0117,21,1,149,34,58,77,16,25,23,9,0.000000,0.204986,0.090909,0.086022,0.064516,0.206436,61.000000,19.000000,0.083512,0.000000,0.246479,0.159091,0.212121,0.121212,0.302598,34.000000,5.000000,0.878788,0.000000,0.246479,0.159091,0.212121,0.121212,0.302598,34.000000,5.000000,0.878788,0.000000,0.000000,0.000000,0.000000,0.000000,0.000000
train_0118,20,1,157,41,104,103,213,32,32,102,0.000000,0.271906,0.025000,0.303797,0.278481,0.220520,110.000000,22.000000,0.015908,0.000000,0.240289,0.105263,0.188925,0.123779,0.211240,119.000000,6.000000,0.735407,0.000000,0.276423,0.112299,0.214286,0.130952,0.249690,90.000000,0.000000,0.869048,0.000000,0.000000,0.000000,0.312500,0.098039,0.149254
train_0119,20,5,156,34,93,94,23,28,28,17,0.000000,0.196507,0.048387,0.051282,0.051282,0.139454,71.000000,38.000000,0.206534,0.000000,0.200000,0.078947,0.108108,0.090090,0.181544,65.000000,17.000000,0.850572,0.000000,0.180422,0.070588,0.096774,0.080645,0.170981,78.000000,19.000000,0.919355,0.000000,0.000000,0.000000,0.000000,0.000000,0.000000
train_0120,20,1,152,36,76,80,100,26,24,25,0.000000,0.349169,0.147541,0.511111,0.455556,0.337977,20.000000,17.000000,0.072937,0.000000,0.377672,0.161765,0.559140,0.494624,0.323509,14.000000,0.000000,0.505376,0.000000,0.377672,0.161765,0.559140,0.494624,0.323509,14.000000,0.000000,0.505376,0.125000,0.120000,0.122449,0.166667,0.160000,0.163265
train_0121,20,1,154,43,109,110,123,29,28,44,0.000000,0.351351,0.109890,0.472103,0.412017,0.332376,13.000000,24.000000,0.101008,0.000000,0.349662,0.150000,0.524887,0.334842,0.367738,25.000000,4.000000,0.556500,0.000000,0.280405,0.166667,0.557769,0.310757,0.391267,5.000000,0.000000,0.689243,0.142857,0.090909,0.111111,0.250000,0.159091,0.194444
train_0122,4,1,157,19,49,50,98,29,17,27,0.000000,0.339950,0.188679,0.432432,0.391892,0.313014,48.000000,19.000000,0.109179,0.000000,0.312655,0.181818,0.275362,0.246377,0.272787,58.000000,3.000000,0.753623,0.000000,0.312655,0.181818,0.275362,0.246377,0.272787,58.000000,0.000000,0.753623,0.117647,0.074074,0.090909,0.176471,0.111111,0.136364
train_0123,1,1,157,19,94,140,170,28,18,95,0.000000,0.287234,0.072289,0.316129,0.258065,0.222725,30.000000,19.000000,0.562335,0.000000,0.256501,0.073826,0.335821,0.261194,0.157676,72.000000,0.000000,0.738806,0.000000,0.256501,0.073826,0.335821,0.261194,0.157676,72.000000,0.000000,0.738806,0.055556,0.010526,0.017699,0.555556,0.105263,0.176991
train_0124,6,1,157,11,28,27,141,27,9,81,0.000000,0.144476,0.030928,0.154762,0.142857,0.112583,114.000000,11.000000,0.126697,0.000000,0.090652,0.054348,0.078431,0.078431,0.084630,129.000000,5.000000,0.921569,0.000000,0.090652,0.054348,0.078431,0.078431,0.084630,129.000000,5.000000,0.921569,0.000000,0.000000,0.000000,0.666667,0.074074,0.133333
train_0125,20,1,154,17,35,34,70,32,18,49,0.000000,0.252874,0.044776,0.230769,0.211538,0.183668,36.000000,17.000000,0.008333,0.000000,0.232759,0.026667,0.041667,0.041667,0.219665,44.000000,19.000000,0.958333,0.000000,0.232759,0.026667,0.041667,0.041667,0.219665,44.000000,19.000000,0.958333,0.166667,0.061224,0.089552,0.222222,0.081633,0.119403
train_0126,14,1,152,34,57,75,17,27,27,14,0.000000,0.194444,0.066667,0.065217,0.043478,0.176331,58.000000,34.000000,0.442527,0.000000,0.213198,0.057143,0.061538,0.061538,0.155300,31.000000,13.000000,0.938462,0.000000,0.252381,0.057143,0.061538,0.061538,0.187874,31.000000,0.000000,0.938462,0.074074,0.142857,0.097561,0.000000,0.000000,0.000000
train_0127,5,1,157,17,42,41,38,27,14,23,0.000000,0.301887,0.122449,0.202532,0.151899,0.293228,3.000000,6.000000,0.051306,0.000000,0.324528,0.208333,0.312500,0.187500,0.386653,12.000000,7.000000,0.812500,0.000000,0.324528,0.208333,0.312500,0.187500,0.386653,12.000000,7.000000,0.812500,0.071429,0.043478,0.054054,0.142857,0.086957,0.108108
train_0128,20,5,151,39,108,109,24,28,28,21,0.000000,0.201581,0.098361,0.090226,0.045113,0.191568,85.000000,43.000000,0.196927,0.000000,0.204589,0.034884,0.047619,0.031746,0.149209,78.000000,16.000000,0.879456,0.000000,0.189274,0.030612,0.040816,0.027211,0.139441,99.000000,19.000000,0.972789,0.142857,0.190476,0.163265,0.071429,0.095238,0.081633
train_0129,14,1,150,31,65,69,29,26,22,17,0.000000,0.247706,0.170213,0.244898,0.204082,0.261878,40.000000,31.000000,0.291765,0.000000,0.295276,0.181818,0.235294,0.188235,0.261252,27.000000,13.000000,0.811765,0.000000,0.295276,0.181818,0.235294,0.188235,0.261252,27.000000,0.000000,0.811765,0.136364,0.176471,0.153846,0.000000,0.000000,0.000000
train_0130,20,2,154,20,49,50,78,27,17,28,0.000000,0.313019,0.140000,0.484375,0.406250,0.283673,28.000000,2.000000,0.041055,0.000000,0.299169,0.140000,0.254237,0.203390,0.250547,38.000000,0.000000,0.796610,0.000000,0.290859,0.140000,0.254237,0.203390,0.230489,38.000000,19.000000,0.796610,0.176471,0.107143,0.133333,0.117647,0.071429,0.088889
train_0131,21,5,156,47,167,165,94,32,32,26,0.000000,0.308437,0.121212,0.332046,0.247104,0.258234,71.000000,51.000000,0.019189,0.000000,0.358595,0.202128,0.507317,0.360976,0.382893,17.000000,13.000000,0.417564,0.000000,0.301706,0.170543,0.455516,0.327402,0.315351,93.000000,0.000000,0.672598,0.000000,0.000000,0.000000,0.031250,0.038462,0.034483
train_0132,20,1,157,37,72,83,36,27,26,26,0.000000,0.272727,0.084746,0.084034,0.067227,0.208246,47.000000,28.000000,0.210948,0.000000,0.287037,0.073529,0.112150,0.074766,0.241586,35.000000,10.000000,0.925234,0.000000,0.287037,0.073529,0.112150,0.074766,0.241586,35.000000,10.000000,0.925234,0.115385,0.115385,0.115385,0.153846,0.153846,0.153846
train_0133,6,1,157,37,75,93,94,29,23,53,0.000000,0.252174,0.117021,0.299465,0.224599,0.279304,1.000000,37.000000,0.072120,0.000000,0.260870,0.123894,0.294118,0.188235,0.291309,18.000000,5.000000,0.811765,0.000000,0.260870,0.123894,0.294118,0.188235,0.291309,18.000000,0.000000,0.811765,0.130435,0.056604,0.078947,0.391304,0.169811,0.236842
train_0134,22,2,154,45,121,122,96,32,32,29,0.000000,0.361818,0.173913,0.596330,0.522936,0.331344,26.000000,46.000000,0.042312,0.000000,0.296875,0.105263,0.340206,0.278351,0.306631,2.000000,15.000000,0.521093,0.000000,0.322009,0.100917,0.396476,0.334802,0.291085,35.000000,0.000000,0.665198,0.187500,0.206897,0.196721,0.125000,0.137931,0.131148
train_0135,20,3,157,19,49,48,125,32,18,68,0.000000,0.231548,0.080808,0.173410,0.115607,0.187350,77.000000,2.000000,0.017688,0.000000,0.276411,0.114035,0.191011,0.101124,0.262765,72.000000,0.000000,0.898876,0.000000,0.276411,0.114035,0.191011,0.101124,0.262765,72.000000,0.000000,0.898876,0.111111,0.029412,0.046512,0.444444,0.117647,0.186047
train_0136,15,1,156,35,78,83,22,32,27,20,0.000000,0.211886,0.054545,0.057143,0.019048,0.227124,61.000000,35.000000,0.058073,0.000000,0.226757,0.023529,0.037736,0.037736,0.197436,62.000000,14.000000,0.962264,0.000000,0.237363,0.023529,0.037736,0.037736,0.210252,62.000000,0.000000,0.962264,0.111111,0.150000,0.127660,0.037037,0.050000,0.042553
train_0137,20,3,152,43,122,122,91,32,32,30,0.000000,0.393053,0.176471,0.600939,0.507042,0.363189,31.000000,45.000000,0.041624,0.000000,0.339623,0.054945,0.370370,0.359788,0.288669,7.000000,13.000000,0.421762,0.000000,0.365188,0.056075,0.456140,0.412281,0.296024,46.000000,19.000000,0.587719,0.218750,0.233333,0.225806,0.125000,0.133333,0.129032
train_0138,19,1,147,15,35,35,64,27,11,19,0.000000,0.315603,0.102564,0.323232,0.282828,0.204913,29.000000,4.000000,0.011494,0.000000,0.290780,0.190476,0.183908,0.183908,0.253530,41.000000,1.000000,0.816092,0.000000,0.290780,0.190476,0.183908,0.183908,0.253530,41.000000,1.000000,0.816092,0.000000,0.000000,0.000000,0.000000,0.000000,0.000000
train_0139,20,1,152,37,79,82,106,26,24,40,0.000000,0.323471,0.131579,0.404255,0.319149,0.292567,24.000000,37.000000,0.081522,0.000000,0.321499,0.135802,0.456522,0.293478,0.359127,28.000000,19.000000,0.706522,0.000000,0.321499,0.135802,0.456522,0.293478,0.359127,28.000000,0.000000,0.706522,0.125000,0.075000,0.093750,0.291667,0.175000,0.218750
train_0140,12,1,153,17,30,34,39,26,15,18,0.000000,0.335196,0.085714,0.438356,0.383562,0.224377,5.000000,17.000000,0.052003,0.000000,0.217877,0.066667,0.078431,0.078431,0.195582,27.000000,11.000000,0.921569,0.000000,0.217877,0.066667,0.078431,0.078431,0.195582,27.000000,11.000000,0.921569,0.200000,0.166667,0.181818,0.133333,0.111111,0.121212
train_0141,20,1,152,40,97,100,36,30,29,25,0.000000,0.256579,0.065574,0.102941,0.088235,0.196339,64.000000,24.000000,0.212005,0.000000,0.263043,0.048193,0.062016,0.062016,0.195364,57.000000,1.000000,0.868472,0.000000,0.244660,0.067416,0.085106,0.070922,0.193603,69.000000,3.000000,0.929078,0.068966,0.080000,0.074074,0.068966,0.080000,0.074074
train_0142,20,1,157,41,99,98,108,33,28,60,0.000000,0.293539,0.061947,0.116505,0.106796,0.245640,10.000000,41.000000,0.060064,0.000000,0.280899,0.160584,0.330000,0.160000,0.366937,16.000000,16.000000,0.758741,0.000000,0.244382,0.172414,0.341014,0.156682,0.396344,1.000000,0.000000,0.843318,0.107143,0.050000,0.068182,0.178571,0.083333,0.113636
train_0143,7,1,156,43,112,115,84,35,29,26,0.000000,0.380583,0.115942,0.512563,0.472362,0.334661,31.000000,24.000000,0.046217,0.000000,0.352227,0.129032,0.269663,0.224719,0.288588,10.000000,15.000000,0.608308,0.000000,0.312312,0.126126,0.281690,0.234742,0.260919,45.000000,19.000000,0.765258,0.068966,0.076923,0.072727,0.034483,0.038462,0.036364
train_0144,20,8,155,49,224,225,25,33,33,19,0.000000,0.138537,0.037037,0.032000,0.032000,0.113539,200.000000,56.000000,0.374989,0.000000,0.195513,0.042553,0.052288,0.052288,0.162865,103.000000,9.000000,0.647592,0.000000,0.127711,0.040268,0.044280,0.036900,0.120010,221.000000,19.000000,0.963100,0.000000,0.000000,0.000000,0.000000,0.000000,0.000000
train_0145,20,1,157,41,104,104,122,33,29,49,0.000000,0.309122,0.100000,0.486726,0.415929,0.338729,18.000000,22.000000,0.054735,0.000000,0.363176,0.157303,0.507042,0.413146,0.346171,31.000000,4.000000,0.447127,0.000000,0.359797,0.154639,0.533898,0.440678,0.373967,8.000000,0.000000,0.559322,0.137931,0.081633,0.102564,0.310345,0.183673,0.230769
train_0146,19,1,154,41,108,110,8,28,28,5,0.000000,0.102881,0.068182,0.050847,0.050847,0.107234,102.000000,41.000000,0.263964,0.000000,0.118834,0.052632,0.059406,0.039604,0.109054,85.000000,15.000000,0.873984,0.000000,0.102996,0.045455,0.050000,0.033333,0.094817,104.000000,0.000000,0.966667,0.035714,0.200000,0.060606,0.000000,0.000000,0.000000
train_0147,5,3,157,57,251,239,137,32,32,52,0.000000,0.295142,0.103896,0.207447,0.143617,0.269901,102.000000,59.000000,0.223905,0.000000,0.269341,0.158621,0.348485,0.181818,0.309899,10.000000,3.000000,0.432732,0.000000,0.267133,0.158654,0.346793,0.185273,0.271147,147.000000,4.000000,0.814727,0.062500,0.038462,0.047619,0.093750,0.057692,0.071429
train_0148,15,1,153,37,65,83,101,26,25,43,0.000000,0.325843,0.074074,0.423913,0.380435,0.301571,18.000000,19.000000,0.089459,0.000000,0.391011,0.150685,0.526946,0.407186,0.421050,35.000000,4.000000,0.592814,0.000000,0.391011,0.150685,0.526946,0.407186,0.421050,35.000000,4.000000,0.592814,0.040000,0.023256,0.029412,0.360000,0.209302,0.264706
train_0149,4,1,153,20,66,66,22,34,17,21,0.000000,0.235294,0.017857,0.022727,0.022727,0.175193,44.000000,20.000000,0.290864,0.000000,0.234921,0.014286,0.024096,0.024096,0.173905,39.000000,3.000000,0.975904,0.000000,0.234921,0.014286,0.024096,0.024096,0.173905,39.000000,0.000000,0.975904,0.058824,0.047619,0.052632,0.058824,0.047619,0.052632
train_0150,24,8,153,42,149,148,175,28,28,68,0.000000,0.286624,0.107143,0.402477,0.315789,0.298170,27.000000,25.000000,0.038864,0.000000,0.307006,0.207407,0.439716,0.269504,0.336367,68.000000,12.000000,0.467223,0.000000,0.293144,0.191358,0.476744,0.308140,0.342008,6.000000,24.000000,0.691860,0.107143,0.044118,0.062500,0.285714,0.117647,0.166667
