rank,token,training_add_cases,training_add_rate,development_observed_add_cases,marginal_predicted_cases,marginal_correct_cases,retrieval_predicted_cases,retrieval_correct_cases
1,an,35,0.233333,9,24,9,9,7
2,in,35,0.233333,10,22,10,11,8
3,my,31,0.206667,8,23,8,13,4
4,is,30,0.200000,5,34,5,17,2
5,who,28,0.186667,10,31,10,13,7
6,and,27,0.180000,7,23,6,14,4
7,for,27,0.180000,8,37,8,9,2
8,of,27,0.180000,11,25,10,6,3
9,person,27,0.180000,5,27,5,12,3
10,the,27,0.180000,5,24,5,12,3
11,with,26,0.173333,7,30,7,12,2
12,at,25,0.166667,8,39,8,9,0
13,be,24,0.160000,7,34,7,4,0
14,friend,23,0.153333,5,39,5,15,2
15,have,23,0.153333,6,34,6,14,3
16,lover,23,0.153333,6,37,5,5,0
17,about,22,0.146667,11,40,11,7,3
18,things,22,0.146667,7,37,6,11,1
19,do,21,0.140000,5,39,5,3,0
20,live,21,0.140000,3,42,3,5,0
21,that,21,0.140000,6,36,5,3,1
22,to,21,0.140000,8,17,7,7,3
23,as,20,0.133333,7,37,7,13,1
24,i'm,20,0.133333,4,35,3,8,0
25,kind,20,0.133333,4,38,4,5,0
26,me,20,0.133333,5,36,5,11,1
27,not,20,0.133333,6,26,5,11,2
28,others,20,0.133333,3,35,3,10,1
29,am,19,0.126667,4,5,3,6,4
30,creative,19,0.126667,3,32,2,5,0
31,life,19,0.126667,8,26,6,11,3
32,on,19,0.126667,10,26,9,11,4
33,people,19,0.126667,9,29,5,9,1
34,it,18,0.120000,4,27,4,6,1
35,very,18,0.120000,6,28,4,5,3
36,but,17,0.113333,6,24,4,11,1
37,good,17,0.113333,5,27,3,15,1
38,i,17,0.113333,5,2,2,6,5
39,love,17,0.113333,10,21,6,9,3
40,enjoy,16,0.106667,7,31,6,7,3
41,like,16,0.106667,12,20,9,4,1
42,myself,16,0.106667,3,26,3,2,0
43,a,15,0.100000,5,2,2,6,5
44,all,15,0.100000,6,28,5,5,2
45,also,15,0.100000,5,24,4,8,1
46,can,15,0.100000,8,23,6,4,2
47,from,15,0.100000,6,23,3,3,0
48,mother,15,0.100000,4,24,1,5,0
49,other,15,0.100000,1,21,0,0,0
50,sister,15,0.100000,1,20,0,8,0
51,time,15,0.100000,5,18,3,8,1
52,being,14,0.093333,5,22,3,5,1
53,daughter,14,0.093333,3,20,1,9,1
54,new,14,0.093333,2,22,0,4,0
55,work,14,0.093333,4,23,2,6,1
56,artist,13,0.086667,1,24,0,6,0
57,fun,13,0.086667,4,24,3,0,0
58,learning,13,0.086667,4,24,2,6,2
59,loyal,13,0.086667,3,24,1,7,0
60,many,13,0.086667,4,19,0,4,0
61,someone,13,0.086667,7,20,4,14,2
62,strong,13,0.086667,3,21,3,4,0
63,woman,13,0.086667,2,16,0,9,0
64,are,12,0.080000,5,19,3,3,1
65,believe,12,0.080000,2,19,0,7,0
66,caring,12,0.080000,3,21,1,6,0
67,cook,12,0.080000,6,18,3,2,0
68,empathetic,12,0.080000,0,17,0,5,0
69,family,12,0.080000,4,16,2,6,1
70,female,12,0.080000,0,18,0,3,0
71,great,12,0.080000,4,20,2,1,0
72,hard,12,0.080000,4,17,1,5,0
73,man,12,0.080000,4,16,1,5,1
74,more,12,0.080000,4,16,1,6,0
75,nature,12,0.080000,3,17,0,4,0
76,one,12,0.080000,5,15,3,1,0
77,owner,12,0.080000,3,13,1,10,1
78,still,12,0.080000,3,16,1,3,0
79,was,12,0.080000,3,14,1,2,0
80,years,12,0.080000,3,14,1,5,0
81,2,11,0.073333,2,10,1,3,0
82,around,11,0.073333,1,13,1,12,0
83,games,11,0.073333,1,12,1,3,0
84,music,11,0.073333,8,9,4,5,1
85,smart,11,0.073333,0,13,0,6,0
86,than,11,0.073333,2,10,0,1,0
87,up,11,0.073333,4,8,1,0,0
88,well,11,0.073333,4,11,1,11,0
89,what,11,0.073333,3,9,1,4,0
90,worker,11,0.073333,4,10,0,9,1
91,world,11,0.073333,1,7,0,2,0
92,american,10,0.066667,3,7,1,2,0
93,animal,10,0.066667,4,6,0,6,0
94,been,10,0.066667,5,5,0,4,0
95,best,10,0.066667,2,8,1,3,0
96,care,10,0.066667,3,5,1,1,0
97,christian,10,0.066667,0,8,0,7,0
98,don't,10,0.066667,7,7,3,12,2
99,enjoys,10,0.066667,3,7,0,3,0
100,food,10,0.066667,3,7,0,5,0
101,has,10,0.066667,4,6,2,6,2
102,helpful,10,0.066667,0,6,0,3,0
103,loves,10,0.066667,2,6,1,6,1
104,reader,10,0.066667,7,4,0,5,3
105,self,10,0.066667,2,7,1,5,0
106,wife,10,0.066667,2,7,0,9,0
107,3,9,0.060000,4,3,0,2,0
108,always,9,0.060000,4,3,1,0,0
109,aunt,9,0.060000,3,5,0,1,0
110,better,9,0.060000,2,4,0,1,0
111,dog,9,0.060000,1,5,1,7,0
112,fan,9,0.060000,6,5,1,2,1
113,friends,9,0.060000,1,6,0,10,0
114,funny,9,0.060000,4,5,0,0,0
115,god,9,0.060000,1,5,0,4,0
116,just,9,0.060000,2,4,0,5,0
117,listener,9,0.060000,3,6,0,6,1
118,make,9,0.060000,1,5,0,7,0
119,middle,9,0.060000,3,5,2,2,0
120,much,9,0.060000,3,5,0,3,0
121,no,9,0.060000,3,5,1,3,0
122,quiet,9,0.060000,1,6,0,2,0
123,so,9,0.060000,2,3,0,2,0
124,sometimes,9,0.060000,3,3,0,3,2
125,this,9,0.060000,5,4,1,2,1
126,try,9,0.060000,1,5,0,0,0
127,animals,8,0.053333,3,4,0,8,1
128,by,8,0.053333,3,4,0,0,0
129,child,8,0.053333,2,5,0,2,0
130,curious,8,0.053333,7,4,1,2,0
131,feel,8,0.053333,3,4,0,1,0
132,gamer,8,0.053333,2,4,0,3,0
133,get,8,0.053333,3,3,0,8,0
134,graduate,8,0.053333,2,4,0,3,1
135,if,8,0.053333,4,1,0,1,0
136,intelligent,8,0.053333,3,4,1,0,0
137,kids,8,0.053333,1,4,0,2,0
138,looking,8,0.053333,3,4,0,7,0
139,married,8,0.053333,3,3,1,2,1
140,or,8,0.053333,3,2,0,8,0
141,out,8,0.053333,4,2,0,1,0
142,outdoors,8,0.053333,0,3,0,2,0
143,see,8,0.053333,1,2,0,2,0
144,take,8,0.053333,4,1,0,1,0
145,teacher,8,0.053333,0,3,0,3,0
146,think,8,0.053333,4,1,0,1,0
147,thoughtful,8,0.053333,2,2,0,0,0
148,us,8,0.053333,1,2,0,3,0
149,writer,8,0.053333,2,1,0,3,0
150,you,8,0.053333,1,2,0,4,0
151,5,7,0.046667,3,0,0,1,0
152,active,7,0.046667,1,1,0,2,0
153,age,7,0.046667,0,1,0,2,0
154,because,7,0.046667,2,1,0,2,0
155,degree,7,0.046667,0,1,0,1,0
156,first,7,0.046667,2,1,0,8,0
157,full,7,0.046667,3,2,0,2,0
158,hair,7,0.046667,1,1,0,0,0
159,her,7,0.046667,3,0,0,7,1
160,home,7,0.046667,3,1,0,8,0
161,husband,7,0.046667,6,2,1,6,0
162,know,7,0.046667,3,2,0,1,0
163,lot,7,0.046667,3,1,0,4,0
164,male,7,0.046667,2,1,0,1,0
165,nice,7,0.046667,1,2,0,0,0
166,own,7,0.046667,6,2,0,0,0
167,part,7,0.046667,1,0,0,1,0
168,religious,7,0.046667,0,2,0,2,0
169,right,7,0.046667,2,1,0,4,0
170,single,7,0.046667,0,2,0,0,0
171,some,7,0.046667,2,0,0,6,0
172,spiritual,7,0.046667,1,1,0,2,0
173,tall,7,0.046667,1,0,0,0,0
174,want,7,0.046667,7,0,0,1,1
175,when,7,0.046667,5,0,0,1,0
176,working,7,0.046667,4,0,0,8,0
177,13,6,0.040000,2,0,0,1,0
178,16,6,0.040000,2,0,0,1,0
179,17,6,0.040000,2,0,0,1,0
180,18,6,0.040000,2,0,0,1,0
181,4,6,0.040000,2,0,0,1,0
182,6,6,0.040000,2,0,0,1,0
183,9,6,0.040000,2,0,0,1,0
184,adult,6,0.040000,1,0,0,2,0
185,after,6,0.040000,1,0,0,2,1
186,aged,6,0.040000,2,0,0,1,0
187,art,6,0.040000,2,0,0,4,0
188,brave,6,0.040000,0,0,0,3,0
189,cat,6,0.040000,3,0,0,6,0
190,college,6,0.040000,2,0,0,2,0
191,cooking,6,0.040000,1,0,0,1,0
192,day,6,0.040000,1,0,0,4,0
193,dogs,6,0.040000,3,0,0,5,0
194,done,6,0.040000,1,0,0,8,0
195,exercise,6,0.040000,3,0,0,3,1
196,gardener,6,0.040000,1,0,0,3,0
197,happy,6,0.040000,4,0,0,1,1
198,health,6,0.040000,1,0,0,6,0
199,healthy,6,0.040000,1,0,0,1,0
200,heterosexual,6,0.040000,0,0,0,3,0
201,history,6,0.040000,1,0,0,5,0
202,honest,6,0.040000,2,0,0,2,0
203,human,6,0.040000,5,0,0,3,0
204,introvert,6,0.040000,1,0,0,0,0
205,leader,6,0.040000,3,0,0,1,0
206,learn,6,0.040000,2,0,0,2,0
207,liberal,6,0.040000,3,0,0,2,0
208,likes,6,0.040000,1,0,0,4,0
209,little,6,0.040000,1,0,0,2,0
210,loving,6,0.040000,2,0,0,3,1
211,most,6,0.040000,3,0,0,2,0
212,never,6,0.040000,1,0,0,1,1
213,old,6,0.040000,3,0,0,1,0
214,over,6,0.040000,6,0,0,3,0
215,play,6,0.040000,6,0,0,0,0
216,put,6,0.040000,1,0,0,2,0
217,read,6,0.040000,4,0,0,1,0
218,retired,6,0.040000,1,0,0,2,0
219,say,6,0.040000,2,0,0,0,0
220,school,6,0.040000,0,0,0,3,0
221,short,6,0.040000,2,0,0,5,0
222,small,6,0.040000,1,0,0,3,0
223,tech,6,0.040000,1,0,0,1,0
224,their,6,0.040000,5,0,0,1,0
225,those,6,0.040000,0,0,0,2,0
226,way,6,0.040000,1,0,0,1,0
227,where,6,0.040000,1,0,0,3,0
228,white,6,0.040000,3,0,0,5,1
229,year,6,0.040000,2,0,0,1,0
230,1,5,0.033333,2,0,0,1,0
231,10,5,0.033333,3,0,0,1,0
232,11,5,0.033333,2,0,0,1,0
233,12,5,0.033333,2,0,0,1,0
234,14,5,0.033333,2,0,0,1,0
235,15,5,0.033333,4,0,0,1,0
236,19,5,0.033333,2,0,0,1,0
237,20,5,0.033333,2,0,0,1,0
238,7,5,0.033333,2,0,0,1,0
239,8,5,0.033333,2,0,0,1,0
240,almost,5,0.033333,0,0,0,1,0
241,anything,5,0.033333,0,0,0,0,0
242,average,5,0.033333,1,0,0,7,1
243,before,5,0.033333,2,0,0,1,0
244,brother,5,0.033333,2,0,0,4,0
245,brown,5,0.033333,1,0,0,0,0
246,change,5,0.033333,0,0,0,3,0
247,children,5,0.033333,2,0,0,1,0
248,compassionate,5,0.033333,1,0,0,6,0
249,confident,5,0.033333,1,0,0,1,0
250,could,5,0.033333,1,0,0,0,0
251,decent,5,0.033333,0,0,0,0,0
252,dependable,5,0.033333,0,0,0,2,0
253,eat,5,0.033333,3,0,0,2,0
254,else,5,0.033333,0,0,0,3,0
255,english,5,0.033333,0,0,0,1,0
256,eyes,5,0.033333,0,0,0,0,0
257,find,5,0.033333,1,0,0,1,0
258,giving,5,0.033333,1,0,0,0,0
259,grandmother,5,0.033333,1,0,0,3,0
260,help,5,0.033333,4,0,0,2,0
261,interested,5,0.033333,3,0,0,2,0
262,introverted,5,0.033333,3,0,0,4,0
263,learner,5,0.033333,3,0,0,3,1
264,making,5,0.033333,0,0,0,6,0
265,mom,5,0.033333,1,0,0,5,0
266,movies,5,0.033333,2,0,0,2,1
267,often,5,0.033333,0,0,0,6,0
268,only,5,0.033333,3,0,0,1,0
269,outside,5,0.033333,2,0,0,0,0
270,patient,5,0.033333,1,0,0,0,0
271,player,5,0.033333,2,0,0,6,0
272,playing,5,0.033333,2,0,0,2,0
273,protector,5,0.033333,0,0,0,1,0
274,reading,5,0.033333,0,0,0,3,0
275,sensitive,5,0.033333,1,0,0,3,0
276,simple,5,0.033333,0,0,0,4,0
277,social,5,0.033333,2,0,0,2,0
278,something,5,0.033333,0,0,0,2,0
279,they,5,0.033333,1,0,0,1,0
280,thinker,5,0.033333,3,0,0,4,1
281,through,5,0.033333,4,0,0,2,0
282,trying,5,0.033333,2,0,0,2,0
283,unique,5,0.033333,1,0,0,3,0
284,used,5,0.033333,0,0,0,1,0
285,video,5,0.033333,0,0,0,2,0
286,we,5,0.033333,1,0,0,2,0
287,which,5,0.033333,0,0,0,2,0
288,will,5,0.033333,6,0,0,0,0
289,worked,5,0.033333,1,0,0,1,0
290,would,5,0.033333,0,0,0,0,0
291,write,5,0.033333,1,0,0,1,0
292,advocate,4,0.026667,0,0,0,0,0
293,alive,4,0.026667,3,0,0,5,1
294,alone,4,0.026667,0,0,0,1,0
295,anxious,4,0.026667,1,0,0,4,0
296,appreciate,4,0.026667,0,0,0,2,0
297,avid,4,0.026667,4,0,0,0,0
298,beautiful,4,0.026667,0,0,0,1,0
299,beliefs,4,0.026667,0,0,0,0,0
300,believer,4,0.026667,1,0,0,1,0
301,believes,4,0.026667,0,0,0,3,0
302,books,4,0.026667,0,0,0,0,0
303,born,4,0.026667,0,0,0,2,0
304,both,4,0.026667,2,0,0,1,0
305,california,4,0.026667,0,0,0,0,0
306,catholic,4,0.026667,0,0,0,2,0
307,cold,4,0.026667,2,0,0,1,0
308,community,4,0.026667,1,0,0,0,0
309,complex,4,0.026667,0,0,0,1,0
310,computers,4,0.026667,1,0,0,1,0
311,constantly,4,0.026667,2,0,0,0,0
312,country,4,0.026667,0,0,0,0,0
313,daily,4,0.026667,2,0,0,1,0
314,different,4,0.026667,1,0,0,1,0
315,divorced,4,0.026667,1,0,0,4,0
316,doing,4,0.026667,2,0,0,2,0
317,driven,4,0.026667,1,0,0,1,0
318,earth,4,0.026667,0,0,0,0,0
319,easily,4,0.026667,2,0,0,8,0
320,education,4,0.026667,2,0,0,1,0
321,emotions,4,0.026667,0,0,0,1,0
322,employee,4,0.026667,0,0,0,1,0
323,everyday,4,0.026667,0,0,0,0,0
324,everything,4,0.026667,0,0,0,1,0
325,fast,4,0.026667,0,0,0,0,0
326,father,4,0.026667,2,0,0,7,1
327,fit,4,0.026667,0,0,0,4,0
328,forward,4,0.026667,1,0,0,4,0
329,friendly,4,0.026667,3,0,0,2,0
330,future,4,0.026667,3,0,0,1,0
331,getting,4,0.026667,1,0,0,7,0
332,give,4,0.026667,2,0,0,0,0
333,going,4,0.026667,6,0,0,0,0
334,grew,4,0.026667,1,0,0,1,0
335,he,4,0.026667,0,0,0,3,0
336,height,4,0.026667,1,0,0,6,1
337,helper,4,0.026667,0,0,0,1,0
338,hi,4,0.026667,0,0,0,0,0
339,high,4,0.026667,0,0,0,0,0
340,house,4,0.026667,1,0,0,1,0
341,i've,4,0.026667,0,0,0,2,0
342,ill,4,0.026667,0,0,0,1,0
343,important,4,0.026667,3,0,0,3,0
344,independent,4,0.026667,1,0,0,1,0
345,interesting,4,0.026667,0,0,0,0,0
346,investor,4,0.026667,0,0,0,1,0
347,joy,4,0.026667,1,0,0,2,0
348,last,4,0.026667,1,0,0,2,0
349,lazy,4,0.026667,1,0,0,0,0
350,less,4,0.026667,0,0,0,0,0
351,listening,4,0.026667,0,0,0,1,0
352,logical,4,0.026667,2,0,0,2,0
353,lonely,4,0.026667,0,0,0,0,0
354,loner,4,0.026667,0,0,0,2,0
355,look,4,0.026667,1,0,0,2,0
356,loved,4,0.026667,2,0,0,0,0
357,money,4,0.026667,3,0,0,2,0
358,moral,4,0.026667,0,0,0,0,0
359,nothing,4,0.026667,1,0,0,1,0
360,now,4,0.026667,3,0,0,3,1
361,off,4,0.026667,1,0,0,2,0
362,older,4,0.026667,1,0,0,0,0
363,oriented,4,0.026667,1,0,0,1,0
364,partner,4,0.026667,1,0,0,2,0
365,passionate,4,0.026667,1,0,0,3,0
366,pet,4,0.026667,2,0,0,2,0
367,prefer,4,0.026667,2,0,0,1,0
368,problem,4,0.026667,0,0,0,1,0
369,purpose,4,0.026667,1,0,0,7,0
370,resilient,4,0.026667,0,0,0,3,0
371,resourceful,4,0.026667,0,0,0,1,0
372,respectful,4,0.026667,0,0,0,2,0
373,same,4,0.026667,0,0,0,1,0
374,she,4,0.026667,2,0,0,1,1
375,shy,4,0.026667,1,0,0,0,0
376,son,4,0.026667,2,0,0,4,0
377,space,4,0.026667,0,0,0,0,0
378,sports,4,0.026667,2,0,0,4,1
379,started,4,0.026667,0,0,0,0,0
380,stay,4,0.026667,3,0,0,1,0
381,student,4,0.026667,0,0,0,4,0
382,survivor,4,0.026667,4,0,0,1,1
383,talk,4,0.026667,2,0,0,0,0
384,that's,4,0.026667,0,0,0,2,0
385,there,4,0.026667,1,0,0,0,0
386,thing,4,0.026667,2,0,0,0,0
387,though,4,0.026667,2,0,0,2,0
388,times,4,0.026667,2,0,0,1,0
389,towards,4,0.026667,0,0,0,6,0
390,town,4,0.026667,0,0,0,1,0
391,travel,4,0.026667,0,0,0,1,0
392,traveling,4,0.026667,1,0,0,0,0
393,tries,4,0.026667,1,0,0,4,0
394,tv,4,0.026667,1,0,0,2,0
395,two,4,0.026667,3,0,0,4,0
396,uncle,4,0.026667,0,0,0,2,0
397,understanding,4,0.026667,2,0,0,2,0
398,values,4,0.026667,1,0,0,9,0
399,watching,4,0.026667,1,0,0,1,0
400,ways,4,0.026667,1,0,0,2,0
401,while,4,0.026667,2,0,0,4,0
402,yet,4,0.026667,1,0,0,0,0
403,25,3,0.020000,0,0,0,1,0
404,30,3,0.020000,0,0,0,2,0
405,able,3,0.020000,2,0,0,0,0
406,above,3,0.020000,0,0,0,3,0
407,adventurous,3,0.020000,0,0,0,0,0
408,aging,3,0.020000,0,0,0,1,0
409,along,3,0.020000,0,0,0,0,0
410,amazing,3,0.020000,0,0,0,0,0
411,another,3,0.020000,2,0,0,2,1
412,anxiety,3,0.020000,0,0,0,2,0
413,any,3,0.020000,2,0,0,1,0
414,anybody,3,0.020000,0,0,0,0,0
415,appearance,3,0.020000,0,0,0,0,0
416,ask,3,0.020000,0,0,0,0,0
417,away,3,0.020000,2,0,0,3,1
418,back,3,0.020000,3,0,0,1,0
419,beginning,3,0.020000,0,0,0,0,0
420,big,3,0.020000,1,0,0,0,0
421,birth,3,0.020000,0,0,0,0,0
422,blonde,3,0.020000,1,0,0,0,0
423,blood,3,0.020000,0,0,0,0,0
424,book,3,0.020000,1,0,0,0,0
425,business,3,0.020000,2,0,0,1,0
426,call,3,0.020000,1,0,0,0,0
427,can't,3,0.020000,0,0,0,0,0
428,capable,3,0.020000,0,0,0,0,0
429,caregiver,3,0.020000,1,0,0,2,0
430,cares,3,0.020000,1,0,0,0,0
431,christ,3,0.020000,1,0,0,2,0
432,citizen,3,0.020000,3,0,0,1,0
433,close,3,0.020000,1,0,0,0,0
434,consider,3,0.020000,0,0,0,2,0
435,considerate,3,0.020000,1,0,0,0,0
436,countries,3,0.020000,0,0,0,1,0
437,cousin,3,0.020000,1,0,0,1,0
438,dad,3,0.020000,1,0,0,0,0
439,dark,3,0.020000,0,0,0,0,0
440,daughters,3,0.020000,0,0,0,1,0
441,dedicated,3,0.020000,1,0,0,3,0
442,deeply,3,0.020000,0,0,0,2,0
443,depressed,3,0.020000,3,0,0,1,0
444,depression,3,0.020000,0,0,0,3,0
445,describe,3,0.020000,0,0,0,0,0
446,design,3,0.020000,0,0,0,2,0
447,does,3,0.020000,4,0,0,1,1
448,dreamer,3,0.020000,2,0,0,0,0
449,drive,3,0.020000,1,0,0,2,0
450,effort,3,0.020000,0,0,0,0,0
451,employed,3,0.020000,1,0,0,1,1
452,even,3,0.020000,2,0,0,1,0
453,events,3,0.020000,1,0,0,0,0
454,every,3,0.020000,1,0,0,0,0
455,except,3,0.020000,0,0,0,2,0
456,fair,3,0.020000,1,0,0,0,0
457,favorite,3,0.020000,2,0,0,1,0
458,few,3,0.020000,2,0,0,0,0
459,flaws,3,0.020000,1,0,0,1,0
460,follower,3,0.020000,2,0,0,2,0
461,free,3,0.020000,3,0,0,3,0
462,game,3,0.020000,1,0,0,0,0
463,gen,3,0.020000,0,0,0,0,0
464,generous,3,0.020000,0,0,0,0,0
465,go,3,0.020000,4,0,0,0,0
466,goal,3,0.020000,0,0,0,0,0
467,got,3,0.020000,0,0,0,3,0
468,graduated,3,0.020000,0,0,0,2,0
469,gratitude,3,0.020000,0,0,0,1,0
470,gun,3,0.020000,0,0,0,0,0
471,had,3,0.020000,2,0,0,2,0
472,half,3,0.020000,0,0,0,1,0
473,having,3,0.020000,0,0,0,2,0
474,head,3,0.020000,1,0,0,1,0
475,healer,3,0.020000,0,0,0,3,0
476,hearted,3,0.020000,0,0,0,0,0
477,helping,3,0.020000,0,0,0,1,0
478,his,3,0.020000,2,0,0,6,0
479,hope,3,0.020000,1,0,0,0,0
480,household,3,0.020000,1,0,0,1,0
481,humor,3,0.020000,2,0,0,3,0
482,im,3,0.020000,1,0,0,1,0
483,improve,3,0.020000,0,0,0,0,0
484,individual,3,0.020000,1,0,0,0,0
485,into,3,0.020000,1,0,0,0,0
486,it's,3,0.020000,3,0,0,3,0
487,job,3,0.020000,3,0,0,6,0
488,keep,3,0.020000,3,0,0,0,0
489,lbs,3,0.020000,0,0,0,0,0
490,least,3,0.020000,1,0,0,1,0
491,lived,3,0.020000,0,0,0,0,0
492,living,3,0.020000,3,0,0,4,1
493,logic,3,0.020000,0,0,0,2,0
494,longer,3,0.020000,2,0,0,3,0
495,lost,3,0.020000,2,0,0,2,0
496,made,3,0.020000,0,0,0,0,0
497,manager,3,0.020000,0,0,0,1,0
498,mid,3,0.020000,0,0,0,1,0
499,mind,3,0.020000,1,0,0,2,0
500,minded,3,0.020000,2,0,0,0,0
501,miss,3,0.020000,0,0,0,2,0
502,natural,3,0.020000,0,0,0,1,0
503,near,3,0.020000,0,0,0,0,0
504,need,3,0.020000,1,0,0,2,0
505,once,3,0.020000,0,0,0,3,0
506,ones,3,0.020000,1,0,0,1,0
507,open,3,0.020000,2,0,0,0,0
508,overweight,3,0.020000,0,0,0,0,0
509,parents,3,0.020000,1,0,0,1,0
510,party,3,0.020000,2,0,0,0,0
511,passed,3,0.020000,0,0,0,1,0
512,past,3,0.020000,2,0,0,2,0
513,place,3,0.020000,1,0,0,1,0
514,positive,3,0.020000,0,0,0,0,0
515,potential,3,0.020000,0,0,0,0,0
516,public,3,0.020000,2,0,0,1,0
517,raised,3,0.020000,0,0,0,1,0
518,responsible,3,0.020000,0,0,0,1,0
519,retire,3,0.020000,0,0,0,0,0
520,rich,3,0.020000,0,0,0,1,0
521,risks,3,0.020000,0,0,0,0,0
522,rock,3,0.020000,1,0,0,1,0
523,rural,3,0.020000,0,0,0,1,0
524,shows,3,0.020000,0,0,0,1,0
525,since,3,0.020000,1,0,0,0,0
526,sleep,3,0.020000,1,0,0,3,1
527,slow,3,0.020000,0,0,0,1,0
528,solver,3,0.020000,0,0,0,1,0
529,somewhat,3,0.020000,1,0,0,1,0
530,south,3,0.020000,0,0,0,0,0
531,speaker,3,0.020000,0,0,0,1,0
532,spending,3,0.020000,1,0,0,1,0
533,state,3,0.020000,0,0,0,4,0
534,states,3,0.020000,0,0,0,1,0
535,struggles,3,0.020000,0,0,0,2,0
536,stubborn,3,0.020000,0,0,0,2,0
537,successful,3,0.020000,0,0,0,2,0
538,suffering,3,0.020000,0,0,0,1,0
539,sure,3,0.020000,0,0,0,0,0
540,swimmer,3,0.020000,0,0,0,4,0
541,taker,3,0.020000,0,0,0,0,0
542,talking,3,0.020000,2,0,0,6,1
543,technology,3,0.020000,1,0,0,2,0
544,tempered,3,0.020000,0,0,0,1,0
545,them,3,0.020000,5,0,0,2,1
546,tired,3,0.020000,0,0,0,5,0
547,told,3,0.020000,0,0,0,0,0
548,treat,3,0.020000,0,0,0,0,0
549,trustworthy,3,0.020000,0,0,0,1,0
550,unemployed,3,0.020000,0,0,0,1,0
551,united,3,0.020000,0,0,0,1,0
552,universe,3,0.020000,1,0,0,0,0
553,usually,3,0.020000,0,0,0,1,0
554,volunteer,3,0.020000,1,0,0,1,0
555,walk,3,0.020000,3,0,0,0,0
556,walks,3,0.020000,2,0,0,1,0
557,wants,3,0.020000,0,0,0,0,0
558,weird,3,0.020000,1,0,0,1,0
559,were,3,0.020000,0,0,0,2,0
560,who's,3,0.020000,1,0,0,4,0
561,wish,3,0.020000,1,0,0,0,0
562,worthy,3,0.020000,0,0,0,0,0
563,x,3,0.020000,0,0,0,0,0
564,21,2,0.013333,0,0,0,0,0
565,30s,2,0.013333,0,0,0,2,0
566,37,2,0.013333,1,0,0,1,0
567,40,2,0.013333,0,0,0,0,0
568,61,2,0.013333,0,0,0,0,0
569,activist,2,0.013333,0,0,0,0,0
570,administration,2,0.013333,0,0,0,0,0
571,adopted,2,0.013333,0,0,0,1,0
572,afraid,2,0.013333,1,0,0,1,0
573,african,2,0.013333,0,0,0,2,0
574,ambitious,2,0.013333,1,0,0,0,0
575,analysis,2,0.013333,0,0,0,2,0
576,appreciates,2,0.013333,0,0,0,2,0
577,area,2,0.013333,0,0,0,0,0
578,aspiring,2,0.013333,0,0,0,2,0
579,assured,2,0.013333,0,0,0,2,0
580,atheist,2,0.013333,0,0,0,1,0
581,athletic,2,0.013333,2,0,0,0,0
582,bachelor's,2,0.013333,0,0,0,1,0
583,baker,2,0.013333,0,0,0,1,0
584,baseball,2,0.013333,0,0,0,1,0
585,based,2,0.013333,0,0,0,0,0
586,becoming,2,0.013333,0,0,0,0,0
587,belief,2,0.013333,0,0,0,0,0
588,biggest,2,0.013333,0,0,0,1,0
589,bike,2,0.013333,0,0,0,2,0
590,binge,2,0.013333,0,0,0,1,0
591,biological,2,0.013333,0,0,0,1,0
592,bisexual,2,0.013333,0,0,0,0,0
593,bit,2,0.013333,0,0,0,0,0
594,blessed,2,0.013333,0,0,0,3,0
595,blue,2,0.013333,2,0,0,0,0
596,board,2,0.013333,0,0,0,1,0
597,body,2,0.013333,1,0,0,0,0
598,bothers,2,0.013333,0,0,0,2,0
599,bottle,2,0.013333,0,0,0,2,0
600,broken,2,0.013333,0,0,0,0,0
601,build,2,0.013333,1,0,0,0,0
602,butter,2,0.013333,0,0,0,0,0
603,calm,2,0.013333,3,0,0,1,0
604,cancer,2,0.013333,2,0,0,0,0
605,careful,2,0.013333,0,0,0,0,0
606,caribbean,2,0.013333,0,0,0,0,0
607,cats,2,0.013333,1,0,0,1,0
608,challenges,2,0.013333,0,0,0,1,0
609,changing,2,0.013333,1,0,0,1,0
610,chickens,2,0.013333,1,0,0,0,0
611,childhood,2,0.013333,0,0,0,1,0
612,chill,2,0.013333,0,0,0,0,0
613,class,2,0.013333,1,0,0,1,0
614,cleaner,2,0.013333,1,0,0,1,0
615,cleaning,2,0.013333,2,0,0,0,0
616,collect,2,0.013333,0,0,0,1,0
617,color,2,0.013333,2,0,0,1,0
618,comedian,2,0.013333,1,0,0,3,0
619,committed,2,0.013333,1,0,0,2,0
620,company,2,0.013333,2,0,0,0,0
621,complicated,2,0.013333,0,0,0,1,0
622,confidant,2,0.013333,0,0,0,0,0
623,conservative,2,0.013333,1,0,0,2,0
624,considered,2,0.013333,0,0,0,0,0
625,contact,2,0.013333,0,0,0,1,0
626,continued,2,0.013333,0,0,0,1,0
627,control,2,0.013333,1,0,0,0,0
628,count,2,0.013333,0,0,0,2,0
629,courageous,2,0.013333,1,0,0,0,0
630,created,2,0.013333,0,0,0,0,0
631,creativity,2,0.013333,1,0,0,0,0
632,critical,2,0.013333,0,0,0,2,0
633,cultures,2,0.013333,0,0,0,0,0
634,current,2,0.013333,1,0,0,0,0
635,currently,2,0.013333,2,0,0,1,0
636,database,2,0.013333,0,0,0,0,0
637,daydreamer,2,0.013333,0,0,0,1,0
638,debate,2,0.013333,0,0,0,2,0
639,democracy,2,0.013333,1,0,0,0,0
640,descent,2,0.013333,0,0,0,0,0
641,deserve,2,0.013333,0,0,0,0,0
642,determined,2,0.013333,0,0,0,0,0
643,difference,2,0.013333,0,0,0,0,0
644,diligent,2,0.013333,0,0,0,2,0
645,discussing,2,0.013333,0,0,0,0,0
646,doer,2,0.013333,0,0,0,0,0
647,doesn't,2,0.013333,0,0,0,0,0
648,drink,2,0.013333,2,0,0,2,0
649,driver,2,0.013333,3,0,0,2,0
650,drums,2,0.013333,0,0,0,0,0
651,dumb,2,0.013333,0,0,0,0,0
652,each,2,0.013333,0,0,0,2,0
653,easy,2,0.013333,1,0,0,0,0
654,eater,2,0.013333,2,0,0,0,0
655,eating,2,0.013333,1,0,0,0,0
656,educated,2,0.013333,2,0,0,2,0
657,elderly,2,0.013333,0,0,0,0,0
658,electronics,2,0.013333,0,0,0,0,0
659,emotionally,2,0.013333,1,0,0,0,0
660,encourager,2,0.013333,0,0,0,1,0
661,end,2,0.013333,1,0,0,0,0
662,energetic,2,0.013333,0,0,0,2,0
663,engaged,2,0.013333,0,0,0,1,0
664,enjoyer,2,0.013333,0,0,0,1,0
665,enough,2,0.013333,0,0,0,7,0
666,enthusiast,2,0.013333,1,0,0,1,0
667,entrepreneur,2,0.013333,0,0,0,1,0
668,equal,2,0.013333,0,0,0,0,0
669,especially,2,0.013333,1,0,0,0,0
670,ethnic,2,0.013333,0,0,0,2,0
671,european,2,0.013333,0,0,0,1,0
672,ever,2,0.013333,0,0,0,1,0
673,everyone,2,0.013333,0,0,0,1,0
674,excited,2,0.013333,0,0,0,0,0
675,exploring,2,0.013333,0,0,0,1,0
676,extra,2,0.013333,0,0,0,1,0
677,extremely,2,0.013333,0,0,0,1,0
678,extrovert,2,0.013333,1,0,0,0,0
679,faith,2,0.013333,0,0,0,0,0
680,faithful,2,0.013333,1,0,0,1,0
681,fear,2,0.013333,1,0,0,0,0
682,feels,2,0.013333,0,0,0,0,0
683,fiction,2,0.013333,1,0,0,1,0
684,fight,2,0.013333,0,0,0,0,0
685,fighter,2,0.013333,1,0,0,2,0
686,figure,2,0.013333,0,0,0,0,0
687,filled,2,0.013333,0,0,0,0,0
688,film,2,0.013333,1,0,0,0,0
689,finding,2,0.013333,1,0,0,2,0
690,fisher,2,0.013333,0,0,0,2,0
691,fix,2,0.013333,0,0,0,0,0
692,fixed,2,0.013333,0,0,0,0,0
693,flawed,2,0.013333,0,0,0,0,0
694,foodie,2,0.013333,1,0,0,0,0
695,foot,2,0.013333,1,0,0,0,0
696,football,2,0.013333,1,0,0,0,0
697,forgiving,2,0.013333,0,0,0,3,0
698,former,2,0.013333,0,0,0,2,0
699,freedom,2,0.013333,2,0,0,2,0
700,frugal,2,0.013333,2,0,0,0,0
701,girl,2,0.013333,0,0,0,0,0
702,giver,2,0.013333,0,0,0,1,0
703,gives,2,0.013333,0,0,0,1,0
704,god's,2,0.013333,0,0,0,0,0
705,goer,2,0.013333,1,0,0,6,0
706,grateful,2,0.013333,2,0,0,1,0
707,green,2,0.013333,0,0,0,0,0
708,growing,2,0.013333,1,0,0,1,0
709,habits,2,0.013333,0,0,0,1,0
710,hands,2,0.013333,0,0,0,2,0
711,happening,2,0.013333,0,0,0,2,0
712,happens,2,0.013333,0,0,0,0,0
713,happily,2,0.013333,0,0,0,0,0
714,hardworking,2,0.013333,0,0,0,1,0
715,hate,2,0.013333,3,0,0,2,0
716,heaven,2,0.013333,0,0,0,1,0
717,here,2,0.013333,1,0,0,1,0
718,higher,2,0.013333,1,0,0,0,0
719,hiker,2,0.013333,0,0,0,0,0
720,hilarious,2,0.013333,0,0,0,1,0
721,him,2,0.013333,0,0,0,1,0
722,hispanic,2,0.013333,0,0,0,0,0
723,hobbies,2,0.013333,1,0,0,0,0
724,honesty,2,0.013333,0,0,0,1,0
725,hopeful,2,0.013333,0,0,0,0,0
726,horses,2,0.013333,0,0,0,1,0
727,how,2,0.013333,4,0,0,0,0
728,humanity,2,0.013333,0,0,0,1,0
729,i'll,2,0.013333,1,0,0,2,0
730,ideas,2,0.013333,1,0,0,1,0
731,ii,2,0.013333,0,0,0,1,0
732,ilk,2,0.013333,0,0,0,2,0
733,inches,2,0.013333,0,0,0,0,0
734,inclined,2,0.013333,1,0,0,2,0
735,include,2,0.013333,0,0,0,0,0
736,including,2,0.013333,0,0,0,0,0
737,interaction,2,0.013333,0,0,0,0,0
738,interests,2,0.013333,1,0,0,6,0
739,issues,2,0.013333,0,0,0,0,0
740,judgmental,2,0.013333,0,0,0,1,0
741,kitchen,2,0.013333,0,0,0,3,0
742,knowledge,2,0.013333,1,0,0,2,0
743,large,2,0.013333,1,0,0,2,0
744,later,2,0.013333,0,0,0,0,0
745,law,2,0.013333,1,0,0,0,0
746,learned,2,0.013333,0,0,0,0,0
747,let,2,0.013333,0,0,0,1,0
748,light,2,0.013333,0,0,0,0,0
749,listen,2,0.013333,2,0,0,1,0
750,local,2,0.013333,0,0,0,2,0
751,masters,2,0.013333,0,0,0,0,0
752,math,2,0.013333,2,0,0,1,0
753,matter,2,0.013333,0,0,0,0,0
754,mediocre,2,0.013333,0,0,0,1,0
755,member,2,0.013333,1,0,0,1,0
756,mental,2,0.013333,0,0,0,6,0
757,minds,2,0.013333,0,0,0,0,0
758,mixed,2,0.013333,0,0,0,0,0
759,moments,2,0.013333,2,0,0,2,0
760,months,2,0.013333,0,0,0,0,0
761,mostly,2,0.013333,1,0,0,2,0
762,mother's,2,0.013333,0,0,0,2,0
763,motivated,2,0.013333,0,0,0,0,0
764,musician,2,0.013333,0,0,0,1,0
765,name,2,0.013333,1,0,0,0,0
766,navy,2,0.013333,0,0,0,1,0
767,needed,2,0.013333,0,0,0,0,0
768,neighbor,2,0.013333,0,0,0,0,0
769,nerd,2,0.013333,0,0,0,1,0
770,night,2,0.013333,1,0,0,0,0
771,normal,2,0.013333,1,0,0,0,0
772,northeast,2,0.013333,0,0,0,1,0
773,nostalgic,2,0.013333,0,0,0,2,0
774,opinionated,2,0.013333,0,0,0,0,0
775,organized,2,0.013333,1,0,0,2,1
776,organizer,2,0.013333,0,0,0,1,0
777,our,2,0.013333,1,0,0,2,0
778,outdoor,2,0.013333,2,0,0,2,0
779,outgoing,2,0.013333,0,0,0,0,0
780,outspoken,2,0.013333,0,0,0,0,0
781,overthinker,2,0.013333,1,0,0,2,0
782,owl,2,0.013333,0,0,0,0,0
783,pain,2,0.013333,2,0,0,2,0
784,park,2,0.013333,2,0,0,1,0
785,path,2,0.013333,0,0,0,2,0
786,patience,2,0.013333,0,0,0,0,0
787,peace,2,0.013333,1,0,0,1,0
788,peaceful,2,0.013333,1,0,0,1,0
789,peanut,2,0.013333,0,0,0,0,0
790,people's,2,0.013333,0,0,0,2,0
791,perfect,2,0.013333,1,0,0,0,0
792,personal,2,0.013333,1,0,0,2,0
793,physics,2,0.013333,0,0,0,1,0
794,pizza,2,0.013333,2,0,0,1,0
795,planner,2,0.013333,1,0,0,0,0
796,plants,2,0.013333,1,0,0,0,0
797,poetry,2,0.013333,0,0,0,0,0
798,position,2,0.013333,0,0,0,3,0
799,power,2,0.013333,0,0,0,1,0
800,powerful,2,0.013333,0,0,0,0,0
801,practice,2,0.013333,0,0,0,0,0
802,present,2,0.013333,0,0,0,1,0
803,private,2,0.013333,0,0,0,1,0
804,problems,2,0.013333,1,0,0,0,0
805,professional,2,0.013333,0,0,0,1,0
806,protective,2,0.013333,0,0,0,1,0
807,proud,2,0.013333,3,0,0,3,0
808,puzzles,2,0.013333,2,0,0,1,0
809,question,2,0.013333,0,0,0,2,0
810,quick,2,0.013333,0,0,0,0,0
811,quilt,2,0.013333,0,0,0,0,0
812,race,2,0.013333,0,0,0,0,0
813,ready,2,0.013333,1,0,0,0,0
814,real,2,0.013333,0,0,0,2,0
815,really,2,0.013333,4,0,0,0,0
816,reason,2,0.013333,0,0,0,0,0
817,recently,2,0.013333,0,0,0,0,0
818,recovering,2,0.013333,0,0,0,0,0
819,relationships,2,0.013333,0,0,0,2,0
820,renter,2,0.013333,1,0,0,0,0
821,research,2,0.013333,1,0,0,0,0
822,researcher,2,0.013333,1,0,0,0,0
823,resident,2,0.013333,1,0,0,0,0
824,results,2,0.013333,0,0,0,0,0
825,rider,2,0.013333,1,0,0,3,0
826,rights,2,0.013333,0,0,0,0,0
827,runner,2,0.013333,0,0,0,0,0
828,running,2,0.013333,1,0,0,0,0
829,russian,2,0.013333,0,0,0,0,0
830,s,2,0.013333,1,0,0,0,0
831,sad,2,0.013333,1,0,0,1,0
832,safe,2,0.013333,1,0,0,0,0
833,sarcastic,2,0.013333,0,0,0,2,0
834,saver,2,0.013333,1,0,0,0,0
835,savvy,2,0.013333,1,0,0,0,0
836,science,2,0.013333,1,0,0,0,0
837,scientist,2,0.013333,0,0,0,0,0
838,seek,2,0.013333,0,0,0,1,0
839,sense,2,0.013333,2,0,0,2,0
840,services,2,0.013333,0,0,0,0,0
841,several,2,0.013333,1,0,0,0,0
842,sex,2,0.013333,1,0,0,1,0
843,share,2,0.013333,1,0,0,1,0
844,show,2,0.013333,1,0,0,1,0
845,silly,2,0.013333,0,0,0,0,0
846,sincere,2,0.013333,0,0,0,0,0
847,solve,2,0.013333,0,0,0,0,0
848,solving,2,0.013333,1,0,0,1,0
849,soul,2,0.013333,0,0,0,1,0
850,southern,2,0.013333,1,0,0,3,0
851,speaks,2,0.013333,0,0,0,0,0
852,specifically,2,0.013333,0,0,0,1,0
853,stand,2,0.013333,0,0,0,0,0
854,strangers,2,0.013333,0,0,0,0,0
855,stress,2,0.013333,0,0,0,1,0
856,strive,2,0.013333,0,0,0,1,0
857,stronger,2,0.013333,0,0,0,1,0
858,studying,2,0.013333,0,0,0,0,0
859,subjects,2,0.013333,0,0,0,1,0
860,suffer,2,0.013333,0,0,0,0,0
861,summer,2,0.013333,0,0,0,1,0
862,sun,2,0.013333,0,0,0,0,0
863,super,2,0.013333,0,0,0,2,0
864,supporter,2,0.013333,0,0,0,0,0
865,survey,2,0.013333,0,0,0,0,0
866,swim,2,0.013333,0,0,0,1,0
867,swimming,2,0.013333,1,0,0,3,0
868,tasks,2,0.013333,0,0,0,6,0
869,technologies,2,0.013333,0,0,0,1,0
870,teenager,2,0.013333,0,0,0,1,0
871,television,2,0.013333,0,0,0,0,0
872,then,2,0.013333,1,0,0,2,0
873,tinkering,2,0.013333,0,0,0,1,0
874,today,2,0.013333,0,0,0,1,0
875,too,2,0.013333,3,0,0,0,0
876,took,2,0.013333,0,0,0,1,0
877,traveler,2,0.013333,5,0,0,1,0
878,trouble,2,0.013333,0,0,0,6,0
879,trump,2,0.013333,1,0,0,2,0
880,trust,2,0.013333,0,0,0,3,0
881,twice,2,0.013333,0,0,0,4,0
882,type,2,0.013333,2,0,0,0,0
883,types,2,0.013333,1,0,0,0,0
884,unless,2,0.013333,0,0,0,0,0
885,until,2,0.013333,1,0,0,1,0
886,use,2,0.013333,1,0,0,0,0
887,using,2,0.013333,0,0,0,0,0
888,value,2,0.013333,1,0,0,2,0
889,veteran,2,0.013333,0,0,0,1,0
890,walker,2,0.013333,0,0,0,0,0
891,walking,2,0.013333,1,0,0,1,0
892,wanted,2,0.013333,0,0,0,0,0
893,warm,2,0.013333,0,0,0,0,0
894,watch,2,0.013333,3,0,0,0,0
895,weather,2,0.013333,0,0,0,1,0
896,weigh,2,0.013333,0,0,0,0,0
897,weight,2,0.013333,0,0,0,0,0
898,went,2,0.013333,1,0,0,1,0
899,whom,2,0.013333,1,0,0,1,0
900,willed,2,0.013333,0,0,0,2,0
901,winter,2,0.013333,1,0,0,1,0
902,wise,2,0.013333,1,0,0,0,0
903,witty,2,0.013333,0,0,0,3,0
904,worries,2,0.013333,0,0,0,4,0
905,worth,2,0.013333,1,0,0,0,0
906,wouldn't,2,0.013333,0,0,0,0,0
907,wrong,2,0.013333,0,0,0,0,0
908,young,2,0.013333,1,0,0,0,0
909,younger,2,0.013333,1,0,0,0,0
910,your,2,0.013333,1,0,0,2,0
911,000,1,0.006667,0,0,0,1,0
912,10th,1,0.006667,0,0,0,2,0
913,145,1,0.006667,0,0,0,0,0
914,180,1,0.006667,0,0,0,0,0
915,1960's,1,0.006667,0,0,0,0,0
916,1980s,1,0.006667,0,0,0,0,0
917,200,1,0.006667,0,0,0,1,0
918,2000s,1,0.006667,0,0,0,1,0
919,202,1,0.006667,0,0,0,0,0
920,2020,1,0.006667,0,0,0,1,0
921,22,1,0.006667,0,0,0,0,0
922,23,1,0.006667,0,0,0,0,0
923,24,1,0.006667,0,0,0,0,0
924,32,1,0.006667,1,0,0,0,0
925,33,1,0.006667,0,0,0,1,0
926,35,1,0.006667,0,0,0,0,0
927,36,1,0.006667,0,0,0,0,0
928,40s,1,0.006667,0,0,0,0,0
929,46,1,0.006667,0,0,0,0,0
930,48,1,0.006667,0,0,0,0,0
931,49,1,0.006667,0,0,0,0,0
932,5'10,1,0.006667,0,0,0,0,0
933,5'7,1,0.006667,0,0,0,0,0
934,50,1,0.006667,0,0,0,2,0
935,58,1,0.006667,0,0,0,0,0
936,5ft4inches,1,0.006667,0,0,0,0,0
937,5th,1,0.006667,0,0,0,0,0
938,5’5,1,0.006667,0,0,0,0,0
939,64,1,0.006667,0,0,0,0,0
940,65,1,0.006667,0,0,0,2,0
941,67,1,0.006667,0,0,0,0,0
942,71,1,0.006667,0,0,0,0,0
943,73,1,0.006667,0,0,0,0,0
944,78,1,0.006667,0,0,0,0,0
945,aa,1,0.006667,0,0,0,0,0
946,abandoned,1,0.006667,0,0,0,0,0
947,ability,1,0.006667,0,0,0,0,0
948,accept,1,0.006667,0,0,0,0,0
949,acceptance,1,0.006667,0,0,0,0,0
950,accepting,1,0.006667,0,0,0,0,0
951,accrue,1,0.006667,0,0,0,1,0
952,achieve,1,0.006667,0,0,0,0,0
953,achieved,1,0.006667,0,0,0,0,0
954,acquaintances,1,0.006667,0,0,0,0,0
955,act,1,0.006667,0,0,0,1,0
956,action,1,0.006667,0,0,0,0,0
957,actions,1,0.006667,0,0,0,0,0
958,activities,1,0.006667,1,0,0,0,0
959,activity,1,0.006667,0,0,0,0,0
960,actually,1,0.006667,0,0,0,2,0
961,adaptable,1,0.006667,0,0,0,0,0
962,addict,1,0.006667,1,0,0,0,0
963,addiction,1,0.006667,0,0,0,0,0
964,adept,1,0.006667,0,0,0,0,0
965,adhder,1,0.006667,0,0,0,0,0
966,admire,1,0.006667,0,0,0,0,0
967,adolescent,1,0.006667,0,0,0,0,0
968,adorable,1,0.006667,0,0,0,0,0
969,adored,1,0.006667,0,0,0,0,0
970,adventure,1,0.006667,0,0,0,1,0
971,adventurer,1,0.006667,0,0,0,0,0
972,adventures,1,0.006667,0,0,0,0,0
973,advice,1,0.006667,0,0,0,0,0
974,affairs,1,0.006667,0,0,0,1,0
975,affiliations,1,0.006667,0,0,0,0,0
976,affords,1,0.006667,0,0,0,0,0
977,africa,1,0.006667,0,0,0,0,0
978,afterlife,1,0.006667,0,0,0,0,0
979,afternoon,1,0.006667,0,0,0,0,0
980,again,1,0.006667,1,0,0,1,0
981,against,1,0.006667,0,0,0,0,0
982,ago,1,0.006667,1,0,0,1,0
983,agreeable,1,0.006667,0,0,0,0,0
984,agreed,1,0.006667,0,0,0,2,0
985,aids,1,0.006667,0,0,0,0,0
986,alan,1,0.006667,0,0,0,0,0
987,alcohol,1,0.006667,1,0,0,0,0
988,alcoholic,1,0.006667,0,0,0,0,0
989,allergic,1,0.006667,0,0,0,1,0
990,allow,1,0.006667,0,0,0,0,0
991,ally,1,0.006667,0,0,0,1,0
992,alternative,1,0.006667,0,0,0,0,0
993,although,1,0.006667,1,0,0,1,0
994,alzheimer's,1,0.006667,0,0,0,2,0
995,ama,1,0.006667,0,0,0,0,0
996,amateur,1,0.006667,0,0,0,0,0
997,ambiitios,1,0.006667,0,0,0,0,0
998,ambition,1,0.006667,0,0,0,2,0
999,ambivert,1,0.006667,0,0,0,0,0
1000,america,1,0.006667,0,0,0,0,0
1001,amoteur,1,0.006667,0,0,0,0,0
1002,analyst,1,0.006667,0,0,0,1,0
1003,analytical,1,0.006667,2,0,0,0,0
1004,ancestry,1,0.006667,0,0,0,1,0
1005,annoyed,1,0.006667,0,0,0,0,0
1006,ans,1,0.006667,0,0,0,0,0
1007,answers,1,0.006667,0,0,0,0,0
1008,anti,1,0.006667,0,0,0,0,0
1009,antisocial,1,0.006667,1,0,0,0,0
1010,anymore,1,0.006667,1,0,0,1,0
1011,anyone,1,0.006667,0,0,0,0,0
1012,anyone's,1,0.006667,0,0,0,0,0
1013,apologize,1,0.006667,0,0,0,0,0
1014,apologizing,1,0.006667,0,0,0,0,0
1015,appearances,1,0.006667,0,0,0,0,0
1016,applications,1,0.006667,0,0,0,2,0
1017,applying,1,0.006667,0,0,0,0,0
1018,appreciated,1,0.006667,0,0,0,0,0
1019,arguments,1,0.006667,0,0,0,0,0
1020,arkansas,1,0.006667,0,0,0,0,0
1021,arm,1,0.006667,0,0,0,0,0
1022,array,1,0.006667,0,0,0,0,0
1023,articulate,1,0.006667,0,0,0,0,0
1024,articulateness,1,0.006667,0,0,0,0,0
1025,artisitically,1,0.006667,0,0,0,2,0
1026,artistic,1,0.006667,1,0,0,2,0
1027,arts,1,0.006667,0,0,0,0,0
1028,asexual,1,0.006667,0,0,0,0,0
1029,ashkenazim,1,0.006667,0,0,0,0,0
1030,asian,1,0.006667,1,0,0,0,0
1031,asl,1,0.006667,0,0,0,0,0
1032,assertive,1,0.006667,0,0,0,1,0
1033,asshole,1,0.006667,0,0,0,0,0
1034,assistant,1,0.006667,2,0,0,0,0
1035,astronaut,1,0.006667,0,0,0,0,0
1036,athlete,1,0.006667,1,0,0,1,0
1037,attended,1,0.006667,0,0,0,1,0
1038,attending,1,0.006667,0,0,0,0,0
1039,attractive,1,0.006667,1,0,0,1,0
1040,audiobooks,1,0.006667,0,0,0,0,0
1041,authentic,1,0.006667,0,0,0,0,0
1042,autistic,1,0.006667,0,0,0,0,0
1043,available,1,0.006667,0,0,0,0,0
1044,award,1,0.006667,0,0,0,1,0
1045,awareness,1,0.006667,0,0,0,0,0
1046,awesome,1,0.006667,0,0,0,1,0
1047,axioms,1,0.006667,0,0,0,2,0
1048,baby,1,0.006667,1,0,0,0,0
1049,baby's,1,0.006667,0,0,0,0,0
1050,background,1,0.006667,2,0,0,1,0
1051,backgrounds,1,0.006667,0,0,0,1,0
1052,backpack,1,0.006667,0,0,0,1,0
1053,bad,1,0.006667,0,0,0,0,0
1054,baffling,1,0.006667,0,0,0,0,0
1055,balance,1,0.006667,0,0,0,0,0
1056,bamboo,1,0.006667,0,0,0,0,0
1057,bank,1,0.006667,0,0,0,0,0
1058,bare,1,0.006667,0,0,0,0,0
1059,barefoot,1,0.006667,0,0,0,0,0
1060,bars,1,0.006667,0,0,0,0,0
1061,basic,1,0.006667,0,0,0,1,0
1062,bassist,1,0.006667,0,0,0,1,0
1063,beach,1,0.006667,0,0,0,0,0
1064,became,1,0.006667,0,0,0,0,0
1065,become,1,0.006667,1,0,0,0,0
1066,beef,1,0.006667,0,0,0,0,0
1067,beer,1,0.006667,1,0,0,0,0
1068,began,1,0.006667,0,0,0,1,0
1069,begins,1,0.006667,0,0,0,0,0
1070,beings,1,0.006667,0,0,0,0,0
1071,believing,1,0.006667,0,0,0,1,0
1072,belive,1,0.006667,0,0,0,0,0
1073,belong,1,0.006667,0,0,0,2,0
1074,benefit,1,0.006667,0,0,0,1,0
1075,benevolent,1,0.006667,0,0,0,0,0
1076,bennington,1,0.006667,0,0,0,0,0
1077,betrayed,1,0.006667,0,0,0,1,0
1078,between,1,0.006667,0,0,0,0,0
1079,beyond,1,0.006667,0,0,0,0,0
1080,bicpentameter,1,0.006667,0,0,0,1,0
1081,bimmerphile,1,0.006667,0,0,0,0,0
1082,biology,1,0.006667,0,0,0,0,0
1083,birds,1,0.006667,1,0,0,0,0
1084,blessing,1,0.006667,0,0,0,0,0
1085,bletchley,1,0.006667,0,0,0,0,0
1086,blond,1,0.006667,0,0,0,1,0
1087,bod,1,0.006667,0,0,0,0,0
1088,bold,1,0.006667,0,0,0,1,0
1089,bookworm,1,0.006667,1,0,0,1,1
1090,boomer,1,0.006667,1,0,0,0,0
1091,border,1,0.006667,0,0,0,0,0
1092,bore,1,0.006667,0,0,0,0,0
1093,bored,1,0.006667,0,0,0,0,0
1094,boss,1,0.006667,0,0,0,6,0
1095,boston,1,0.006667,0,0,0,0,0
1096,bother,1,0.006667,0,0,0,0,0
1097,boundaries,1,0.006667,0,0,0,0,0
1098,boyfriend,1,0.006667,0,0,0,2,0
1099,boys,1,0.006667,0,0,0,1,0
1100,breath,1,0.006667,0,0,0,0,0
1101,brick,1,0.006667,0,0,0,1,0
1102,bright,1,0.006667,1,0,0,0,0
1103,bring,1,0.006667,0,0,0,2,0
1104,broader,1,0.006667,0,0,0,6,0
1105,broke,1,0.006667,0,0,0,1,0
1106,brook,1,0.006667,0,0,0,2,0
1107,brothers,1,0.006667,0,0,0,0,0
1108,brutally,1,0.006667,0,0,0,0,0
1109,buddha,1,0.006667,0,0,0,0,0
1110,buddy,1,0.006667,0,0,0,0,0
1111,buff,1,0.006667,0,0,0,0,0
1112,bulge,1,0.006667,0,0,0,0,0
1113,bullion,1,0.006667,0,0,0,0,0
1114,bullshit,1,0.006667,0,0,0,1,0
1115,buried,1,0.006667,0,0,0,1,0
1116,burning,1,0.006667,0,0,0,1,0
1117,busy,1,0.006667,1,0,0,0,0
1118,butterfly,1,0.006667,0,0,0,1,0
1119,c,1,0.006667,0,0,0,0,0
1120,calisthenics,1,0.006667,0,0,0,0,0
1121,camping,1,0.006667,0,0,0,0,0
1122,cancers,1,0.006667,0,0,0,0,0
1123,candy,1,0.006667,0,0,0,0,0
1124,car,1,0.006667,3,0,0,2,1
1125,card,1,0.006667,0,0,0,1,0
1126,cared,1,0.006667,0,0,0,0,0
1127,career,1,0.006667,0,0,0,0,0
1128,careers,1,0.006667,0,0,0,0,0
1129,carer,1,0.006667,0,0,0,0,0
1130,caretaker,1,0.006667,0,0,0,0,0
1131,carnivore,1,0.006667,0,0,0,0,0
1132,carry,1,0.006667,2,0,0,0,0
1133,cars,1,0.006667,1,0,0,0,0
1134,case,1,0.006667,0,0,0,2,0
1135,catch,1,0.006667,0,0,0,0,0
1136,caucasian,1,0.006667,0,0,0,0,0
1137,cautious,1,0.006667,1,0,0,0,0
1138,celebrated,1,0.006667,0,0,0,1,0
1139,center,1,0.006667,1,0,0,0,0
1140,certain,1,0.006667,2,0,0,1,0
1141,certification,1,0.006667,0,0,0,0,0
1142,chainsaw,1,0.006667,0,0,0,0,0
1143,chance,1,0.006667,0,0,0,0,0
1144,changes,1,0.006667,0,0,0,0,0
1145,charitable,1,0.006667,0,0,0,0,0
1146,chaser,1,0.006667,0,0,0,0,0
1147,cheerleader,1,0.006667,0,0,0,0,0
1148,chef,1,0.006667,1,0,0,0,0
1149,chess,1,0.006667,0,0,0,0,0
1150,chicken,1,0.006667,0,0,0,1,0
1151,chief,1,0.006667,0,0,0,0,0
1152,chihuahuas,1,0.006667,0,0,0,0,0
1153,childlike,1,0.006667,0,0,0,0,0
1154,children's,1,0.006667,0,0,0,1,0
1155,childrend,1,0.006667,0,0,0,0,0
1156,chinese,1,0.006667,0,0,0,0,0
1157,chivarreto,1,0.006667,0,0,0,0,0
1158,chocolate,1,0.006667,0,0,0,0,0
1159,choice,1,0.006667,1,0,0,0,0
1160,chronic,1,0.006667,1,0,0,1,0
1161,chronically,1,0.006667,0,0,0,1,0
1162,church,1,0.006667,3,0,0,1,0
1163,civilized,1,0.006667,0,0,0,0,0
1164,claims,1,0.006667,0,0,0,0,0
1165,classic,1,0.006667,0,0,0,0,0
1166,classical,1,0.006667,1,0,0,0,0
1167,classy,1,0.006667,0,0,0,0,0
1168,clauses,1,0.006667,0,0,0,2,0
1169,clean,1,0.006667,1,0,0,0,0
1170,clear,1,0.006667,0,0,0,0,0
1171,clever,1,0.006667,0,0,0,0,0
1172,climate,1,0.006667,0,0,0,2,0
1173,closer,1,0.006667,0,0,0,0,0
1174,clotheshorse,1,0.006667,0,0,0,0,0
1175,cloud,1,0.006667,0,0,0,1,0
1176,co,1,0.006667,0,0,0,0,0
1177,coach,1,0.006667,0,0,0,1,0
1178,coalition,1,0.006667,0,0,0,0,0
1179,code,1,0.006667,0,0,0,0,0
1180,codebreakers,1,0.006667,0,0,0,0,0
1181,cog,1,0.006667,0,0,0,1,0
1182,coins,1,0.006667,0,0,0,0,0
1183,collecting,1,0.006667,1,0,0,0,0
1184,collector,1,0.006667,2,0,0,0,0
1185,collects,1,0.006667,0,0,0,0,0
1186,coloradan,1,0.006667,0,0,0,1,0
1187,come,1,0.006667,0,0,0,0,0
1188,comedy,1,0.006667,0,0,0,0,0
1189,comes,1,0.006667,1,0,0,0,0
1190,comfortable,1,0.006667,1,0,0,0,0
1191,common,1,0.006667,1,0,0,2,0
1192,companion,1,0.006667,0,0,0,2,0
1193,compasionate,1,0.006667,0,0,0,0,0
1194,compelling,1,0.006667,0,0,0,0,0
1195,competent,1,0.006667,0,0,0,0,0
1196,completed,1,0.006667,0,0,0,0,0
1197,completing,1,0.006667,0,0,0,6,0
1198,completion,1,0.006667,0,0,0,1,0
1199,composer,1,0.006667,0,0,0,0,0
1200,compromised,1,0.006667,0,0,0,0,0
1201,computer,1,0.006667,1,0,0,0,0
1202,concerned,1,0.006667,1,0,0,0,0
1203,concert,1,0.006667,0,0,0,0,0
1204,concerts,1,0.006667,0,0,0,0,0
1205,concious,1,0.006667,0,0,0,2,0
1206,confidence,1,0.006667,0,0,0,0,0
1207,conflicted,1,0.006667,0,0,0,0,0
1208,conflicting,1,0.006667,0,0,0,0,0
1209,confrontation,1,0.006667,0,0,0,2,0
1210,confused,1,0.006667,0,0,0,0,0
1211,conscious,1,0.006667,0,0,0,0,0
1212,consequences,1,0.006667,0,0,0,0,0
1213,conservationist,1,0.006667,0,0,0,0,0
1214,consideration,1,0.006667,0,0,0,0,0
1215,conspiracy,1,0.006667,0,0,0,0,0
1216,constant,1,0.006667,1,0,0,2,0
1217,constitution,1,0.006667,0,0,0,2,0
1218,consultant,1,0.006667,0,0,0,0,0
1219,consumed,1,0.006667,0,0,0,0,0
1220,consumer,1,0.006667,0,0,0,2,0
1221,content,1,0.006667,0,0,0,0,0
1222,contrasts,1,0.006667,0,0,0,0,0
1223,conversation,1,0.006667,0,0,0,0,0
1224,conversations,1,0.006667,0,0,0,0,0
1225,cooked,1,0.006667,0,0,0,0,0
1226,cooker,1,0.006667,0,0,0,0,0
1227,cool,1,0.006667,2,0,0,1,0
1228,copier,1,0.006667,0,0,0,0,0
1229,coronavirus,1,0.006667,0,0,0,1,0
1230,corporations,1,0.006667,0,0,0,0,0
1231,couldn't,1,0.006667,0,0,0,1,0
1232,counselor,1,0.006667,0,0,0,1,0
1233,cozy,1,0.006667,0,0,0,1,0
1234,cptsd,1,0.006667,0,0,0,0,0
1235,crack,1,0.006667,0,0,0,0,0
1236,craft,1,0.006667,0,0,0,0,0
1237,crafter,1,0.006667,0,0,0,1,0
1238,crafts,1,0.006667,0,0,0,0,0
1239,crafty,1,0.006667,0,0,0,0,0
1240,crazy,1,0.006667,0,0,0,1,0
1241,cream,1,0.006667,0,0,0,0,0
1242,creation,1,0.006667,0,0,0,0,0
1243,creature,1,0.006667,0,0,0,0,0
1244,cruelty,1,0.006667,0,0,0,0,0
1245,cruises,1,0.006667,0,0,0,0,0
1246,cubs,1,0.006667,0,0,0,1,0
1247,cuisine,1,0.006667,0,0,0,0,0
1248,culture,1,0.006667,1,0,0,0,0
1249,culture's,1,0.006667,0,0,0,0,0
1250,customer,1,0.006667,0,0,0,0,0
1251,cute,1,0.006667,0,0,0,0,0
1252,cycle,1,0.006667,0,0,0,0,0
1253,d,1,0.006667,0,0,0,0,0
1254,damage,1,0.006667,0,0,0,0,0
1255,dance,1,0.006667,0,0,0,0,0
1256,dancer,1,0.006667,1,0,0,0,0
1257,daring,1,0.006667,0,0,0,2,0
1258,darker,1,0.006667,0,0,0,0,0
1259,days,1,0.006667,0,0,0,1,0
1260,deadlines,1,0.006667,0,0,0,1,0
1261,deal,1,0.006667,2,0,0,0,0
1262,dealt,1,0.006667,0,0,0,2,0
1263,death,1,0.006667,2,0,0,0,0
1264,debater,1,0.006667,0,0,0,0,0
1265,decade,1,0.006667,0,0,0,0,0
1266,decades,1,0.006667,1,0,0,0,0
1267,decisions,1,0.006667,0,0,0,1,0
1268,decorator,1,0.006667,0,0,0,0,0
1269,deep,1,0.006667,1,0,0,0,0
1270,deficient,1,0.006667,0,0,0,0,0
1271,defines,1,0.006667,0,0,0,0,0
1272,deities,1,0.006667,0,0,0,0,0
1273,delivery,1,0.006667,0,0,0,0,0
1274,demi,1,0.006667,0,0,0,0,0
1275,democrat,1,0.006667,2,0,0,2,0
1276,democratic,1,0.006667,1,0,0,1,0
1277,demographics,1,0.006667,0,0,0,0,0
1278,department,1,0.006667,0,0,0,0,0
1279,deprecating,1,0.006667,0,0,0,0,0
1280,descended,1,0.006667,0,0,0,0,0
1281,designer,1,0.006667,1,0,0,0,0
1282,desire,1,0.006667,1,0,0,0,0
1283,despise,1,0.006667,1,0,0,1,0
1284,destroyer,1,0.006667,0,0,0,0,0
1285,detail,1,0.006667,0,0,0,0,0
1286,developed,1,0.006667,1,0,0,0,0
1287,development,1,0.006667,0,0,0,0,0
1288,devoted,1,0.006667,0,0,0,0,0
1289,devry,1,0.006667,0,0,0,0,0
1290,diabetes,1,0.006667,0,0,0,1,0
1291,diagnosed,1,0.006667,0,0,0,1,0
1292,did,1,0.006667,1,0,0,0,0
1293,didn't,1,0.006667,0,0,0,1,0
1294,die,1,0.006667,0,0,0,0,0
1295,difficult,1,0.006667,0,0,0,0,0
1296,dilemma,1,0.006667,0,0,0,0,0
1297,dilivery,1,0.006667,0,0,0,0,0
1298,diminish,1,0.006667,0,0,0,0,0
1299,direct,1,0.006667,0,0,0,1,0
1300,dirt,1,0.006667,0,0,0,0,0
1301,dirty,1,0.006667,0,0,0,0,0
1302,disability,1,0.006667,0,0,0,0,0
1303,disabled,1,0.006667,1,0,0,0,0
1304,disappointed,1,0.006667,0,0,0,0,0
1305,disappointment,1,0.006667,0,0,0,0,0
1306,discerning,1,0.006667,0,0,0,0,0
1307,discovering,1,0.006667,0,0,0,0,0
1308,disease,1,0.006667,0,0,0,0,0
1309,dislikes,1,0.006667,0,0,0,2,0
1310,displays,1,0.006667,0,0,0,0,0
1311,distressed,1,0.006667,0,0,0,0,0
1312,doctor,1,0.006667,1,0,0,0,0
1313,dollar,1,0.006667,0,0,0,0,0
1314,dolphin,1,0.006667,0,0,0,0,0
1315,domestic,1,0.006667,0,0,0,0,0
1316,donate,1,0.006667,0,0,0,0,0
1317,donations,1,0.006667,0,0,0,0,0
1318,don’t,1,0.006667,1,0,0,0,0
1319,dose,1,0.006667,0,0,0,0,0
1320,double,1,0.006667,0,0,0,0,0
1321,doubt,1,0.006667,0,0,0,1,0
1322,down,1,0.006667,1,0,0,0,0
1323,dozen,1,0.006667,0,0,0,0,0
1324,dreams,1,0.006667,0,0,0,0,0
1325,dress,1,0.006667,0,0,0,0,0
1326,dressed,1,0.006667,0,0,0,0,0
1327,dressing,1,0.006667,0,0,0,2,0
1328,drinker,1,0.006667,2,0,0,0,0
1329,driving,1,0.006667,1,0,0,0,0
1330,drove,1,0.006667,0,0,0,0,0
1331,drug,1,0.006667,0,0,0,0,0
1332,drummer,1,0.006667,0,0,0,0,0
1333,due,1,0.006667,0,0,0,0,0
1334,during,1,0.006667,0,0,0,1,0
1335,eager,1,0.006667,0,0,0,0,0
1336,early,1,0.006667,0,0,0,0,0
1337,earn,1,0.006667,0,0,0,0,0
1338,earned,1,0.006667,0,0,0,1,0
1339,earns,1,0.006667,1,0,0,0,0
1340,earthling,1,0.006667,0,0,0,0,0
1341,ease,1,0.006667,0,0,0,0,0
1342,eats,1,0.006667,0,0,0,0,0
1343,eclectic,1,0.006667,0,0,0,0,0
1344,eco,1,0.006667,0,0,0,0,0
1345,edm,1,0.006667,1,0,0,0,0
1346,educator,1,0.006667,0,0,0,0,0
1347,elder,1,0.006667,0,0,0,2,0
1348,elders,1,0.006667,1,0,0,0,0
1349,electronic,1,0.006667,0,0,0,0,0
1350,eleven,1,0.006667,0,0,0,0,0
1351,eliminated,1,0.006667,0,0,0,1,0
1352,else’s,1,0.006667,0,0,0,0,0
1353,embrace,1,0.006667,0,0,0,0,0
1354,emotional,1,0.006667,1,0,0,0,0
1355,empath,1,0.006667,1,0,0,0,0
1356,empathy,1,0.006667,0,0,0,0,0
1357,employees,1,0.006667,0,0,0,1,0
1358,endeavor,1,0.006667,0,0,0,0,0
1359,ended,1,0.006667,0,0,0,0,0
1360,energy,1,0.006667,0,0,0,0,0
1361,engineer,1,0.006667,0,0,0,0,0
1362,engineering,1,0.006667,0,0,0,0,0
1363,enrolled,1,0.006667,0,0,0,0,0
1364,ensure,1,0.006667,1,0,0,1,0
1365,entertaining,1,0.006667,0,0,0,0,0
1366,enthusiasm,1,0.006667,0,0,0,0,0
1367,enthusiastic,1,0.006667,1,0,0,0,0
1368,enthusist,1,0.006667,0,0,0,0,0
1369,entirely,1,0.006667,0,0,0,0,0
1370,environment,1,0.006667,2,0,0,0,0
1371,equality,1,0.006667,1,0,0,1,0
1372,era,1,0.006667,0,0,0,1,0
1373,es,1,0.006667,0,0,0,0,0
1374,esp,1,0.006667,0,0,0,0,0
1375,especial,1,0.006667,0,0,0,0,0
1376,essay,1,0.006667,0,0,0,1,0
1377,estate,1,0.006667,0,0,0,0,0
1378,eternally,1,0.006667,0,0,0,1,0
1379,eternity,1,0.006667,0,0,0,1,0
1380,ethically,1,0.006667,0,0,0,0,0
1381,etsy,1,0.006667,0,0,0,0,0
1382,event,1,0.006667,0,0,0,0,0
1383,everybody’s,1,0.006667,0,0,0,0,0
1384,evidence,1,0.006667,0,0,0,0,0
1385,exact,1,0.006667,0,0,0,0,0
1386,excel,1,0.006667,0,0,0,1,0
1387,exerciser,1,0.006667,1,0,0,2,0
1388,exercising,1,0.006667,0,0,0,0,0
1389,existence,1,0.006667,0,0,0,0,0
1390,expansive,1,0.006667,0,0,0,0,0
1391,expect,1,0.006667,0,0,0,0,0
1392,expects,1,0.006667,0,0,0,0,0
1393,experience,1,0.006667,0,0,0,1,0
1394,experienced,1,0.006667,0,0,0,0,0
1395,experiences,1,0.006667,1,0,0,0,0
1396,explaining,1,0.006667,0,0,0,0,0
1397,explore,1,0.006667,0,0,0,0,0
1398,express,1,0.006667,0,0,0,1,0
1399,expression,1,0.006667,0,0,0,2,0
1400,expressive,1,0.006667,0,0,0,2,0
1401,expressmail,1,0.006667,0,0,0,0,0
1402,extensive,1,0.006667,0,0,0,0,0
1403,extroverted,1,0.006667,0,0,0,0,0
1404,eye,1,0.006667,1,0,0,0,0
1405,f1,1,0.006667,0,0,0,0,0
1406,faced,1,0.006667,0,0,0,0,0
1407,facing,1,0.006667,0,0,0,0,0
1408,fact,1,0.006667,0,0,0,0,0
1409,failure,1,0.006667,0,0,0,0,0
1410,fairly,1,0.006667,0,0,0,1,0
1411,fairness,1,0.006667,0,0,0,1,0
1412,fall,1,0.006667,3,0,0,2,0
1413,fanatic,1,0.006667,0,0,0,2,0
1414,fancy,1,0.006667,1,0,0,0,0
1415,far,1,0.006667,2,0,0,0,0
1416,fascinating,1,0.006667,0,0,0,0,0
1417,faster,1,0.006667,0,0,0,0,0
1418,fault,1,0.006667,0,0,0,0,0
1419,fearfully,1,0.006667,0,0,0,0,0
1420,fearing,1,0.006667,0,0,0,1,0
1421,fearless,1,0.006667,0,0,0,1,0
1422,feeding,1,0.006667,0,0,0,0,0
1423,feelings,1,0.006667,1,0,0,0,0
1424,feet,1,0.006667,0,0,0,0,0
1425,fence,1,0.006667,1,0,0,0,0
1426,fenceline,1,0.006667,0,0,0,0,0
1427,ferret,1,0.006667,0,0,0,0,0
1428,fervent,1,0.006667,0,0,0,0,0
1429,fiber,1,0.006667,0,0,0,0,0
1430,field,1,0.006667,1,0,0,0,0
1431,filipino,1,0.006667,0,0,0,0,0
1432,finally,1,0.006667,0,0,0,0,0
1433,finds,1,0.006667,0,0,0,0,0
1434,finish,1,0.006667,0,0,0,2,0
1435,firearms,1,0.006667,1,0,0,0,0
1436,firmly,1,0.006667,0,0,0,1,0
1437,fish,1,0.006667,1,0,0,0,0
1438,fitness,1,0.006667,0,0,0,0,0
1439,flex,1,0.006667,0,0,0,1,0
1440,florida,1,0.006667,0,0,0,1,0
1441,focus,1,0.006667,0,0,0,0,0
1442,focused,1,0.006667,2,0,0,0,0
1443,folk,1,0.006667,0,0,0,0,0
1444,foods,1,0.006667,1,0,0,0,0
1445,forget,1,0.006667,0,0,0,0,0
1446,forgettable,1,0.006667,0,0,0,0,0
1447,forgive,1,0.006667,0,0,0,0,0
1448,formally,1,0.006667,0,0,0,1,0
1449,format,1,0.006667,0,0,0,0,0
1450,fortunate,1,0.006667,0,0,0,0,0
1451,foster,1,0.006667,0,0,0,2,0
1452,found,1,0.006667,0,0,0,2,0
1453,four,1,0.006667,0,0,0,0,0
1454,fried,1,0.006667,0,0,0,0,0
1455,frogs,1,0.006667,0,0,0,0,0
1456,functions,1,0.006667,0,0,0,0,0
1457,fur,1,0.006667,0,0,0,0,0
1458,furniture,1,0.006667,0,0,0,1,0
1459,ga,1,0.006667,0,0,0,0,0
1460,gamble,1,0.006667,0,0,0,0,0
1461,gang,1,0.006667,0,0,0,0,0
1462,gardening,1,0.006667,1,0,0,2,0
1463,gated,1,0.006667,0,0,0,0,0
1464,gave,1,0.006667,0,0,0,1,0
1465,gay,1,0.006667,0,0,0,0,0
1466,general,1,0.006667,0,0,0,0,0
1467,generally,1,0.006667,1,0,0,0,0
1468,generation,1,0.006667,0,0,0,0,0
1469,gentle,1,0.006667,0,0,0,0,0
1470,geology,1,0.006667,0,0,0,0,0
1471,georgia,1,0.006667,0,0,0,0,0
1472,germaphobe,1,0.006667,0,0,0,0,0
1473,gets,1,0.006667,0,0,0,1,0
1474,getter,1,0.006667,0,0,0,0,0
1475,girlfriend,1,0.006667,1,0,0,0,0
1476,girls,1,0.006667,0,0,0,0,0
1477,glad,1,0.006667,0,0,0,0,0
1478,gladiator,1,0.006667,0,0,0,0,0
1479,godfather,1,0.006667,0,0,0,2,0
1480,godmother,1,0.006667,0,0,0,0,0
1481,gogether,1,0.006667,0,0,0,0,0
1482,gold,1,0.006667,0,0,0,0,0
1483,goofy,1,0.006667,0,0,0,0,0
1484,gooner,1,0.006667,0,0,0,0,0
1485,gourmand,1,0.006667,0,0,0,0,0
1486,gracefully,1,0.006667,0,0,0,1,0
1487,grades,1,0.006667,0,0,0,1,0
1488,graduates,1,0.006667,0,0,0,1,0
1489,grand,1,0.006667,0,0,0,1,0
1490,grandchild,1,0.006667,0,0,0,1,0
1491,grandma,1,0.006667,1,0,0,0,0
1492,grandson,1,0.006667,1,0,0,1,0
1493,granduate,1,0.006667,0,0,0,0,0
1494,grass,1,0.006667,0,0,0,0,0
1495,graves,1,0.006667,0,0,0,0,0
1496,grocery,1,0.006667,0,0,0,0,0
1497,groomer,1,0.006667,0,0,0,2,0
1498,ground,1,0.006667,0,0,0,2,0
1499,group,1,0.006667,2,0,0,0,0
1500,grown,1,0.006667,0,0,0,0,0
1501,guaranteed,1,0.006667,0,0,0,1,0
1502,guilty,1,0.006667,0,0,0,0,0
1503,guy,1,0.006667,1,0,0,0,0
1504,gym,1,0.006667,1,0,0,6,0
1505,ha,1,0.006667,0,0,0,0,0
1506,haired,1,0.006667,0,0,0,0,0
1507,ham,1,0.006667,0,0,0,0,0
1508,hamilton,1,0.006667,0,0,0,0,0
1509,hamster,1,0.006667,0,0,0,0,0
1510,handed,1,0.006667,0,0,0,1,0
1511,hang,1,0.006667,0,0,0,0,0
1512,hanging,1,0.006667,2,0,0,0,0
1513,hangs,1,0.006667,0,0,0,0,0
1514,happier,1,0.006667,0,0,0,1,0
1515,hardships,1,0.006667,0,0,0,0,0
1516,hardworker,1,0.006667,0,0,0,0,0
1517,harm,1,0.006667,0,0,0,0,0
1518,hasn’t,1,0.006667,0,0,0,0,0
1519,hated,1,0.006667,0,0,0,0,0
1520,hater,1,0.006667,0,0,0,0,0
1521,hates,1,0.006667,0,0,0,1,0
1522,heard,1,0.006667,0,0,0,0,0
1523,heat,1,0.006667,0,0,0,0,0
1524,heights,1,0.006667,0,0,0,0,0
1525,helped,1,0.006667,0,0,0,0,0
1526,herd,1,0.006667,0,0,0,0,0
1527,heritage,1,0.006667,0,0,0,0,0
1528,highly,1,0.006667,0,0,0,1,0
1529,hiking,1,0.006667,1,0,0,2,0
1530,himself,1,0.006667,0,0,0,2,0
1531,hip,1,0.006667,0,0,0,0,0
1532,hippie,1,0.006667,0,0,0,0,0
1533,historian,1,0.006667,0,0,0,0,0
1534,historic,1,0.006667,0,0,0,0,0
1535,hit,1,0.006667,0,0,0,1,0
1536,hobbyist,1,0.006667,0,0,0,0,0
1537,hold,1,0.006667,0,0,0,0,0
1538,holding,1,0.006667,0,0,0,0,0
1539,homebody,1,0.006667,0,0,0,0,0
1540,homeless,1,0.006667,0,0,0,2,0
1541,homemaker,1,0.006667,0,0,0,0,0
1542,homeschooled,1,0.006667,0,0,0,1,0
1543,hometown,1,0.006667,0,0,0,1,0
1544,honestly,1,0.006667,0,0,0,0,0
1545,hop,1,0.006667,0,0,0,0,0
1546,horrific,1,0.006667,0,0,0,0,0
1547,horrified,1,0.006667,0,0,0,0,0
1548,horror,1,0.006667,1,0,0,1,1
1549,horse,1,0.006667,0,0,0,2,0
1550,housing,1,0.006667,0,0,0,1,0
1551,however,1,0.006667,0,0,0,1,0
1552,huge,1,0.006667,0,0,0,0,0
1553,humanist,1,0.006667,0,0,0,1,0
1554,humble,1,0.006667,0,0,0,0,0
1555,humbled,1,0.006667,0,0,0,0,0
1556,hummingbiirds,1,0.006667,0,0,0,0,0
1557,hummingbird,1,0.006667,0,0,0,0,0
1558,humorist,1,0.006667,0,0,0,0,0
1559,hungry,1,0.006667,2,0,0,1,0
1560,hurricane,1,0.006667,0,0,0,0,0
1561,hurts,1,0.006667,0,0,0,0,0
1562,hustling,1,0.006667,0,0,0,0,0
1563,hypocrisy,1,0.006667,0,0,0,1,0
1564,hypocrite,1,0.006667,0,0,0,1,0
1565,i'd,1,0.006667,2,0,0,0,0
1566,i11,1,0.006667,0,0,0,0,0
1567,i3,1,0.006667,0,0,0,0,0
1568,ice,1,0.006667,0,0,0,0,0
1569,identify,1,0.006667,1,0,0,1,0
1570,identifying,1,0.006667,0,0,0,0,0
1571,identity,1,0.006667,0,0,0,1,0
1572,ignored,1,0.006667,0,0,0,0,0
1573,illnesses,1,0.006667,0,0,0,0,0
1574,image,1,0.006667,0,0,0,0,0
1575,imagination,1,0.006667,0,0,0,0,0
1576,immature,1,0.006667,0,0,0,2,0
1577,immediate,1,0.006667,0,0,0,0,0
1578,immediately,1,0.006667,0,0,0,1,0
1579,immigrant,1,0.006667,0,0,0,0,0
1580,immigrants,1,0.006667,0,0,0,0,0
1581,immunity,1,0.006667,0,0,0,0,0
1582,imperative,1,0.006667,0,0,0,0,0
1583,importance,1,0.006667,0,0,0,0,0
1584,impossible,1,0.006667,0,0,0,0,0
1585,impressions,1,0.006667,0,0,0,0,0
1586,improvement,1,0.006667,0,0,0,0,0
1587,improving,1,0.006667,0,0,0,0,0
1588,incense,1,0.006667,0,0,0,1,0
1589,included,1,0.006667,0,0,0,2,0
1590,independence,1,0.006667,0,0,0,0,0
1591,indian,1,0.006667,0,0,0,0,0
1592,indigenous,1,0.006667,0,0,0,0,0
1593,inducer,1,0.006667,0,0,0,0,0
1594,infinite,1,0.006667,0,0,0,0,0
1595,influence,1,0.006667,0,0,0,1,0
1596,informed,1,0.006667,0,0,0,0,0
1597,innocent,1,0.006667,0,0,0,0,0
1598,inquisitive,1,0.006667,1,0,0,1,0
1599,insects,1,0.006667,0,0,0,0,0
1600,inspired,1,0.006667,0,0,0,0,0
1601,instagram,1,0.006667,0,0,0,0,0
1602,instincts,1,0.006667,0,0,0,0,0
1603,institutiion,1,0.006667,0,0,0,0,0
1604,instrument,1,0.006667,0,0,0,0,0
1605,insurance,1,0.006667,0,0,0,0,0
1606,integrity,1,0.006667,0,0,0,0,0
1607,intellectual,1,0.006667,0,0,0,0,0
1608,intend,1,0.006667,0,0,0,0,0
1609,interest,1,0.006667,1,0,0,0,0
1610,interior,1,0.006667,0,0,0,0,0
1611,intertwined,1,0.006667,0,0,0,1,0
1612,intolerance,1,0.006667,0,0,0,0,0
1613,introspective,1,0.006667,0,0,0,2,0
1614,introversion,1,0.006667,0,0,0,0,0
1615,introverts,1,0.006667,0,0,0,0,0
1616,intuitive,1,0.006667,0,0,0,1,0
1617,invariably,1,0.006667,0,0,0,0,0
1618,inviting,1,0.006667,0,0,0,0,0
1619,irritated,1,0.006667,0,0,0,0,0
1620,ish,1,0.006667,0,0,0,2,0
1621,island,1,0.006667,0,0,0,0,0
1622,italia,1,0.006667,0,0,0,0,0
1623,italian,1,0.006667,0,0,0,0,0
1624,items,1,0.006667,0,0,0,0,0
1625,its,1,0.006667,1,0,0,0,0
1626,it’s,1,0.006667,0,0,0,0,0
1627,ivy,1,0.006667,0,0,0,0,0
1628,i’m,1,0.006667,0,0,0,0,0
1629,jackets,1,0.006667,0,0,0,0,0
1630,japanese,1,0.006667,1,0,0,1,0
1631,javascript,1,0.006667,0,0,0,0,0
1632,jealous,1,0.006667,0,0,0,0,0
1633,jesus,1,0.006667,0,0,0,2,0
1634,jokes,1,0.006667,0,0,0,0,0
1635,jokester,1,0.006667,0,0,0,0,0
1636,journal,1,0.006667,0,0,0,0,0
1637,journalism,1,0.006667,0,0,0,0,0
1638,journey,1,0.006667,0,0,0,0,0
1639,joyful,1,0.006667,2,0,0,0,0
1640,junior,1,0.006667,0,0,0,1,0
1641,justice,1,0.006667,0,0,0,0,0
1642,kansas,1,0.006667,0,0,0,0,0
1643,karma,1,0.006667,0,0,0,0,0
1644,kaskkick,1,0.006667,0,0,0,0,0
1645,keto,1,0.006667,0,0,0,0,0
1646,kevin,1,0.006667,0,0,0,0,0
1647,kid,1,0.006667,1,0,0,2,0
1648,kindness,1,0.006667,0,0,0,0,0
1649,kinds,1,0.006667,0,0,0,0,0
1650,knitter,1,0.006667,0,0,0,0,0
1651,knowledgeable,1,0.006667,1,0,0,0,0
1652,knowlegable,1,0.006667,0,0,0,2,0
1653,known,1,0.006667,0,0,0,0,0
1654,knows,1,0.006667,1,0,0,0,0
1655,labeled,1,0.006667,0,0,0,0,0
1656,labor,1,0.006667,0,0,0,1,0
1657,laboratory,1,0.006667,0,0,0,0,0
1658,lack,1,0.006667,0,0,0,0,0
1659,lacks,1,0.006667,0,0,0,0,0
1660,lady,1,0.006667,0,0,0,0,0
1661,laid,1,0.006667,1,0,0,0,0
1662,land,1,0.006667,0,0,0,0,0
1663,language,1,0.006667,1,0,0,1,0
1664,lastly,1,0.006667,1,0,0,0,0
1665,late,1,0.006667,0,0,0,0,0
1666,lately,1,0.006667,1,0,0,0,0
1667,laugh,1,0.006667,1,0,0,2,0
1668,laughter,1,0.006667,0,0,0,0,0
1669,lawful,1,0.006667,0,0,0,2,0
1670,lead,1,0.006667,0,0,0,0,0
1671,leaders,1,0.006667,0,0,0,0,0
1672,led,1,0.006667,0,0,0,0,0
1673,left,1,0.006667,1,0,0,1,0
1674,leftist,1,0.006667,0,0,0,0,0
1675,lego,1,0.006667,0,0,0,1,0
1676,les,1,0.006667,0,0,0,0,0
1677,lgbyq,1,0.006667,0,0,0,0,0
1678,license,1,0.006667,0,0,0,0,0
1679,lie,1,0.006667,0,0,0,0,0
1680,lifelong,1,0.006667,0,0,0,0,0
1681,limousine,1,0.006667,0,0,0,0,0
1682,line,1,0.006667,0,0,0,2,0
1683,listens,1,0.006667,0,0,0,0,0
1684,lists,1,0.006667,0,0,0,0,0
1685,lo,1,0.006667,0,0,0,0,0
1686,lockdown,1,0.006667,0,0,0,1,0
1687,long,1,0.006667,1,0,0,0,0
1688,longing,1,0.006667,0,0,0,1,0
1689,lord,1,0.006667,0,0,0,0,0
1690,loss,1,0.006667,0,0,0,0,0
1691,lots,1,0.006667,0,0,0,1,0
1692,loud,1,0.006667,2,0,0,0,0
1693,louisvillian,1,0.006667,0,0,0,2,0
1694,low,1,0.006667,0,0,0,0,0
1695,lucky,1,0.006667,1,0,0,0,0
1696,lyrics,1,0.006667,0,0,0,0,0
1697,m,1,0.006667,0,0,0,0,0
1698,machines,1,0.006667,0,0,0,0,0
1699,madly,1,0.006667,0,0,0,0,0
1700,magick,1,0.006667,0,0,0,0,0
1701,main,1,0.006667,0,0,0,0,0
1702,major,1,0.006667,0,0,0,0,0
1703,maker,1,0.006667,0,0,0,0,0
1704,makes,1,0.006667,0,0,0,0,0
1705,makeup,1,0.006667,0,0,0,0,0
1706,marching,1,0.006667,0,0,0,0,0
1707,marine,1,0.006667,0,0,0,0,0
1708,marriage,1,0.006667,0,0,0,0,0
1709,master's,1,0.006667,0,0,0,0,0
1710,mastered,1,0.006667,0,0,0,1,0
1711,matching,1,0.006667,0,0,0,0,0
1712,may,1,0.006667,2,0,0,0,0
1713,meals,1,0.006667,0,0,0,0,0
1714,mean,1,0.006667,0,0,0,0,0
1715,means,1,0.006667,0,0,0,1,0
1716,medial,1,0.006667,0,0,0,0,0
1717,medical,1,0.006667,0,0,0,0,0
1718,medication,1,0.006667,0,0,0,0,0
1719,medium,1,0.006667,1,0,0,0,0
1720,meeting,1,0.006667,0,0,0,1,0
1721,memories,1,0.006667,0,0,0,2,0
1722,memory,1,0.006667,0,0,0,0,0
1723,mess,1,0.006667,1,0,0,1,0
1724,messing,1,0.006667,0,0,0,0,0
1725,met,1,0.006667,0,0,0,0,0
1726,microsoft,1,0.006667,0,0,0,0,0
1727,might,1,0.006667,0,0,0,2,0
1728,migraines,1,0.006667,0,0,0,0,0
1729,miles,1,0.006667,0,0,0,1,0
1730,millenial,1,0.006667,0,0,0,0,0
1731,millennial,1,0.006667,0,0,0,0,0
1732,mindful,1,0.006667,1,0,0,0,0
1733,minimalist,1,0.006667,0,0,0,0,0
1734,minority,1,0.006667,0,0,0,1,0
1735,miserable,1,0.006667,0,0,0,0,0
1736,mistakes,1,0.006667,0,0,0,0,0
1737,mo,1,0.006667,0,0,0,0,0
1738,mobile,1,0.006667,1,0,0,0,0
1739,model,1,0.006667,1,0,0,1,0
1740,modern,1,0.006667,0,0,0,0,0
1741,mom's,1,0.006667,0,0,0,2,0
1742,moment,1,0.006667,3,0,0,0,0
1743,monogamous,1,0.006667,0,0,0,1,0
1744,morning,1,0.006667,0,0,0,0,0
1745,motorcycle,1,0.006667,0,0,0,1,0
1746,motorcycles,1,0.006667,0,0,0,0,0
1747,move,1,0.006667,1,0,0,0,0
1748,movement,1,0.006667,0,0,0,0,0
1749,movie,1,0.006667,2,0,0,1,0
1750,mow,1,0.006667,1,0,0,0,0
1751,mst,1,0.006667,0,0,0,0,0
1752,multi,1,0.006667,1,0,0,0,0
1753,municipality,1,0.006667,0,0,0,2,0
1754,museums,1,0.006667,0,0,0,0,0
1755,musically,1,0.006667,0,0,0,0,0
1756,mystery,1,0.006667,1,0,0,0,0
1757,mythological,1,0.006667,0,0,0,0,0
1758,n,1,0.006667,0,0,0,0,0
1759,nail,1,0.006667,0,0,0,0,0
1760,nasa,1,0.006667,0,0,0,0,0
1761,nationality,1,0.006667,0,0,0,0,0
1762,native,1,0.006667,1,0,0,0,0
1763,nearly,1,0.006667,0,0,0,0,0
1764,neater,1,0.006667,0,0,0,0,0
1765,neatnick,1,0.006667,0,0,0,0,0
1766,needless,1,0.006667,0,0,0,0,0
1767,needs,1,0.006667,0,0,0,1,0
1768,negative,1,0.006667,0,0,0,0,0
1769,neice,1,0.006667,0,0,0,0,0
1770,neighborhood,1,0.006667,0,0,0,0,0
1771,neighborhoods,1,0.006667,0,0,0,1,0
1772,neighborly,1,0.006667,0,0,0,0,0
1773,neighbors,1,0.006667,1,0,0,0,0
1774,nephew,1,0.006667,2,0,0,2,0
1775,nervous,1,0.006667,0,0,0,0,0
1776,neurotic,1,0.006667,0,0,0,0,0
1777,next,1,0.006667,1,0,0,0,0
1778,niece,1,0.006667,0,0,0,0,0
1779,nimble,1,0.006667,0,0,0,1,0
1780,nissan,1,0.006667,0,0,0,0,0
1781,nj,1,0.006667,0,0,0,0,0
1782,noble,1,0.006667,0,0,0,2,0
1783,none,1,0.006667,0,0,0,2,0
1784,northern,1,0.006667,0,0,0,1,0
1785,nosey,1,0.006667,0,0,0,0,0
1786,notorious,1,0.006667,0,0,0,0,0
1787,novels,1,0.006667,0,0,0,0,0
1788,novice,1,0.006667,0,0,0,0,0
1789,nowadays,1,0.006667,0,0,0,2,0
1790,nuclear,1,0.006667,0,0,0,0,0
1791,numbers,1,0.006667,0,0,0,0,0
1792,nurture,1,0.006667,0,0,0,0,0
1793,nurturing,1,0.006667,0,0,0,0,0
1794,o,1,0.006667,0,0,0,0,0
1795,obese,1,0.006667,0,0,0,1,0
1796,obesity,1,0.006667,0,0,0,1,0
1797,obscenely,1,0.006667,0,0,0,1,0
1798,occupations,1,0.006667,0,0,0,0,0
1799,ocean,1,0.006667,0,0,0,0,0
1800,odd,1,0.006667,0,0,0,0,0
1801,offer,1,0.006667,0,0,0,0,0
1802,office,1,0.006667,0,0,0,0,0
1803,oils,1,0.006667,0,0,0,0,0
1804,ok,1,0.006667,0,0,0,2,0
1805,okay,1,0.006667,0,0,0,1,0
1806,oldest,1,0.006667,0,0,0,0,0
1807,olive,1,0.006667,0,0,0,0,0
1808,onto,1,0.006667,0,0,0,0,0
1809,operations,1,0.006667,0,0,0,0,0
1810,opinions,1,0.006667,0,0,0,0,0
1811,opportunities,1,0.006667,0,0,0,0,0
1812,optimist,1,0.006667,0,0,0,0,0
1813,orange,1,0.006667,0,0,0,0,0
1814,order,1,0.006667,1,0,0,1,0
1815,oregonian,1,0.006667,0,0,0,0,0
1816,organism,1,0.006667,0,0,0,0,0
1817,organizing,1,0.006667,0,0,0,1,0
1818,originally,1,0.006667,0,0,0,0,0
1819,other's,1,0.006667,0,0,0,0,0
1820,otthers,1,0.006667,0,0,0,0,0
1821,outcast,1,0.006667,0,0,0,1,0
1822,outdoorsy,1,0.006667,0,0,0,0,0
1823,outstanding,1,0.006667,0,0,0,0,0
1824,owned,1,0.006667,0,0,0,0,0
1825,pace,1,0.006667,0,0,0,0,0
1826,paced,1,0.006667,0,0,0,0,0
1827,pacific,1,0.006667,0,0,0,0,0
1828,package,1,0.006667,0,0,0,0,0
1829,packers,1,0.006667,0,0,0,1,0
1830,paddleboarder,1,0.006667,0,0,0,0,0
1831,painter,1,0.006667,0,0,0,1,0
1832,pale,1,0.006667,0,0,0,0,0
1833,parakeet,1,0.006667,0,0,0,0,0
1834,parent,1,0.006667,0,0,0,0,0
1835,parks,1,0.006667,1,0,0,0,0
1836,participate,1,0.006667,0,0,0,1,0
1837,passable,1,0.006667,0,0,0,0,0
1838,passion,1,0.006667,0,0,0,0,0
1839,passive,1,0.006667,0,0,0,2,0
1840,paying,1,0.006667,0,0,0,0,0
1841,peacemaker,1,0.006667,0,0,0,0,0
1842,pepper,1,0.006667,0,0,0,0,0
1843,per,1,0.006667,0,0,0,1,0
1844,perfection,1,0.006667,0,0,0,0,0
1845,performer,1,0.006667,0,0,0,6,0
1846,perfume,1,0.006667,0,0,0,1,0
1847,perpertually,1,0.006667,0,0,0,2,0
1848,perpetual,1,0.006667,0,0,0,0,0
1849,persistent,1,0.006667,0,0,0,0,0
1850,personality,1,0.006667,0,0,0,0,0
1851,pessimist,1,0.006667,0,0,0,0,0
1852,petrified,1,0.006667,0,0,0,0,0
1853,pets,1,0.006667,0,0,0,2,0
1854,petty,1,0.006667,0,0,0,0,0
1855,pharmacy,1,0.006667,0,0,0,0,0
1856,philosophy,1,0.006667,0,0,0,2,0
1857,photograph,1,0.006667,1,0,0,0,0
1858,photographer,1,0.006667,1,0,0,0,0
1859,photography,1,0.006667,1,0,0,0,0
1860,phrases,1,0.006667,0,0,0,2,0
1861,physically,1,0.006667,1,0,0,0,0
1862,pianist,1,0.006667,0,0,0,1,0
1863,piano,1,0.006667,0,0,0,0,0
1864,pickleball,1,0.006667,2,0,0,0,0
1865,piece,1,0.006667,0,0,0,0,0
1866,pillar,1,0.006667,0,0,0,0,0
1867,places,1,0.006667,0,0,0,2,0
1868,planet,1,0.006667,0,0,0,0,0
1869,plans,1,0.006667,0,0,0,0,0
1870,planted,1,0.006667,0,0,0,0,0
1871,plays,1,0.006667,0,0,0,0,0
1872,pleaser,1,0.006667,0,0,0,0,0
1873,pleasures,1,0.006667,0,0,0,3,0
1874,plight,1,0.006667,0,0,0,0,0
1875,plump,1,0.006667,0,0,0,2,0
1876,plus,1,0.006667,0,0,0,1,0
1877,police,1,0.006667,0,0,0,0,0
1878,polish,1,0.006667,0,0,0,0,0
1879,political,1,0.006667,0,0,0,0,0
1880,politically,1,0.006667,0,0,0,0,0
1881,politics,1,0.006667,1,0,0,0,0
1882,pools,1,0.006667,0,0,0,2,0
1883,poor,1,0.006667,1,0,0,0,0
1884,popular,1,0.006667,1,0,0,0,0
1885,positions,1,0.006667,0,0,0,1,0
1886,positivity,1,0.006667,0,0,0,0,0
1887,post,1,0.006667,0,0,0,0,0
1888,pot,1,0.006667,0,0,0,2,0
1889,practiced,1,0.006667,0,0,0,0,0
1890,praise,1,0.006667,0,0,0,0,0
1891,prdjudice,1,0.006667,0,0,0,0,0
1892,pregnant,1,0.006667,0,0,0,0,0
1893,preparing,1,0.006667,0,0,0,0,0
1894,prescription,1,0.006667,0,0,0,0,0
1895,presented,1,0.006667,0,0,0,0,0
1896,president,1,0.006667,0,0,0,0,0
1897,pride,1,0.006667,0,0,0,0,0
1898,prideful,1,0.006667,0,0,0,0,0
1899,prison,1,0.006667,0,0,0,0,0
1900,privileged,1,0.006667,0,0,0,0,0
1901,prize,1,0.006667,0,0,0,0,0
1902,pro,1,0.006667,0,0,0,0,0
1903,probably,1,0.006667,0,0,0,2,0
1904,process,1,0.006667,0,0,0,0,0
1905,processed,1,0.006667,0,0,0,0,0
1906,processor,1,0.006667,0,0,0,0,0
1907,procrastinator,1,0.006667,0,0,0,0,0
1908,productive,1,0.006667,0,0,0,0,0
1909,program,1,0.006667,0,0,0,0,0
1910,programmer,1,0.006667,0,0,0,0,0
1911,programming,1,0.006667,0,0,0,0,0
1912,project,1,0.006667,0,0,0,0,0
1913,promises,1,0.006667,0,0,0,1,0
1914,propagator,1,0.006667,0,0,0,0,0
1915,proponent,1,0.006667,0,0,0,0,0
1916,provide,1,0.006667,0,0,0,0,0
1917,providing,1,0.006667,0,0,0,0,0
1918,provoder,1,0.006667,0,0,0,0,0
1919,psychology,1,0.006667,0,0,0,2,0
1920,ptsd,1,0.006667,0,0,0,0,0
1921,punk,1,0.006667,0,0,0,0,0
1922,purchase,1,0.006667,0,0,0,0,0
1923,quantum,1,0.006667,0,0,0,0,0
1924,questions,1,0.006667,1,0,0,2,0
1925,quickly,1,0.006667,0,0,0,0,0
1926,quirky,1,0.006667,1,0,0,0,0
1927,quite,1,0.006667,1,0,0,0,0
1928,races,1,0.006667,0,0,0,0,0
1929,racing,1,0.006667,0,0,0,2,0
1930,racist,1,0.006667,0,0,0,0,0
1931,radical,1,0.006667,0,0,0,1,0
1932,rainy,1,0.006667,0,0,0,1,0
1933,raises,1,0.006667,0,0,0,0,0
1934,rape,1,0.006667,0,0,0,0,0
1935,rational,1,0.006667,0,0,0,1,0
1936,realize,1,0.006667,0,0,0,1,0
1937,realm,1,0.006667,0,0,0,0,0
1938,received,1,0.006667,0,0,0,0,0
1939,recommendations,1,0.006667,0,0,0,0,0
1940,recycler,1,0.006667,0,0,0,0,0
1941,recycling,1,0.006667,0,0,0,0,0
1942,red,1,0.006667,2,0,0,0,0
1943,reddish,1,0.006667,0,0,0,0,0
1944,redeemed,1,0.006667,0,0,0,0,0
1945,reduction,1,0.006667,0,0,0,1,0
1946,refinishing,1,0.006667,0,0,0,1,0
1947,reflect,1,0.006667,2,0,0,2,0
1948,refuse,1,0.006667,0,0,0,0,0
1949,refuses,1,0.006667,0,0,0,0,0
1950,regard,1,0.006667,0,0,0,0,0
1951,regimen,1,0.006667,0,0,0,1,0
1952,registered,1,0.006667,0,0,0,0,0
1953,regret,1,0.006667,0,0,0,0,0
1954,regularly,1,0.006667,0,0,0,0,0
1955,related,1,0.006667,0,0,0,0,0
1956,relationship,1,0.006667,0,0,0,1,0
1957,relatively,1,0.006667,0,0,0,0,0
1958,religions,1,0.006667,0,0,0,0,0
1959,relocate,1,0.006667,0,0,0,0,0
1960,rememberable,1,0.006667,0,0,0,0,0
1961,remote,1,0.006667,0,0,0,1,0
1962,report,1,0.006667,0,0,0,6,0
1963,republican,1,0.006667,0,0,0,2,0
1964,repurpose,1,0.006667,0,0,0,0,0
1965,rescue,1,0.006667,0,0,0,0,0
1966,rescued,1,0.006667,0,0,0,0,0
1967,rescues,1,0.006667,0,0,0,2,0
1968,reserved,1,0.006667,0,0,0,0,0
1969,residential,1,0.006667,0,0,0,0,0
1970,resources,1,0.006667,0,0,0,0,0
1971,respect,1,0.006667,2,0,0,0,0
1972,respecting,1,0.006667,0,0,0,0,0
1973,responsibility,1,0.006667,0,0,0,2,0
1974,restaurants,1,0.006667,0,0,0,0,0
1975,retirement,1,0.006667,1,0,0,0,0
1976,retiring,1,0.006667,1,0,0,0,0
1977,return,1,0.006667,0,0,0,0,0
1978,revolves,1,0.006667,0,0,0,0,0
1979,rewarding,1,0.006667,0,0,0,0,0
1980,ride,1,0.006667,0,0,0,0,0
1981,riding,1,0.006667,1,0,0,0,0
1982,risk,1,0.006667,0,0,0,0,0
1983,road,1,0.006667,0,0,0,0,0
1984,robot,1,0.006667,0,0,0,0,0
1985,roller,1,0.006667,1,0,0,0,0
1986,rollercoasters,1,0.006667,0,0,0,0,0
1987,romantic,1,0.006667,0,0,0,0,0
1988,roof,1,0.006667,0,0,0,1,0
1989,routine,1,0.006667,0,0,0,1,0
1990,routines,1,0.006667,0,0,0,2,0
1991,rudely,1,0.006667,0,0,0,0,0
1992,rule,1,0.006667,1,0,0,0,0
1993,rum,1,0.006667,0,0,0,2,0
1994,run,1,0.006667,0,0,0,0,0
1995,runescape,1,0.006667,0,0,0,2,0
1996,sailer,1,0.006667,0,0,0,0,0
1997,salad,1,0.006667,1,0,0,1,0
1998,sales,1,0.006667,2,0,0,0,0
1999,salty,1,0.006667,0,0,0,0,0
2000,savannah,1,0.006667,0,0,0,0,0
2001,save,1,0.006667,0,0,0,0,0
2002,saying,1,0.006667,0,0,0,0,0
2003,scatterbrained,1,0.006667,0,0,0,0,0
2004,scenery,1,0.006667,0,0,0,0,0
2005,sceptic,1,0.006667,0,0,0,0,0
2006,sciences,1,0.006667,0,0,0,0,0
2007,scooter,1,0.006667,0,0,0,0,0
2008,se,1,0.006667,0,0,0,0,0
2009,searcher,1,0.006667,0,0,0,0,0
2010,second,1,0.006667,0,0,0,1,0
2011,secretive,1,0.006667,0,0,0,0,0
2012,section,1,0.006667,0,0,0,0,0
2013,seeds,1,0.006667,0,0,0,0,0
2014,seeker,1,0.006667,0,0,0,1,0
2015,sees,1,0.006667,0,0,0,0,0
2016,selfless,1,0.006667,0,0,0,0,0
2017,sell,1,0.006667,0,0,0,0,0
2018,seller,1,0.006667,0,0,0,1,0
2019,semi,1,0.006667,0,0,0,0,0
2020,senior,1,0.006667,0,0,0,1,0
2021,sentra,1,0.006667,0,0,0,0,0
2022,separated,1,0.006667,0,0,0,0,0
2023,separating,1,0.006667,0,0,0,1,0
2024,serious,1,0.006667,0,0,0,0,0
2025,seriously,1,0.006667,0,0,0,1,0
2026,serve,1,0.006667,0,0,0,0,0
2027,service,1,0.006667,0,0,0,0,0
2028,set,1,0.006667,0,0,0,0,0
2029,setter,1,0.006667,0,0,0,0,0
2030,settings,1,0.006667,0,0,0,0,0
2031,settle,1,0.006667,0,0,0,0,0
2032,sexual,1,0.006667,0,0,0,0,0
2033,shape,1,0.006667,0,0,0,6,0
2034,sharer,1,0.006667,0,0,0,0,0
2035,shining,1,0.006667,0,0,0,0,0
2036,shoes,1,0.006667,0,0,0,0,0
2037,shooping,1,0.006667,0,0,0,0,0
2038,should,1,0.006667,1,0,0,2,0
2039,shouldn't,1,0.006667,0,0,0,0,0
2040,showing,1,0.006667,0,0,0,0,0
2041,siblings,1,0.006667,0,0,0,1,0
2042,sicily,1,0.006667,0,0,0,0,0
2043,sighted,1,0.006667,0,0,0,0,0
2044,significant,1,0.006667,0,0,0,0,0
2045,silver,1,0.006667,0,0,0,0,0
2046,sing,1,0.006667,1,0,0,0,0
2047,sins,1,0.006667,0,0,0,0,0
2048,sisters,1,0.006667,0,0,0,0,0
2049,sites,1,0.006667,0,0,0,0,0
2050,skeleton,1,0.006667,0,0,0,0,0
2051,skeptic,1,0.006667,0,0,0,0,0
2052,skilled,1,0.006667,0,0,0,0,0
2053,skills,1,0.006667,1,0,0,0,0
2054,skin,1,0.006667,0,0,0,0,0
2055,skinned,1,0.006667,0,0,0,0,0
2056,skinny,1,0.006667,1,0,0,0,0
2057,slayer,1,0.006667,0,0,0,0,0
2058,sleeping,1,0.006667,0,0,0,1,0
2059,slightly,1,0.006667,1,0,0,0,0
2060,slob,1,0.006667,0,0,0,0,0
2061,smarts,1,0.006667,0,0,0,0,0
2062,smears,1,0.006667,0,0,0,0,0
2063,smile,1,0.006667,0,0,0,0,0
2064,smiling,1,0.006667,0,0,0,0,0
2065,smoke,1,0.006667,0,0,0,2,0
2066,snacks,1,0.006667,1,0,0,0,0
2067,sober,1,0.006667,0,0,0,0,0
2068,soccer,1,0.006667,2,0,0,0,0
2069,socialist,1,0.006667,0,0,0,1,0
2070,society,1,0.006667,0,0,0,0,0
2071,sociology,1,0.006667,0,0,0,0,0
2072,soft,1,0.006667,0,0,0,0,0
2073,software,1,0.006667,1,0,0,0,0
2074,soldier,1,0.006667,0,0,0,0,0
2075,sole,1,0.006667,0,0,0,0,0
2076,solid,1,0.006667,0,0,0,2,0
2077,solitude,1,0.006667,2,0,0,1,0
2078,solutions,1,0.006667,0,0,0,0,0
2079,someday,1,0.006667,0,0,0,0,0
2080,someone's,1,0.006667,0,0,0,2,0
2081,somewhere,1,0.006667,0,0,0,2,0
2082,songs,1,0.006667,1,0,0,0,0
2083,soon,1,0.006667,0,0,0,1,0
2084,sooner,1,0.006667,0,0,0,0,0
2085,sorrow,1,0.006667,0,0,0,0,0
2086,sorry,1,0.006667,1,0,0,0,0
2087,sorts,1,0.006667,0,0,0,1,0
2088,soup,1,0.006667,0,0,0,1,0
2089,southerner,1,0.006667,0,0,0,2,0
2090,southwest,1,0.006667,0,0,0,0,0
2091,speak,1,0.006667,2,0,0,0,0
2092,speaking,1,0.006667,0,0,0,0,0
2093,special,1,0.006667,1,0,0,0,0
2094,specialist,1,0.006667,0,0,0,0,0
2095,speech,1,0.006667,0,0,0,2,0
2096,spend,1,0.006667,1,0,0,0,0
2097,spent,1,0.006667,0,0,0,0,0
2098,spontaneous,1,0.006667,0,0,0,0,0
2099,sporting,1,0.006667,0,0,0,0,0
2100,sporty,1,0.006667,0,0,0,0,0
2101,stabbed,1,0.006667,0,0,0,2,0
2102,stable,1,0.006667,1,0,0,0,0
2103,stage,1,0.006667,0,0,0,0,0
2104,stands,1,0.006667,0,0,0,0,0
2105,stature,1,0.006667,0,0,0,0,0
2106,step,1,0.006667,0,0,0,1,0
2107,stock,1,0.006667,0,0,0,0,0
2108,stoic,1,0.006667,0,0,0,0,0
2109,stole,1,0.006667,0,0,0,1,0
2110,stony,1,0.006667,0,0,0,2,0
2111,stood,1,0.006667,0,0,0,0,0
2112,stopped,1,0.006667,0,0,0,0,0
2113,stopping,1,0.006667,1,0,0,0,0
2114,store,1,0.006667,0,0,0,0,0
2115,straight,1,0.006667,0,0,0,0,0
2116,stream,1,0.006667,0,0,0,0,0
2117,streaming,1,0.006667,0,0,0,0,0
2118,street,1,0.006667,0,0,0,0,0
2119,stressed,1,0.006667,0,0,0,0,0
2120,stressful,1,0.006667,0,0,0,0,0
2121,striving,1,0.006667,1,0,0,0,0
2122,stroke,1,0.006667,0,0,0,0,0
2123,struggle,1,0.006667,0,0,0,0,0
2124,struggling,1,0.006667,0,0,0,0,0
2125,stuck,1,0.006667,0,0,0,1,0
2126,studious,1,0.006667,0,0,0,0,0
2127,study,1,0.006667,0,0,0,0,0
2128,stuff,1,0.006667,1,0,0,0,0
2129,stupidity,1,0.006667,0,0,0,1,0
2130,substantive,1,0.006667,0,0,0,2,0
2131,succeed,1,0.006667,0,0,0,0,0
2132,success,1,0.006667,0,0,0,2,0
2133,such,1,0.006667,0,0,0,0,0
2134,suffers,1,0.006667,0,0,0,0,0
2135,suicide,1,0.006667,0,0,0,0,0
2136,suit,1,0.006667,0,0,0,0,0
2137,sunrise,1,0.006667,0,0,0,0,0
2138,sunset,1,0.006667,0,0,0,0,0
2139,superheroes,1,0.006667,0,0,0,0,0
2140,superpowers,1,0.006667,0,0,0,0,0
2141,support,1,0.006667,1,0,0,0,0
2142,supporting,1,0.006667,0,0,0,0,0
2143,surroundings,1,0.006667,0,0,0,0,0
2144,survive,1,0.006667,0,0,0,0,0
2145,survived,1,0.006667,0,0,0,0,0
2146,survivingf,1,0.006667,0,0,0,2,0
2147,suspicious,1,0.006667,0,0,0,0,0
2148,sustainability,1,0.006667,0,0,0,0,0
2149,sustainable,1,0.006667,0,0,0,6,0
2150,sweet,1,0.006667,1,0,0,0,0
2151,sycophants,1,0.006667,0,0,0,1,0
2152,symptoms,1,0.006667,1,0,0,1,0
2153,tactfully,1,0.006667,0,0,0,0,0
2154,taken,1,0.006667,0,0,0,0,0
2155,taking,1,0.006667,2,0,0,1,0
2156,talents,1,0.006667,0,0,0,0,0
2157,talker,1,0.006667,0,0,0,1,0
2158,taller,1,0.006667,0,0,0,0,0
2159,tampa,1,0.006667,0,0,0,0,0
2160,tasking,1,0.006667,0,0,0,0,0
2161,taxi,1,0.006667,0,0,0,0,0
2162,teaching,1,0.006667,0,0,0,1,0
2163,team,1,0.006667,0,0,0,1,0
2164,technical,1,0.006667,0,0,0,0,0
2165,technician,1,0.006667,0,0,0,0,0
2166,tells,1,0.006667,0,0,0,0,0
2167,tenacious,1,0.006667,1,0,0,0,0
2168,tends,1,0.006667,0,0,0,2,0
2169,terrible,1,0.006667,0,0,0,0,0
2170,terrific,1,0.006667,0,0,0,0,0
2171,testing,1,0.006667,0,0,0,0,0
2172,texas,1,0.006667,0,0,0,0,0
2173,thankful,1,0.006667,0,0,0,2,0
2174,thanks,1,0.006667,0,0,0,0,0
2175,thats,1,0.006667,0,0,0,2,0
2176,theme,1,0.006667,1,0,0,0,0
2177,themselves,1,0.006667,0,0,0,0,0
2178,theories,1,0.006667,0,0,0,0,0
2179,there’s,1,0.006667,0,0,0,0,0
2180,thick,1,0.006667,0,0,0,0,0
2181,thin,1,0.006667,0,0,0,0,0
2182,thingsabout,1,0.006667,0,0,0,0,0
2183,thinking,1,0.006667,2,0,0,1,0
2184,thinks,1,0.006667,1,0,0,1,0
2185,third,1,0.006667,0,0,0,1,0
2186,tho,1,0.006667,0,0,0,0,0
2187,three,1,0.006667,0,0,0,1,0
2188,thrifty,1,0.006667,0,0,0,0,0
2189,thrives,1,0.006667,0,0,0,1,0
2190,throughout,1,0.006667,0,0,0,2,0
2191,thunderstorms,1,0.006667,0,0,0,0,0
2192,thyroid,1,0.006667,0,0,0,0,0
2193,timeless,1,0.006667,0,0,0,0,0
2194,today's,1,0.006667,0,0,0,0,0
2195,todd,1,0.006667,0,0,0,0,0
2196,tolerant,1,0.006667,0,0,0,0,0
2197,tolerate,1,0.006667,0,0,0,1,0
2198,tolernce,1,0.006667,0,0,0,0,0
2199,tool,1,0.006667,0,0,0,0,0
2200,tooth,1,0.006667,0,0,0,0,0
2201,top,1,0.006667,1,0,0,6,0
2202,touch,1,0.006667,0,0,0,0,0
2203,toxic,1,0.006667,0,0,0,0,0
2204,tracing,1,0.006667,0,0,0,0,0
2205,tracking,1,0.006667,0,0,0,0,0
2206,trade,1,0.006667,0,0,0,0,0
2207,tradition,1,0.006667,0,0,0,2,0
2208,trailers,1,0.006667,0,0,0,0,0
2209,transforming,1,0.006667,0,0,0,2,0
2210,traveled,1,0.006667,0,0,0,0,0
2211,travelling,1,0.006667,0,0,0,0,0
2212,travelor,1,0.006667,0,0,0,0,0
2213,treated,1,0.006667,0,0,0,0,0
2214,tremendously,1,0.006667,0,0,0,0,0
2215,tried,1,0.006667,0,0,0,0,0
2216,trips,1,0.006667,0,0,0,0,0
2217,trudging,1,0.006667,0,0,0,0,0
2218,true,1,0.006667,0,0,0,0,0
2219,truly,1,0.006667,0,0,0,0,0
2220,trusting,1,0.006667,1,0,0,1,0
2221,truthful,1,0.006667,0,0,0,0,0
2222,truths,1,0.006667,0,0,0,0,0
2223,tunes,1,0.006667,0,0,0,1,0
2224,tutor,1,0.006667,0,0,0,0,0
2225,twenty,1,0.006667,0,0,0,0,0
2226,twin,1,0.006667,1,0,0,1,0
2227,typically,1,0.006667,0,0,0,1,0
2228,unavailable,1,0.006667,0,0,0,0,0
2229,uncleanliness,1,0.006667,0,0,0,0,0
2230,underwieght,1,0.006667,0,0,0,0,0
2231,unhealthy,1,0.006667,0,0,0,0,0
2232,union,1,0.006667,0,0,0,2,0
2233,university,1,0.006667,0,0,0,1,0
2234,unlucky,1,0.006667,0,0,0,0,0
2235,unremarkable,1,0.006667,0,0,0,1,0
2236,unselfish,1,0.006667,0,0,0,0,0
2237,unusually,1,0.006667,0,0,0,0,0
2238,urbanite,1,0.006667,0,0,0,0,0
2239,usa,1,0.006667,0,0,0,0,0
2240,useful,1,0.006667,0,0,0,0,0
2241,user,1,0.006667,0,0,0,0,0
2242,utilizes,1,0.006667,0,0,0,0,0
2243,vacation,1,0.006667,0,0,0,0,0
2244,vacuum,1,0.006667,0,0,0,0,0
2245,valdosta,1,0.006667,0,0,0,0,0
2246,validation,1,0.006667,0,0,0,0,0
2247,valley's,1,0.006667,0,0,0,0,0
2248,valuable,1,0.006667,0,0,0,0,0
2249,various,1,0.006667,0,0,0,0,0
2250,varying,1,0.006667,0,0,0,0,0
2251,vegetarian,1,0.006667,0,0,0,0,0
2252,vice,1,0.006667,0,0,0,0,0
2253,videos,1,0.006667,0,0,0,0,0
2254,viewed,1,0.006667,0,0,0,0,0
2255,views,1,0.006667,0,0,0,0,0
2256,virgo,1,0.006667,0,0,0,0,0
2257,vitamin,1,0.006667,0,0,0,0,0
2258,vocational,1,0.006667,0,0,0,0,0
2259,void,1,0.006667,0,0,0,0,0
2260,volunteering,1,0.006667,0,0,0,0,0
2261,voracious,1,0.006667,0,0,0,1,0
2262,vulnerable,1,0.006667,0,0,0,0,0
2263,wait,1,0.006667,0,0,0,0,0
2264,walmart's,1,0.006667,0,0,0,2,0
2265,wamart,1,0.006667,0,0,0,0,0
2266,wannabe,1,0.006667,0,0,0,2,0
2267,wanting,1,0.006667,0,0,0,0,0
2268,war,1,0.006667,0,0,0,0,0
2269,warcraft,1,0.006667,0,0,0,0,0
2270,washer,1,0.006667,0,0,0,0,0
2271,watcher,1,0.006667,1,0,0,2,0
2272,watercolor,1,0.006667,0,0,0,0,0
2273,weak,1,0.006667,0,0,0,0,0
2274,web,1,0.006667,1,0,0,0,0
2275,week,1,0.006667,0,0,0,1,0
2276,weighs,1,0.006667,0,0,0,0,0
2277,welcome,1,0.006667,0,0,0,0,0
2278,welllllll,1,0.006667,0,0,0,0,0
2279,whatever,1,0.006667,0,0,0,1,0
2280,whi,1,0.006667,0,0,0,0,0
2281,whimsical,1,0.006667,0,0,0,0,0
2282,whose,1,0.006667,0,0,0,2,0
2283,why,1,0.006667,1,0,0,0,0
2284,widowed,1,0.006667,0,0,0,2,0
2285,wild,1,0.006667,0,0,0,0,0
2286,wildlife,1,0.006667,0,0,0,1,0
2287,willful,1,0.006667,0,0,0,0,0
2288,wings,1,0.006667,0,0,0,1,0
2289,winner,1,0.006667,0,0,0,1,0
2290,wishing,1,0.006667,0,0,0,0,0
2291,witchcraft,1,0.006667,0,0,0,0,0
2292,withdrawn,1,0.006667,0,0,0,0,0
2293,without,1,0.006667,0,0,0,0,0
2294,witted,1,0.006667,0,0,0,0,0
2295,womanhood,1,0.006667,0,0,0,0,0
2296,women,1,0.006667,1,0,0,0,0
2297,women's,1,0.006667,0,0,0,1,0
2298,wonderful,1,0.006667,0,0,0,1,0
2299,wonderfully,1,0.006667,0,0,0,0,0
2300,wood,1,0.006667,0,0,0,0,0
2301,word,1,0.006667,1,0,0,0,0
2302,workout,1,0.006667,0,0,0,0,0
2303,workplace,1,0.006667,0,0,0,0,0
2304,works,1,0.006667,0,0,0,0,0
2305,would've,1,0.006667,0,0,0,0,0
2306,wrestling,1,0.006667,0,0,0,0,0
2307,writing,1,0.006667,1,0,0,0,0
2308,xennial,1,0.006667,0,0,0,0,0
2309,yard,1,0.006667,2,0,0,1,0
2310,yeat,1,0.006667,0,0,0,2,0
2311,yellow,1,0.006667,0,0,0,1,0
2312,yelp,1,0.006667,0,0,0,0,0
2313,yes,1,0.006667,0,0,0,2,0
2314,yogi,1,0.006667,0,0,0,0,0
2315,york,1,0.006667,0,0,0,2,0
2316,yorker,1,0.006667,0,0,0,0,0
2317,you're,1,0.006667,0,0,0,2,0
2318,youngest,1,0.006667,0,0,0,1,0
2319,yrs,1,0.006667,0,0,0,0,0
,1950s,0,0.000000,1,0,0,0,0
,1985,0,0.000000,1,0,0,0,0
,31,0,0.000000,1,0,0,0,0
,43,0,0.000000,1,0,0,0,0
,76,0,0.000000,1,0,0,0,0
,abnormal,0,0.000000,1,0,0,0,0
,abuse,0,0.000000,1,0,0,0,0
,academic,0,0.000000,1,0,0,0,0
,accomplished,0,0.000000,1,0,0,0,0
,aches,0,0.000000,1,0,0,0,0
,achieves,0,0.000000,1,0,0,0,0
,actualize,0,0.000000,1,0,0,0,0
,adore,0,0.000000,1,0,0,0,0
,advance,0,0.000000,1,0,0,0,0
,ai,0,0.000000,1,0,0,0,0
,aircraft,0,0.000000,1,0,0,0,0
,alaska,0,0.000000,1,0,0,0,0
,allowed,0,0.000000,1,0,0,0,0
,amusement,0,0.000000,1,0,0,0,0
,ancestors,0,0.000000,1,0,0,0,0
,angry,0,0.000000,1,0,0,0,0
,anime,0,0.000000,2,0,0,0,0
,anseres,0,0.000000,1,0,0,0,0
,apartment,0,0.000000,2,0,0,0,0
,areas,0,0.000000,2,0,0,0,0
,aren't,0,0.000000,1,0,0,0,0
,attendee,0,0.000000,1,0,0,0,0
,authoritarianism,0,0.000000,1,0,0,0,0
,aware,0,0.000000,1,0,0,0,0
,b,0,0.000000,1,0,0,0,0
,babysitter,0,0.000000,1,0,0,0,0
,badly,0,0.000000,1,0,0,0,0
,bake,0,0.000000,1,0,0,0,0
,basketball,0,0.000000,1,0,0,0,0
,beam,0,0.000000,1,0,0,0,0
,bear,0,0.000000,1,0,0,0,0
,bears,0,0.000000,2,0,0,0,0
,becasue,0,0.000000,1,0,0,0,0
,bee,0,0.000000,1,0,0,0,0
,bees,0,0.000000,1,0,0,0,0
,befuddled,0,0.000000,1,0,0,0,0
,beverly,0,0.000000,1,0,0,0,0
,bills,0,0.000000,1,0,0,0,0
,biracial,0,0.000000,1,0,0,0,0
,blind,0,0.000000,1,0,0,0,0
,bone,0,0.000000,1,0,0,0,0
,bones,0,0.000000,1,0,0,0,0
,borrowing,0,0.000000,1,0,0,0,0
,bringing,0,0.000000,1,0,0,0,0
,brings,0,0.000000,1,0,0,0,0
,budgeter,0,0.000000,1,0,0,0,0
,bus,0,0.000000,1,0,0,0,0
,cage,0,0.000000,1,0,0,0,0
,calls,0,0.000000,1,0,0,0,0
,cane,0,0.000000,1,0,0,0,0
,carefree,0,0.000000,1,0,0,0,0
,carefully,0,0.000000,1,0,0,0,0
,cart,0,0.000000,1,0,0,0,0
,centered,0,0.000000,1,0,0,0,0
,challenge,0,0.000000,1,0,0,0,0
,cheap,0,0.000000,1,0,0,0,0
,chest,0,0.000000,1,0,0,0,0
,chicago,0,0.000000,0,0,0,1,0
,childfree,0,0.000000,1,0,0,0,0
,chip,0,0.000000,1,0,0,0,0
,chores,0,0.000000,2,0,0,0,0
,city,0,0.000000,1,0,0,0,0
,clarinet,0,0.000000,1,0,0,0,0
,coasters,0,0.000000,1,0,0,0,0
,coffee,0,0.000000,3,0,0,0,0
,colorful,0,0.000000,1,0,0,0,0
,colors,0,0.000000,1,0,0,0,0
,comfort,0,0.000000,1,0,0,0,0
,competitive,0,0.000000,1,0,0,0,0
,conditions,0,0.000000,1,0,0,0,0
,connection,0,0.000000,1,0,0,0,0
,constitutionalist,0,0.000000,1,0,0,0,0
,contemplative,0,0.000000,1,0,0,0,0
,convinced,0,0.000000,1,0,0,0,0
,corso,0,0.000000,1,0,0,0,0
,cosplay,0,0.000000,1,0,0,0,0
,couple,0,0.000000,1,0,0,0,0
,covid,0,0.000000,1,0,0,0,0
,coworker,0,0.000000,1,0,0,0,0
,creator,0,0.000000,1,0,0,0,0
,csa,0,0.000000,1,0,0,0,0
,dead,0,0.000000,0,0,0,2,0
,deals,0,0.000000,1,0,0,0,0
,decisive,0,0.000000,1,0,0,0,0
,deem,0,0.000000,1,0,0,0,0
,depend,0,0.000000,1,0,0,0,0
,designed,0,0.000000,1,0,0,0,0
,desirable,0,0.000000,1,0,0,0,0
,deteriorate,0,0.000000,1,0,0,0,0
,diet,0,0.000000,1,0,0,1,0
,diety,0,0.000000,1,0,0,0,0
,disappointing,0,0.000000,1,0,0,0,0
,disciplined,0,0.000000,1,0,0,0,0
,disney,0,0.000000,1,0,0,0,0
,disorganized,0,0.000000,1,0,0,0,0
,dive,0,0.000000,1,0,0,0,0
,divemaster,0,0.000000,1,0,0,0,0
,dnce,0,0.000000,1,0,0,0,0
,doesnt,0,0.000000,2,0,0,0,0
,donw,0,0.000000,1,0,0,0,0
,draw,0,0.000000,1,0,0,0,0
,drawn,0,0.000000,1,0,0,0,0
,dreaming,0,0.000000,1,0,0,0,0
,editing,0,0.000000,1,0,0,0,0
,eldest,0,0.000000,1,0,0,0,0
,empty,0,0.000000,1,0,0,0,0
,enemy,0,0.000000,1,0,0,0,0
,entertainment,0,0.000000,1,0,0,0,0
,environmentalist,0,0.000000,1,0,0,0,0
,environmentally,0,0.000000,1,0,0,0,0
,equitable,0,0.000000,1,0,0,0,0
,error,0,0.000000,1,0,0,0,0
,everywhere,0,0.000000,2,0,0,0,0
,example,0,0.000000,1,0,0,0,0
,exciting,0,0.000000,2,0,0,0,0
,exercises,0,0.000000,1,0,0,0,0
,expensive,0,0.000000,1,0,0,0,0
,expert,0,0.000000,1,0,0,0,0
,face,0,0.000000,1,0,0,0,0
,facts,0,0.000000,1,0,0,0,0
,fat,0,0.000000,1,0,0,0,0
,favor,0,0.000000,1,0,0,0,0
,feed,0,0.000000,1,0,0,0,0
,feeling,0,0.000000,1,0,0,0,0
,fidgety,0,0.000000,1,0,0,0,0
,fights,0,0.000000,1,0,0,0,0
,final,0,0.000000,1,0,0,0,0
,finishing,0,0.000000,1,0,0,0,0
,fisherwoman,0,0.000000,1,0,0,0,0
,five,0,0.000000,1,0,0,2,0
,fixing,0,0.000000,1,0,0,0,0
,flexibility,0,0.000000,1,0,0,0,0
,florence,0,0.000000,1,0,0,0,0
,flowers,0,0.000000,2,0,0,0,0
,focal,0,0.000000,1,0,0,0,0
,focusing,0,0.000000,1,0,0,0,0
,followed,0,0.000000,1,0,0,0,0
,fond,0,0.000000,1,0,0,0,0
,foremost,0,0.000000,1,0,0,0,0
,forest,0,0.000000,1,0,0,0,0
,formal,0,0.000000,0,0,0,2,0
,forms,0,0.000000,1,0,0,0,0
,freelancer,0,0.000000,1,0,0,0,0
,friendships,0,0.000000,1,0,0,0,0
,fulfilling,0,0.000000,1,0,0,0,0
,fully,0,0.000000,1,0,0,0,0
,garbage,0,0.000000,1,0,0,0,0
,garden,0,0.000000,2,0,0,0,0
,gathering,0,0.000000,1,0,0,0,0
,gender,0,0.000000,1,0,0,0,0
,genealogist,0,0.000000,2,0,0,0,0
,genealogy,0,0.000000,1,0,0,0,0
,global,0,0.000000,1,0,0,0,0
,goals,0,0.000000,1,0,0,0,0
,goes,0,0.000000,2,0,0,0,0
,gone,0,0.000000,2,0,0,0,0
,gossiper,0,0.000000,1,0,0,0,0
,gourmet,0,0.000000,1,0,0,0,0
,granddaughter,0,0.000000,1,0,0,0,0
,grieving,0,0.000000,1,0,0,0,0
,groups,0,0.000000,1,0,0,0,0
,guitar,0,0.000000,1,0,0,0,0
,handle,0,0.000000,1,0,0,0,0
,handy,0,0.000000,1,0,0,0,0
,hangout,0,0.000000,1,0,0,0,0
,haven't,0,0.000000,1,0,0,0,0
,he's,0,0.000000,1,0,0,0,0
,heavy,0,0.000000,1,0,0,0,0
,hernia,0,0.000000,1,0,0,0,0
,higfh,0,0.000000,1,0,0,0,0
,higger,0,0.000000,1,0,0,0,0
,highschool,0,0.000000,1,0,0,0,0
,hike,0,0.000000,1,0,0,0,0
,hillbillies,0,0.000000,1,0,0,0,0
,hockey,0,0.000000,0,0,0,2,0
,homeowner,0,0.000000,1,0,0,0,0
,homesick,0,0.000000,1,0,0,0,0
,homesteader,0,0.000000,1,0,0,0,0
,hoping,0,0.000000,1,0,0,0,0
,hotdog,0,0.000000,1,0,0,0,0
,hours,0,0.000000,1,0,0,0,0
,hp,0,0.000000,1,0,0,0,0
,humane,0,0.000000,1,0,0,0,0
,hunt,0,0.000000,1,0,0,0,0
,ideal,0,0.000000,1,0,0,0,0
,inclusive,0,0.000000,1,0,0,0,0
,income,0,0.000000,1,0,0,0,0
,indiana,0,0.000000,1,0,0,0,0
,inequality,0,0.000000,1,0,0,0,0
,information,0,0.000000,1,0,0,0,0
,insecure,0,0.000000,1,0,0,0,0
,inside,0,0.000000,1,0,0,0,0
,inspirational,0,0.000000,1,0,0,0,0
,interacting,0,0.000000,1,0,0,0,0
,international,0,0.000000,1,0,0,0,0
,internet,0,0.000000,1,0,0,0,0
,intrigued,0,0.000000,1,0,0,0,0
,invisible,0,0.000000,1,0,0,0,0
,involved,0,0.000000,1,0,0,0,0
,irreligious,0,0.000000,1,0,0,0,0
,isnt,0,0.000000,1,0,0,0,0
,italy,0,0.000000,1,0,0,0,0
,jedi,0,0.000000,1,0,0,0,0
,jigsaw,0,0.000000,1,0,0,0,0
,journals,0,0.000000,1,0,0,0,0
,karge,0,0.000000,1,0,0,0,0
,keeps,0,0.000000,2,0,0,0,0
,killed,0,0.000000,1,0,0,0,0
,knee,0,0.000000,1,0,0,0,0
,knives,0,0.000000,1,0,0,0,0
,knowing,0,0.000000,1,0,0,0,0
,largely,0,0.000000,1,0,0,0,0
,latino,0,0.000000,1,0,0,0,0
,lawn,0,0.000000,1,0,0,0,0
,lawyer,0,0.000000,0,0,0,2,0
,leaving,0,0.000000,1,0,0,0,0
,legacy,0,0.000000,1,0,0,0,0
,liars,0,0.000000,1,0,0,0,0
,lingual,0,0.000000,1,0,0,0,0
,literate,0,0.000000,1,0,0,0,0
,lives,0,0.000000,4,0,0,0,0
,livestream,0,0.000000,1,0,0,0,0
,longboard,0,0.000000,1,0,0,0,0
,losing,0,0.000000,1,0,0,0,0
,lovecraft,0,0.000000,1,0,0,0,0
,lunch,0,0.000000,1,0,0,0,0
,magic,0,0.000000,1,0,0,0,0
,magnets,0,0.000000,1,0,0,0,0
,malaise,0,0.000000,1,0,0,0,0
,mama,0,0.000000,1,0,0,0,0
,manage,0,0.000000,1,0,0,0,0
,marijuana,0,0.000000,1,0,0,0,0
,marketer,0,0.000000,1,0,0,0,0
,marksman,0,0.000000,1,0,0,0,0
,mate,0,0.000000,1,0,0,0,0
,matters,0,0.000000,1,0,0,0,0
,meaning,0,0.000000,1,0,0,0,0
,meat,0,0.000000,1,0,0,0,0
,mechanic,0,0.000000,1,0,0,0,0
,media,0,0.000000,1,0,0,0,0
,meet,0,0.000000,1,0,0,0,0
,memes,0,0.000000,1,0,0,0,0
,meta,0,0.000000,1,0,0,0,0
,meticulous,0,0.000000,1,0,0,0,0
,metro,0,0.000000,1,0,0,0,0
,midwestern,0,0.000000,1,0,0,0,0
,midwesterner,0,0.000000,1,0,0,1,0
,mine,0,0.000000,1,0,0,0,0
,month,0,0.000000,1,0,0,0,0
,motorbike,0,0.000000,1,0,0,0,0
,motorsports,0,0.000000,1,0,0,0,0
,naive,0,0.000000,1,0,0,0,0
,naturalized,0,0.000000,1,0,0,0,0
,neat,0,0.000000,1,0,0,0,0
,nerdy,0,0.000000,1,0,0,0,0
,newborns,0,0.000000,1,0,0,0,0
,non,0,0.000000,2,0,0,0,0
,note,0,0.000000,1,0,0,0,0
,november,0,0.000000,1,0,0,0,0
,observant,0,0.000000,1,0,0,0,0
,observer,0,0.000000,1,0,0,0,0
,ocd,0,0.000000,1,0,0,0,0
,omnivore,0,0.000000,1,0,0,0,0
,online,0,0.000000,2,0,0,0,0
,orderly,0,0.000000,1,0,0,0,0
,organize,0,0.000000,1,0,0,0,0
,original,0,0.000000,1,0,0,0,0
,overcome,0,0.000000,1,0,0,0,0
,paid,0,0.000000,1,0,0,0,0
,paint,0,0.000000,1,0,0,0,0
,painted,0,0.000000,1,0,0,0,0
,paleo,0,0.000000,1,0,0,0,0
,pandemic,0,0.000000,0,0,0,1,0
,parody,0,0.000000,1,0,0,0,0
,particularly,0,0.000000,1,0,0,0,0
,passions,0,0.000000,1,0,0,0,0
,patterns,0,0.000000,1,0,0,0,0
,pc,0,0.000000,1,0,0,0,0
,performance,0,0.000000,1,0,0,0,0
,phone,0,0.000000,3,0,0,0,0
,physical,0,0.000000,1,0,0,0,0
,picky,0,0.000000,1,0,0,0,0
,plan,0,0.000000,1,0,0,0,0
,planning,0,0.000000,1,0,0,0,0
,plant,0,0.000000,1,0,0,0,0
,point,0,0.000000,1,0,0,0,0
,possessions,0,0.000000,1,0,0,0,0
,prefers,0,0.000000,1,0,0,0,0
,pretty,0,0.000000,1,0,0,0,0
,prey,0,0.000000,1,0,0,0,0
,price,0,0.000000,1,0,0,0,0
,production,0,0.000000,1,0,0,0,0
,progressive,0,0.000000,1,0,0,0,0
,protest,0,0.000000,1,0,0,0,0
,provided,0,0.000000,1,0,0,0,0
,purchased,0,0.000000,1,0,0,0,0
,puzzle,0,0.000000,1,0,0,0,0
,quilter,0,0.000000,1,0,0,0,0
,radios,0,0.000000,1,0,0,0,0
,rain,0,0.000000,1,0,0,0,0
,rated,0,0.000000,1,0,0,0,0
,reaching,0,0.000000,1,0,0,0,0
,realtor,0,0.000000,0,0,0,2,0
,receive,0,0.000000,1,0,0,0,0
,recognizing,0,0.000000,1,0,0,0,0
,reduce,0,0.000000,1,0,0,0,0
,refreshed,0,0.000000,1,0,0,0,0
,regular,0,0.000000,1,0,0,0,0
,rehab,0,0.000000,1,0,0,0,0
,rehabilitation,0,0.000000,1,0,0,0,0
,relate,0,0.000000,1,0,0,0,0
,relaxed,0,0.000000,2,0,0,0,0
,remaining,0,0.000000,1,0,0,0,0
,reminisce,0,0.000000,1,0,0,0,0
,reruns,0,0.000000,1,0,0,0,0
,researching,0,0.000000,1,0,0,0,0
,resister,0,0.000000,1,0,0,0,0
,resists,0,0.000000,1,0,0,0,0
,rest,0,0.000000,1,0,0,0,0
,restaurant,0,0.000000,1,0,0,0,0
,retail,0,0.000000,1,0,0,1,0
,rides,0,0.000000,1,0,0,0,0
,ridge,0,0.000000,1,0,0,0,0
,ringing,0,0.000000,1,0,0,0,0
,romance,0,0.000000,1,0,0,0,0
,sacrifices,0,0.000000,1,0,0,0,0
,satisfying,0,0.000000,1,0,0,0,0
,savings,0,0.000000,1,0,0,0,0
,scared,0,0.000000,1,0,0,0,0
,scholarship,0,0.000000,1,0,0,0,0
,scientific,0,0.000000,1,0,0,0,0
,scifi,0,0.000000,1,0,0,0,0
,screaming,0,0.000000,1,0,0,0,0
,seafood,0,0.000000,1,0,0,0,0
,seasoned,0,0.000000,1,0,0,0,0
,seasons,0,0.000000,1,0,0,0,0
,seeking,0,0.000000,1,0,0,0,0
,seeks,0,0.000000,0,0,0,1,0
,seen,0,0.000000,1,0,0,0,0
,seventies,0,0.000000,1,0,0,0,0
,shaped,0,0.000000,1,0,0,0,0
,sharks,0,0.000000,1,0,0,0,0
,shift,0,0.000000,1,0,0,0,0
,shop,0,0.000000,1,0,0,0,0
,showed,0,0.000000,1,0,0,0,0
,shutdown,0,0.000000,1,0,0,0,0
,side,0,0.000000,1,0,0,0,0
,silenced,0,0.000000,1,0,0,0,0
,simplify,0,0.000000,1,0,0,0,0
,singer,0,0.000000,1,0,0,0,0
,singing,0,0.000000,1,0,0,0,0
,sited,0,0.000000,1,0,0,0,0
,size,0,0.000000,1,0,0,0,0
,skeptical,0,0.000000,1,0,0,0,0
,sleepy,0,0.000000,1,0,0,0,0
,sm,0,0.000000,1,0,0,0,0
,smooth,0,0.000000,1,0,0,0,0
,song,0,0.000000,0,0,0,1,0
,songwriter,0,0.000000,1,0,0,0,0
,sons,0,0.000000,1,0,0,0,0
,sounds,0,0.000000,1,0,0,0,0
,spacial,0,0.000000,1,0,0,0,0
,spare,0,0.000000,1,0,0,0,0
,speck,0,0.000000,1,0,0,0,0
,speending,0,0.000000,1,0,0,0,0
,spirit,0,0.000000,1,0,0,0,0
,spouse,0,0.000000,0,0,0,1,0
,spur,0,0.000000,1,0,0,0,0
,start,0,0.000000,1,0,0,0,0
,status,0,0.000000,1,0,0,0,0
,stepping,0,0.000000,1,0,0,0,0
,stomach,0,0.000000,1,0,0,0,0
,stop,0,0.000000,1,0,0,0,0
,stories,0,0.000000,2,0,0,0,0
,storyteller,0,0.000000,1,0,0,0,0
,stranger,0,0.000000,1,0,0,0,0
,strategy,0,0.000000,1,0,0,0,0
,strays,0,0.000000,1,0,0,0,0
,strength,0,0.000000,1,0,0,0,0
,stroll,0,0.000000,1,0,0,0,0
,subtle,0,0.000000,1,0,0,0,0
,suburbs,0,0.000000,1,0,0,0,0
,sunshine,0,0.000000,1,0,0,0,0
,superstitious,0,0.000000,1,0,0,0,0
,surgeries,0,0.000000,1,0,0,0,0
,surgery,0,0.000000,1,0,0,0,0
,surveys,0,0.000000,1,0,0,0,0
,suspected,0,0.000000,1,0,0,0,0
,taste,0,0.000000,1,0,0,0,0
,techniques,0,0.000000,1,0,0,0,0
,technologically,0,0.000000,1,0,0,0,0
,temptation,0,0.000000,1,0,0,0,0
,therapy,0,0.000000,1,0,0,0,0
,thirsty,0,0.000000,1,0,0,0,0
,thorough,0,0.000000,1,0,0,0,0
,thoughful,0,0.000000,1,0,0,0,0
,thought,0,0.000000,1,0,0,0,0
,thrifter,0,0.000000,1,0,0,0,0
,thrill,0,0.000000,1,0,0,0,0
,tomatoes,0,0.000000,1,0,0,0,0
,traditionally,0,0.000000,1,0,0,0,0
,traditions,0,0.000000,1,0,0,0,0
,training,0,0.000000,1,0,0,0,0
,trains,0,0.000000,2,0,0,0,0
,transit,0,0.000000,1,0,0,0,0
,transition,0,0.000000,1,0,0,0,0
,traumas,0,0.000000,1,0,0,0,0
,tree,0,0.000000,1,0,0,0,0
,trial,0,0.000000,1,0,0,0,0
,troubled,0,0.000000,1,0,0,0,0
,turns,0,0.000000,1,0,0,0,0
,turtle,0,0.000000,1,0,0,0,0
,ugly,0,0.000000,1,0,0,0,0
,unconditionally,0,0.000000,1,0,0,0,0
,under,0,0.000000,1,0,0,0,0
,understands,0,0.000000,1,0,0,0,0
,undesirable,0,0.000000,1,0,0,0,0
,unfulfilled,0,0.000000,1,0,0,0,0
,unsure,0,0.000000,1,0,0,0,0
,upon,0,0.000000,1,0,0,0,0
,upper,0,0.000000,1,0,0,0,0
,urban,0,0.000000,1,0,0,0,0
,varities,0,0.000000,1,0,0,0,0
,vegan,0,0.000000,2,0,0,0,0
,violent,0,0.000000,1,0,0,0,0
,violinist,0,0.000000,0,0,0,1,0
,virtue,0,0.000000,1,0,0,0,0
,visiting,0,0.000000,1,0,0,0,0
,vividly,0,0.000000,1,0,0,0,0
,vote,0,0.000000,1,0,0,0,0
,wanders,0,0.000000,1,0,0,0,0
,warmed,0,0.000000,1,0,0,0,0
,weaponry,0,0.000000,1,0,0,0,0
,wear,0,0.000000,1,0,0,0,0
,wearer,0,0.000000,1,0,0,0,0
,weekly,0,0.000000,1,0,0,0,0
,weeks,0,0.000000,1,0,0,0,0
,whole,0,0.000000,1,0,0,0,0
,whti,0,0.000000,1,0,0,0,0
,willing,0,0.000000,1,0,0,0,0
,won't,0,0.000000,1,0,0,0,0
,worry,0,0.000000,1,0,0,0,0
,yell,0,0.000000,1,0,0,0,0
,youtube,0,0.000000,2,0,0,0,0
,youtuber,0,0.000000,1,0,0,0,0
,zone,0,0.000000,1,0,0,0,0
