id,source_word_count,observed_word_count,linear_slope_mean,linear_slope_standard_deviation,linear_slope_minimum,linear_slope_maximum,raw_marginal_prediction,additive_persistence_prediction,linear_persistence_prediction,raw_marginal_absolute_error,additive_persistence_absolute_error,linear_persistence_absolute_error,raw_marginal_minus_linear_absolute_error,raw_marginal_crps,additive_persistence_crps,source_form_neighborhood_crps,linear_persistence_crps,raw_marginal_minus_linear_crps,additive_persistence_minus_linear_crps,source_form_minus_linear_crps,raw_marginal_minus_source_form_crps,raw_marginal_lower_80,raw_marginal_upper_80,raw_marginal_covered_80,raw_marginal_width_80,raw_marginal_interval_score_80,linear_persistence_lower_80,linear_persistence_upper_80,linear_persistence_covered_80,linear_persistence_width_80,linear_persistence_interval_score_80,raw_marginal_minus_linear_interval_score_80
train_0001,92.000000,62.000000,0.239311,0.007798,0.203825,0.304710,87.000000,92.000000,82.126315,25.000000,30.000000,20.126315,4.873685,16.917887,19.378722,17.635670,16.242301,0.675586,3.136421,1.393369,-0.717783,21.000000,163.000000,1,142.000000,142.000000,22.906253,158.888421,1,135.982169,135.982169,6.017831
train_0002,101.000000,58.000000,0.239625,0.007802,0.204160,0.305112,87.000000,101.000000,84.290846,29.000000,43.000000,26.290846,2.709154,18.215125,25.363587,26.082479,18.600487,-0.385362,6.763100,7.481992,-7.867354,21.000000,163.000000,1,142.000000,142.000000,25.056192,161.061200,1,136.005008,136.005008,5.994992
train_0003,33.000000,37.000000,0.236621,0.007809,0.200873,0.301875,87.000000,32.000000,68.092303,50.000000,5.000000,31.092303,18.907697,27.133643,12.142471,12.986037,20.614140,6.519502,-8.471669,-7.628103,14.147606,21.000000,163.000000,1,142.000000,142.000000,8.986711,144.811552,1,135.824841,135.824841,6.175159
train_0004,46.000000,89.000000,0.240224,0.007816,0.204663,0.305810,86.000000,45.000000,69.509943,3.000000,44.000000,19.490057,-16.490057,13.661277,26.906806,23.428527,14.758472,-1.097195,12.148334,8.670055,-9.767250,21.000000,163.000000,1,142.000000,142.000000,11.911477,147.783827,1,135.872351,135.872351,6.127649
train_0005,28.000000,114.000000,0.242966,0.007844,0.207445,0.309091,86.000000,27.000000,65.211689,28.000000,87.000000,48.788311,-20.788311,20.755552,56.108103,45.181603,28.306003,-7.550451,27.802101,16.875600,-24.426051,21.000000,163.000000,1,142.000000,142.000000,7.453354,143.290529,1,135.837174,135.837174,6.162826
train_0006,132.000000,112.000000,0.238799,0.007810,0.203098,0.304163,86.000000,132.000000,89.956848,26.000000,20.000000,22.043152,3.956848,19.863700,16.665961,15.171762,15.420734,4.442966,1.245227,-0.248972,4.691938,21.000000,163.000000,1,142.000000,142.000000,32.414126,168.136347,1,135.722221,135.722221,6.277779
train_0007,152.000000,142.000000,0.236716,0.007813,0.200723,0.301846,86.000000,152.000000,94.555281,56.000000,10.000000,47.444719,8.555281,36.417008,15.103869,13.905971,27.376144,9.040865,-12.272274,-13.470173,22.511037,21.000000,163.000000,1,142.000000,142.000000,37.029112,173.011374,1,135.982262,135.982262,6.017738
train_0008,53.000000,30.000000,0.236891,0.007794,0.201257,0.302064,87.000000,53.000000,72.817120,57.000000,23.000000,42.817120,14.182880,31.146975,16.238187,19.153791,26.498054,4.648921,-10.259866,-7.344263,11.993184,21.000000,163.000000,1,142.000000,142.000000,13.689068,149.565773,1,135.876705,135.876705,6.123295
train_0009,378.000000,118.000000,0.253881,0.008793,0.215015,0.331049,86.000000,378.000000,155.146289,32.000000,260.000000,37.146289,-5.146289,22.593307,215.649836,169.756682,23.252190,-0.658883,192.397646,146.504492,-147.163375,21.000000,163.000000,1,142.000000,142.000000,95.369793,230.884050,1,135.514257,135.514257,6.485743
train_0010,75.000000,23.000000,0.237867,0.007793,0.202358,0.303149,87.000000,75.000000,78.038368,64.000000,52.000000,55.038368,8.961632,35.917031,30.057520,33.941105,34.440764,1.476267,-4.383244,-0.499659,1.975926,21.000000,163.000000,1,142.000000,142.000000,18.868579,154.803682,1,135.935103,135.935103,6.064897
train_0011,20.000000,56.000000,0.238112,0.007835,0.202347,0.303695,87.000000,19.000000,64.963324,31.000000,37.000000,8.963324,22.036676,18.890771,20.603892,14.988963,13.482945,5.407826,7.120947,1.506018,3.901808,21.000000,163.000000,1,142.000000,142.000000,5.829517,141.626561,1,135.797044,135.797044,6.202956
train_0012,58.000000,65.000000,0.238775,0.007801,0.203209,0.304126,87.000000,57.000000,74.000000,22.000000,8.000000,9.000000,13.000000,16.053061,13.814468,13.254167,13.511253,2.541808,0.303215,-0.257086,2.798894,21.000000,163.000000,1,142.000000,142.000000,14.819072,150.715804,1,135.896732,135.896732,6.103268
train_0013,92.000000,68.000000,0.239343,0.007797,0.203849,0.304728,87.000000,92.000000,82.127491,19.000000,24.000000,14.127491,4.872509,15.377415,17.419350,15.619544,14.482104,0.895312,2.937247,1.137440,-0.242129,21.000000,163.000000,1,142.000000,142.000000,22.906519,158.888823,1,135.982304,135.982304,6.017696
train_0014,79.000000,101.000000,0.239804,0.007795,0.204272,0.305152,86.000000,78.000000,77.392170,15.000000,23.000000,23.607830,-8.607830,16.012522,18.203234,17.020937,15.917989,0.094533,2.285246,1.102948,-1.008415,21.000000,163.000000,1,142.000000,142.000000,19.806140,155.758791,1,135.952651,135.952651,6.047349
train_0015,60.000000,135.000000,0.241909,0.007808,0.206411,0.307549,86.000000,59.000000,72.927583,49.000000,76.000000,62.072417,-13.072417,31.998288,49.097248,43.117490,36.343629,-4.345341,12.753619,6.773861,-11.119202,21.000000,163.000000,1,142.000000,142.000000,15.219127,151.133350,1,135.914223,135.914223,6.085777
train_0016,18.000000,51.000000,0.237641,0.007835,0.201842,0.303184,87.000000,17.000000,64.506673,36.000000,34.000000,13.506673,22.493327,20.782577,18.857799,13.879068,14.318763,6.463815,4.539036,-0.439695,6.903509,21.000000,163.000000,1,142.000000,142.000000,5.386696,141.176624,1,135.789928,135.789928,6.210072
train_0017,68.000000,22.000000,0.237373,0.007791,0.201824,0.302591,87.000000,68.000000,76.370564,65.000000,46.000000,54.370564,10.629436,36.687266,26.430206,29.688462,33.975853,2.711413,-7.545648,-4.287391,6.998804,21.000000,163.000000,1,142.000000,142.000000,17.218770,153.134703,1,135.915933,135.915933,6.084067
train_0018,106.000000,271.000000,0.237349,0.007760,0.201325,0.301771,86.000000,105.000000,83.652589,185.000000,166.000000,187.347411,-2.347411,152.479348,133.178325,137.326495,151.180834,1.298513,-18.002509,-13.854339,15.152853,21.000000,162.000000,0,141.000000,1231.000000,26.199714,160.445333,0,134.245619,1239.792293,-8.792293
train_0019,61.000000,15.000000,0.236630,0.007789,0.201032,0.301770,87.000000,61.000000,74.708931,72.000000,46.000000,59.708931,12.291069,42.727535,26.239223,30.652213,38.101118,4.626416,-11.861895,-7.448905,12.075322,22.000000,163.000000,0,141.000000,211.000000,16.581319,151.477315,0,134.895996,150.709190,60.290810
train_0020,100.000000,77.000000,0.239503,0.007798,0.203995,0.304904,87.000000,100.000000,84.046658,10.000000,23.000000,7.046658,2.953342,14.039638,17.194180,15.437770,13.269648,0.769990,3.924533,2.168122,-1.398132,21.000000,163.000000,1,142.000000,142.000000,24.815668,160.817819,1,136.002151,136.002151,5.997849
train_0021,70.000000,66.000000,0.238926,0.007797,0.203394,0.304255,87.000000,70.000000,76.863506,21.000000,4.000000,10.863506,10.136494,15.796315,13.904869,13.837353,13.818851,1.977464,0.086018,0.018502,1.958962,21.000000,163.000000,1,142.000000,142.000000,17.669607,153.596678,1,135.927071,135.927071,6.072929
train_0022,146.000000,167.000000,0.235409,0.007790,0.199320,0.300162,86.000000,145.000000,93.121309,81.000000,22.000000,73.878691,7.121309,55.335075,18.296113,23.531016,44.637773,10.697302,-26.341660,-21.106757,31.804059,21.000000,162.000000,0,141.000000,191.000000,35.533830,171.627887,1,136.094056,136.094056,54.905944
train_0023,318.000000,265.000000,0.203969,0.007459,0.168483,0.267677,86.000000,318.000000,126.946830,179.000000,53.000000,138.053170,40.946830,146.560695,31.290572,23.978653,103.334585,43.226110,-72.044013,-79.355932,122.582042,21.000000,162.000000,0,141.000000,1171.000000,69.412010,204.338168,0,134.926158,741.544477,429.455523
train_0024,87.000000,23.000000,0.238719,0.007798,0.203272,0.304141,87.000000,87.000000,80.913724,64.000000,64.000000,57.913724,6.086276,35.917031,37.922211,40.921465,36.594015,-0.676985,1.328195,4.327450,-5.004434,21.000000,163.000000,1,142.000000,142.000000,21.713049,157.680755,1,135.967705,135.967705,6.032295
train_0025,62.000000,132.000000,0.241627,0.007807,0.206122,0.307221,86.000000,61.000000,73.399019,46.000000,71.000000,58.600981,-12.600981,30.214585,45.473898,44.894054,34.058135,-3.843550,11.415762,10.835919,-14.679469,21.000000,163.000000,1,142.000000,142.000000,15.707047,151.625123,1,135.918075,135.918075,6.081925
train_0026,20.000000,31.000000,0.235763,0.007818,0.199896,0.301029,87.000000,19.000000,65.053053,56.000000,12.000000,34.053053,21.946947,30.552408,11.550245,11.436667,21.977369,8.575038,-10.427124,-10.540702,19.115741,21.000000,163.000000,1,142.000000,142.000000,5.980045,141.767752,1,135.787707,135.787707,6.212293
train_0027,117.000000,111.000000,0.239009,0.007799,0.203373,0.304295,86.000000,117.000000,86.404761,25.000000,6.000000,24.595239,0.404761,19.431287,14.590424,13.285081,16.247018,3.184269,-1.656594,-2.961937,6.146206,21.000000,163.000000,1,142.000000,142.000000,28.853909,164.890905,1,136.036996,136.036996,5.963004
train_0028,19.000000,62.000000,0.238689,0.007840,0.202942,0.304361,87.000000,18.000000,64.702926,25.000000,44.000000,2.702926,22.297074,16.917887,24.260439,17.439590,12.941218,3.976668,11.319220,4.498372,-0.521703,21.000000,163.000000,1,142.000000,142.000000,5.555018,141.351734,1,135.796716,135.796716,6.203284
train_0029,22.000000,54.000000,0.237921,0.007831,0.202160,0.303454,87.000000,21.000000,65.445859,33.000000,33.000000,11.445859,21.554141,19.606955,19.066213,13.832111,13.902869,5.704086,5.163344,-0.070758,5.774844,21.000000,163.000000,1,142.000000,142.000000,6.315382,142.116894,1,135.801512,135.801512,6.198488
train_0030,29.000000,84.000000,0.240411,0.007835,0.204791,0.306191,87.000000,28.000000,65.438485,3.000000,56.000000,18.561515,-15.561515,13.647764,33.154182,25.914840,14.539496,-0.891733,18.614686,11.375344,-12.267076,21.000000,163.000000,1,142.000000,142.000000,7.835931,143.665531,1,135.829601,135.829601,6.170399
train_0031,217.000000,93.000000,0.243104,0.007998,0.207027,0.310758,86.000000,217.000000,112.606430,7.000000,124.000000,19.606430,-12.606430,14.161254,86.617315,65.556066,16.030824,-1.869570,70.586491,49.525242,-51.394812,21.000000,163.000000,1,142.000000,142.000000,53.202280,186.814502,1,133.612223,133.612223,8.387777
train_0032,136.000000,85.000000,0.240078,0.007826,0.204493,0.305786,87.000000,136.000000,92.703067,2.000000,51.000000,7.703067,-5.703067,13.620738,29.960677,22.061780,13.351760,0.268977,16.608917,8.710020,-8.441042,21.000000,163.000000,1,142.000000,142.000000,33.431711,168.561844,1,135.130133,135.130133,6.869867
train_0033,28.000000,20.000000,0.235068,0.007802,0.199227,0.300164,87.000000,28.000000,66.957599,67.000000,8.000000,46.957599,20.042401,38.335841,11.988469,16.511941,29.071052,9.264788,-17.082584,-12.559111,21.823900,22.000000,163.000000,0,141.000000,161.000000,7.896200,143.701964,1,135.805764,135.805764,25.194236
train_0034,83.000000,110.000000,0.239854,0.007794,0.204311,0.305180,86.000000,82.000000,78.352133,24.000000,28.000000,31.647867,-7.647867,19.012387,20.161930,20.833835,19.138711,-0.126324,1.023219,1.695124,-1.821448,21.000000,163.000000,1,142.000000,142.000000,20.761174,156.723775,1,135.962601,135.962601,6.037399
train_0035,154.000000,107.000000,0.239119,0.007839,0.203335,0.304800,86.000000,154.000000,95.237047,21.000000,47.000000,11.762953,9.237047,17.890816,27.674114,20.331208,13.508468,4.382348,14.165646,6.822740,-2.440392,21.000000,163.000000,1,142.000000,142.000000,37.668505,172.701527,1,135.033022,135.033022,6.966978
train_0036,78.000000,159.000000,0.241136,0.007795,0.205576,0.306520,86.000000,77.000000,77.228740,73.000000,82.000000,81.771260,-8.771260,48.835368,54.359263,54.544159,51.198496,-2.363128,3.160767,3.345663,-5.708791,21.000000,163.000000,1,142.000000,142.000000,19.559338,153.622920,0,134.063582,187.834378,-45.834378
train_0037,84.000000,21.000000,0.238468,0.007797,0.203008,0.303852,87.000000,84.000000,80.191954,66.000000,63.000000,59.191954,6.808046,37.498041,37.202784,38.636746,37.632135,-0.134095,-0.429351,1.004611,-1.138705,22.000000,163.000000,0,141.000000,151.000000,22.000000,156.959433,0,134.959433,144.959433,6.040567
train_0038,93.000000,108.000000,0.239534,0.007793,0.203975,0.304822,86.000000,92.000000,80.721479,22.000000,16.000000,27.278521,-5.278521,18.242151,16.214720,19.386131,17.275793,0.966358,-1.061073,2.110338,-1.143980,21.000000,163.000000,1,142.000000,142.000000,23.146600,159.132112,1,135.985512,135.985512,6.014488
train_0039,126.000000,151.000000,0.237449,0.007789,0.201610,0.302405,86.000000,125.000000,88.390685,65.000000,26.000000,62.609315,2.390685,42.754561,19.702581,22.911775,36.503045,6.251516,-16.800464,-13.591270,19.842786,21.000000,163.000000,1,142.000000,142.000000,30.930751,166.986347,1,136.055596,136.055596,5.944404
train_0040,80.000000,156.000000,0.240883,0.007794,0.205315,0.306233,86.000000,79.000000,77.695168,70.000000,77.000000,78.304832,-8.304832,46.524661,50.341426,52.494564,48.263468,-1.738807,2.077958,4.231096,-5.969903,21.000000,163.000000,1,142.000000,142.000000,20.040567,154.115263,0,134.074696,152.922067,-10.922067
train_0041,90.000000,89.000000,0.239465,0.007795,0.203938,0.304798,86.000000,90.000000,79.999381,3.000000,1.000000,9.000619,-6.000619,13.661277,14.112653,13.035703,13.239773,0.421503,0.872880,-0.204070,0.625574,21.000000,163.000000,1,142.000000,142.000000,22.430627,158.408612,1,135.977985,135.977985,6.022015
train_0042,87.000000,21.000000,0.238696,0.007798,0.203251,0.304120,87.000000,87.000000,80.913035,66.000000,66.000000,59.913035,6.086965,37.498041,39.300527,41.091031,38.227455,-0.729415,1.073072,2.863576,-3.592990,22.000000,163.000000,0,141.000000,151.000000,22.713025,157.680591,0,134.967566,152.097820,-1.097820
train_0043,101.000000,66.000000,0.239580,0.007801,0.204098,0.305034,87.000000,101.000000,84.289046,21.000000,35.000000,18.289046,2.710954,15.796315,21.417819,19.126746,15.610702,0.185614,5.807117,3.516044,-3.330431,21.000000,163.000000,1,142.000000,142.000000,25.055452,161.060292,1,136.004840,136.004840,5.995160
train_0044,99.000000,66.000000,0.239521,0.007800,0.204037,0.304959,87.000000,99.000000,83.808060,21.000000,33.000000,17.808060,3.191940,15.796315,20.551281,18.404564,15.461377,0.334938,5.089904,2.943187,-2.608249,21.000000,163.000000,1,142.000000,142.000000,24.577438,160.577258,1,135.999820,135.999820,6.000180
train_0045,89.000000,144.000000,0.239970,0.007790,0.204370,0.305207,86.000000,88.000000,79.796357,58.000000,56.000000,64.203643,-6.203643,37.768299,35.627179,40.936003,37.722617,0.045681,-2.095439,3.213386,-3.167704,21.000000,163.000000,1,142.000000,142.000000,22.194741,158.172372,1,135.977631,135.977631,6.022369
train_0046,41.000000,88.000000,0.240315,0.007821,0.204741,0.305957,86.000000,40.000000,68.313763,2.000000,48.000000,19.686237,-17.686237,13.620738,29.067880,23.557362,14.805118,-1.184380,14.262762,8.752244,-9.936624,21.000000,163.000000,1,142.000000,142.000000,10.711858,146.571875,1,135.860017,135.860017,6.139983
train_0047,95.000000,96.000000,0.239463,0.007794,0.203921,0.304782,86.000000,94.000000,81.193500,10.000000,2.000000,14.806500,-4.806500,14.715283,14.178415,12.644993,13.902042,0.813241,0.276373,-1.257049,2.070290,21.000000,163.000000,1,142.000000,142.000000,23.622830,159.612856,1,135.990025,135.990025,6.009975
train_0048,159.000000,91.000000,0.240409,0.007857,0.204707,0.306432,86.000000,159.000000,98.251557,5.000000,68.000000,7.251557,-2.251557,13.863970,41.046484,34.402899,13.299510,0.564460,27.746974,21.103389,-20.538929,21.000000,163.000000,1,142.000000,142.000000,38.955856,173.382031,1,134.426175,134.426175,7.573825
train_0049,87.000000,64.000000,0.239192,0.007796,0.203696,0.304559,87.000000,87.000000,80.927849,23.000000,23.000000,16.927849,6.072151,16.323319,17.058286,16.136487,15.199925,1.123394,1.858360,0.936562,0.186832,21.000000,163.000000,1,142.000000,142.000000,21.714482,157.684107,1,135.969625,135.969625,6.030375
train_0050,125.000000,110.000000,0.238939,0.007805,0.203276,0.304273,86.000000,125.000000,88.304193,24.000000,15.000000,21.695807,2.304193,19.012387,15.780956,14.913682,15.324584,3.687803,0.456372,-0.410902,4.098705,21.000000,163.000000,1,142.000000,142.000000,30.755156,166.607347,1,135.852191,135.852191,6.147809
train_0051,25.000000,139.000000,0.245379,0.007850,0.209945,0.311863,86.000000,24.000000,64.489563,53.000000,115.000000,74.510437,-21.510437,34.457637,80.863520,70.357758,45.447512,-10.989875,35.416007,24.910246,-35.900121,21.000000,163.000000,1,142.000000,142.000000,6.585253,142.424233,1,135.838980,135.838980,6.161020
train_0052,441.000000,38.000000,0.304786,0.006540,0.267677,0.341135,87.000000,441.000000,190.440456,49.000000,403.000000,152.440456,-103.440456,26.620152,358.563443,310.056781,126.377860,-99.757708,232.185583,183.678921,-283.436629,21.000000,163.000000,1,142.000000,142.000000,130.480395,266.549956,0,136.069561,1060.873509,-918.873509
train_0053,39.000000,55.000000,0.238057,0.007812,0.202394,0.303442,87.000000,38.000000,69.482715,32.000000,17.000000,14.482715,17.517285,19.242106,14.830323,13.083003,14.547930,4.694176,0.282392,-1.464927,6.159103,21.000000,163.000000,1,142.000000,142.000000,10.335167,146.181094,1,135.845927,135.845927,6.154073
train_0054,133.000000,16.000000,0.243081,0.007846,0.207832,0.309496,87.000000,133.000000,92.207593,71.000000,117.000000,76.207593,-5.207593,41.808657,80.260574,73.167643,52.894907,-11.086250,27.365667,20.272736,-31.358986,22.000000,163.000000,0,141.000000,201.000000,33.861910,166.916258,0,133.054348,311.673452,-110.673452
train_0055,20.000000,24.000000,0.235105,0.007813,0.199210,0.300283,87.000000,19.000000,65.078177,63.000000,5.000000,41.078177,21.921823,35.187334,10.550291,12.736298,25.528604,9.658730,-14.978314,-12.792306,22.451036,21.000000,163.000000,1,142.000000,142.000000,6.022193,141.807285,1,135.785092,135.785092,6.214908
train_0056,21.000000,109.000000,0.243023,0.007854,0.207473,0.309251,86.000000,20.000000,63.515218,23.000000,89.000000,45.484782,-22.484782,18.620513,56.907707,47.292456,26.450264,-7.829751,30.457443,20.842192,-28.671943,21.000000,163.000000,1,142.000000,142.000000,5.756821,141.575999,1,135.819177,135.819177,6.180823
train_0057,87.000000,6.000000,0.238523,0.007799,0.203096,0.303967,87.000000,87.000000,80.907867,81.000000,81.000000,74.907867,6.092133,51.146075,50.218954,46.676297,51.807153,-0.661079,-1.588199,-5.130856,4.469778,22.000000,163.000000,0,141.000000,301.000000,22.712501,157.679364,0,134.966863,302.091876,-1.091876
train_0058,131.000000,121.000000,0.238427,0.007805,0.202689,0.303689,86.000000,131.000000,89.678918,35.000000,10.000000,31.321082,3.678918,24.052700,15.055043,13.918145,18.942613,5.110087,-3.887570,-5.024468,10.134555,21.000000,163.000000,1,142.000000,142.000000,32.158886,168.050368,1,135.891481,135.891481,6.108519
train_0059,45.000000,87.000000,0.240129,0.007816,0.204561,0.305712,86.000000,44.000000,69.268240,1.000000,43.000000,17.731760,-16.731760,13.607225,26.267375,21.076205,14.369456,-0.762231,11.897920,6.706749,-7.468980,21.000000,163.000000,1,142.000000,142.000000,11.676061,147.545498,1,135.869438,135.869438,6.130562
train_0060,223.000000,49.000000,0.250450,0.008025,0.214863,0.319693,87.000000,223.000000,115.274649,38.000000,174.000000,66.274649,-28.274649,21.647403,132.727039,108.354231,43.548579,-21.901175,89.178461,64.805652,-86.706828,21.000000,163.000000,1,142.000000,142.000000,56.677497,189.767908,0,133.090411,209.865379,-67.865379
train_0061,199.000000,89.000000,0.242504,0.007948,0.206600,0.309628,86.000000,199.000000,108.151230,3.000000,110.000000,19.151230,-16.151230,13.661277,74.213008,58.040066,15.877600,-2.216323,58.335409,42.162466,-44.378789,21.000000,163.000000,1,142.000000,142.000000,48.774500,182.223492,1,133.448992,133.448992,8.551008
train_0062,123.000000,30.000000,0.241553,0.007829,0.206217,0.307579,87.000000,123.000000,89.680825,57.000000,93.000000,59.680825,-2.680825,31.146975,59.812981,51.614194,37.961386,-6.814411,21.851595,13.652808,-20.467219,21.000000,163.000000,1,142.000000,142.000000,31.381453,165.260114,0,133.878661,147.693187,-5.693187
train_0063,74.000000,40.000000,0.238266,0.007794,0.202748,0.303561,87.000000,74.000000,77.807297,47.000000,34.000000,37.807297,9.192703,25.660736,20.605648,21.134222,23.789727,1.871009,-3.184079,-2.655505,4.526514,21.000000,163.000000,1,142.000000,142.000000,18.627753,154.562006,1,135.934253,135.934253,6.065747
train_0064,84.000000,28.000000,0.238574,0.007797,0.203107,0.303954,87.000000,84.000000,80.194784,59.000000,56.000000,52.194784,6.805216,32.430701,32.689473,33.097720,32.462866,-0.032165,0.226607,0.634854,-0.667019,21.000000,163.000000,1,142.000000,142.000000,21.000000,156.959863,1,135.959863,135.959863,6.040137
train_0065,105.000000,144.000000,0.238892,0.007787,0.203210,0.303988,86.000000,104.000000,83.536695,58.000000,40.000000,60.463305,-2.463305,37.768299,25.960452,30.468119,35.145902,2.622396,-9.185450,-4.677783,7.300180,21.000000,163.000000,1,142.000000,142.000000,25.995444,162.007167,1,136.011723,136.011723,5.988277
train_0066,32.000000,89.000000,0.240706,0.007832,0.205111,0.306490,86.000000,31.000000,66.160431,3.000000,58.000000,22.839569,-19.839569,13.661277,34.798703,26.211501,15.674704,-2.013428,19.123999,10.536797,-12.550224,21.000000,163.000000,1,142.000000,142.000000,8.538483,144.377002,1,135.838520,135.838520,6.161480
train_0067,45.000000,128.000000,0.242712,0.007823,0.207229,0.308597,86.000000,44.000000,69.325986,42.000000,84.000000,58.674014,-16.674014,27.890365,54.955272,49.386947,34.144172,-6.253807,20.811100,15.242775,-21.496582,21.000000,163.000000,1,142.000000,142.000000,11.575157,147.454884,1,135.879726,135.879726,6.120274
train_0068,77.000000,74.000000,0.239214,0.007796,0.203695,0.304554,87.000000,77.000000,78.539428,13.000000,3.000000,4.539428,8.460572,14.390973,13.989865,14.273291,13.075117,1.315857,0.914749,1.198174,0.117682,21.000000,163.000000,1,142.000000,142.000000,19.332748,155.278148,1,135.945400,135.945400,6.054600
train_0069,69.000000,162.000000,0.242133,0.007802,0.206618,0.307691,86.000000,68.000000,75.110302,76.000000,94.000000,86.889698,-10.889698,51.186613,64.436782,62.575511,55.699511,-4.512897,8.737272,6.876000,-11.388898,21.000000,163.000000,1,142.000000,142.000000,17.383462,151.408490,0,134.025028,239.940132,-97.940132
train_0070,98.000000,107.000000,0.239415,0.007793,0.203846,0.304697,86.000000,97.000000,81.906758,21.000000,10.000000,25.093242,-4.093242,17.890816,14.867033,15.598964,16.438910,1.451905,-1.571877,-0.839946,2.291852,21.000000,163.000000,1,142.000000,142.000000,24.337514,160.334557,1,135.997043,135.997043,6.002957
train_0071,139.000000,149.000000,0.236832,0.007797,0.200904,0.301809,86.000000,138.000000,91.474262,63.000000,11.000000,57.525738,5.474262,41.295167,15.253772,19.551115,33.248968,8.046199,-17.995196,-13.697853,21.744052,21.000000,163.000000,1,142.000000,142.000000,33.970907,170.054380,1,136.083473,136.083473,5.916527
train_0072,69.000000,35.000000,0.237874,0.007793,0.202333,0.303131,87.000000,69.000000,76.613187,52.000000,34.000000,41.613187,10.386813,28.228188,20.506329,22.849070,25.805397,2.422791,-5.299068,-2.956327,5.379118,21.000000,163.000000,1,142.000000,142.000000,17.447552,153.367953,1,135.920401,135.920401,6.079599
train_0073,72.000000,148.000000,0.241400,0.007799,0.205870,0.306873,86.000000,71.000000,75.798294,62.000000,77.000000,72.201706,-10.201706,40.578983,50.186208,48.757288,43.496868,-2.917885,6.689340,5.260420,-8.178305,21.000000,163.000000,1,142.000000,142.000000,18.115567,154.057465,1,135.941898,135.941898,6.058102
train_0074,171.000000,207.000000,0.230232,0.007761,0.193567,0.294318,86.000000,170.000000,98.837208,121.000000,37.000000,108.162792,12.837208,90.968605,24.580199,35.853825,75.071322,15.897283,-50.491123,-39.217497,55.114780,21.000000,162.000000,0,141.000000,591.000000,41.151368,175.447662,0,134.296295,449.819674,141.180326
train_0075,157.000000,68.000000,0.242050,0.007865,0.206510,0.308400,87.000000,157.000000,97.933273,19.000000,89.000000,29.933273,-10.933273,15.377415,56.704698,45.473943,20.074264,-4.696848,36.630434,25.399679,-30.096528,21.000000,163.000000,1,142.000000,142.000000,38.596552,172.462640,1,133.866088,133.866088,8.133912
train_0076,34.000000,53.000000,0.237873,0.007816,0.202178,0.303277,87.000000,33.000000,68.298390,34.000000,20.000000,15.298390,18.701610,19.985316,15.382190,12.641214,14.744528,5.240788,0.637662,-2.103314,7.344102,21.000000,163.000000,1,142.000000,142.000000,9.159548,144.991941,1,135.832393,135.832393,6.167607
train_0077,179.000000,170.000000,0.233181,0.007819,0.196710,0.298030,86.000000,179.000000,100.805885,84.000000,9.000000,69.194115,14.805885,57.889014,15.023557,14.842385,41.271566,16.617448,-26.248009,-26.429181,43.046629,21.000000,162.000000,0,141.000000,221.000000,43.176024,179.219926,1,136.043902,136.043902,84.956098
train_0078,135.000000,76.000000,0.240475,0.007828,0.204937,0.306270,87.000000,135.000000,92.493673,11.000000,59.000000,16.493673,-5.493673,14.147741,34.930544,26.162349,15.075312,-0.927571,19.855232,11.087037,-12.014608,21.000000,163.000000,1,142.000000,142.000000,33.212809,168.216619,1,135.003810,135.003810,6.996190
train_0079,27.000000,36.000000,0.236388,0.007814,0.200594,0.301666,87.000000,26.000000,66.681710,51.000000,10.000000,30.681710,20.318290,27.660646,12.078555,12.056969,20.430547,7.230099,-8.351992,-8.373578,15.603677,21.000000,163.000000,1,142.000000,142.000000,7.586913,143.395336,1,135.808423,135.808423,6.191577
train_0080,22.000000,96.000000,0.241763,0.007849,0.206165,0.307810,86.000000,21.000000,63.758884,10.000000,75.000000,32.241116,-22.241116,14.715283,45.592045,36.557007,19.462245,-4.746962,26.129800,17.094762,-21.841724,21.000000,163.000000,1,142.000000,142.000000,6.076887,141.893673,1,135.816785,135.816785,6.183215
train_0081,50.000000,28.000000,0.236640,0.007795,0.200985,0.301795,87.000000,50.000000,72.109403,59.000000,22.000000,44.109403,14.890597,32.430701,15.865006,19.934642,27.266276,5.164425,-11.401270,-7.331634,12.496059,21.000000,163.000000,1,142.000000,142.000000,12.990141,148.858309,1,135.868168,135.868168,6.131832
train_0082,21.000000,20.000000,0.234769,0.007808,0.198868,0.299892,87.000000,21.000000,65.325442,67.000000,1.000000,45.325442,21.674558,38.335841,10.612495,14.440013,28.036036,10.299805,-17.423541,-13.596023,23.895828,22.000000,163.000000,0,141.000000,161.000000,6.277339,142.063713,1,135.786373,135.786373,25.213627
train_0083,114.000000,118.000000,0.238908,0.007795,0.203260,0.304136,86.000000,113.000000,85.680889,32.000000,5.000000,32.319111,-0.319111,22.593307,14.387730,15.540272,19.424958,3.168348,-5.037228,-3.884686,7.053035,21.000000,163.000000,1,142.000000,142.000000,28.136869,164.169988,1,136.033119,136.033119,5.966881
train_0084,4.000000,4.000000,0.232335,0.007809,0.196188,0.297322,87.000000,3.000000,61.471836,83.000000,1.000000,57.471836,25.528164,53.091933,7.411648,14.524392,36.359341,16.732592,-28.947693,-21.834949,38.567541,22.000000,163.000000,0,141.000000,321.000000,2.500459,138.232209,1,135.731750,135.731750,185.268250
train_0085,48.000000,139.000000,0.243130,0.007821,0.207664,0.309029,86.000000,47.000000,70.062951,53.000000,92.000000,68.937049,-15.937049,34.457637,61.932841,56.464543,41.190660,-6.733023,20.742181,15.273883,-22.006906,21.000000,163.000000,1,142.000000,142.000000,12.284972,148.173959,1,135.888987,135.888987,6.111013
train_0086,42.000000,51.000000,0.237815,0.007808,0.202158,0.303149,87.000000,41.000000,70.199861,36.000000,10.000000,19.199861,16.800139,20.782577,13.363362,13.028232,15.901064,4.881513,-2.537702,-2.872832,7.754345,21.000000,163.000000,1,142.000000,142.000000,11.056233,146.908842,1,135.852609,135.852609,6.147391
train_0087,411.000000,227.000000,0.211915,0.008352,0.168483,0.282865,86.000000,411.000000,148.674342,141.000000,184.000000,78.325658,62.674342,109.629927,142.208324,100.461733,48.840818,60.789108,93.367506,51.620915,9.168194,21.000000,162.000000,0,141.000000,791.000000,90.973991,224.457027,0,133.483035,158.912768,632.087232
train_0088,90.000000,220.000000,0.240497,0.007784,0.204784,0.305574,86.000000,89.000000,80.074337,134.000000,131.000000,139.925663,-5.925663,103.008603,98.676411,108.004004,104.798765,-1.790162,-6.122354,3.205239,-4.995401,21.000000,162.000000,0,141.000000,721.000000,22.436904,156.495787,0,134.058884,769.101013,-48.101013
train_0089,110.000000,91.000000,0.239462,0.007800,0.203909,0.304851,86.000000,110.000000,84.774992,5.000000,19.000000,6.225008,-1.225008,13.863970,16.396649,15.084968,13.055663,0.808307,3.340986,2.029305,-1.220998,21.000000,163.000000,1,142.000000,142.000000,27.199566,163.225389,1,136.025823,136.025823,5.974177
train_0090,196.000000,163.000000,0.233223,0.007857,0.196606,0.298435,86.000000,196.000000,104.777731,77.000000,33.000000,58.222269,18.777731,51.997388,20.807846,16.776166,33.803326,18.194062,-12.995479,-17.027160,35.221222,21.000000,162.000000,0,141.000000,151.000000,47.180355,183.111469,1,135.931114,135.931114,15.068886
train_0091,47.000000,16.000000,0.235775,0.007790,0.200076,0.300842,87.000000,47.000000,71.410007,71.000000,31.000000,55.410007,15.589993,41.808657,18.577857,25.511947,34.746724,7.061933,-16.168867,-9.234777,16.296710,22.000000,163.000000,0,141.000000,201.000000,12.315523,148.172678,1,135.857155,135.857155,65.142845
train_0092,33.000000,152.000000,0.245571,0.007839,0.210168,0.311962,86.000000,32.000000,66.449826,66.000000,120.000000,85.550174,-19.550174,43.497770,86.341831,76.746938,54.723187,-11.225416,31.618645,22.023751,-33.249168,21.000000,163.000000,1,142.000000,142.000000,8.529668,142.445670,0,133.916002,229.459307,-87.459307
train_0093,26.000000,88.000000,0.240863,0.007841,0.205246,0.306738,86.000000,25.000000,64.720613,2.000000,63.000000,23.279387,-21.279387,13.620738,37.568353,28.668336,15.811260,-2.190522,21.757093,12.857076,-15.047598,21.000000,163.000000,1,142.000000,142.000000,7.091801,142.915422,1,135.823621,135.823621,6.176379
train_0094,112.000000,30.000000,0.240631,0.007817,0.205265,0.306429,87.000000,112.000000,86.977285,57.000000,82.000000,56.977285,0.022715,31.146975,51.187874,46.630513,35.827570,-4.680594,15.360305,10.802943,-15.483538,21.000000,163.000000,1,142.000000,142.000000,27.709015,163.210314,1,135.501300,135.501300,6.498700
train_0095,143.000000,123.000000,0.238121,0.007815,0.202304,0.303445,86.000000,143.000000,92.495014,37.000000,20.000000,30.504986,6.495014,25.079681,16.694969,13.717002,18.568647,6.511034,-1.873678,-4.851645,11.362679,21.000000,163.000000,1,142.000000,142.000000,34.990166,170.682197,1,135.692031,135.692031,6.307969
train_0096,90.000000,95.000000,0.239512,0.007794,0.203977,0.304834,86.000000,89.000000,80.002815,9.000000,6.000000,14.997185,-5.997185,14.512590,14.274807,13.640984,13.930106,0.582484,0.344702,-0.289122,0.871606,21.000000,163.000000,1,142.000000,142.000000,22.430914,158.409093,1,135.978179,135.978179,6.021821
train_0097,66.000000,40.000000,0.237914,0.007794,0.202361,0.303170,87.000000,66.000000,75.900836,47.000000,26.000000,35.900836,11.099164,25.660736,17.585649,18.139948,22.848532,2.812204,-5.262882,-4.708584,7.520788,21.000000,163.000000,1,142.000000,142.000000,16.736358,152.649518,1,135.913160,135.913160,6.086840
train_0098,270.000000,4.000000,0.267172,0.008021,0.232080,0.341135,87.000000,270.000000,130.577688,83.000000,266.000000,126.577688,-43.577688,53.091933,221.563623,195.685847,101.463022,-48.371089,120.100601,94.222825,-142.593914,22.000000,163.000000,0,141.000000,321.000000,71.513584,205.951729,0,134.438145,809.573984,-488.573984
train_0099,126.000000,164.000000,0.236980,0.007783,0.201086,0.301813,86.000000,125.000000,88.390006,78.000000,39.000000,75.609994,2.390006,52.821675,25.513130,30.516410,45.909494,6.912181,-20.396364,-15.393084,22.305265,21.000000,162.000000,0,141.000000,161.000000,30.911103,166.964845,1,136.053742,136.053742,24.946258
train_0100,27.000000,5.000000,0.233744,0.007791,0.197843,0.298676,87.000000,27.000000,66.764091,82.000000,22.000000,61.764091,20.235909,52.105491,14.146029,23.214097,39.944823,12.160668,-25.798793,-16.730726,28.891394,22.000000,163.000000,0,141.000000,311.000000,8.736856,143.535672,0,134.798816,172.167373,138.832627
train_0101,58.000000,74.000000,0.239199,0.007803,0.203642,0.304591,87.000000,57.000000,72.348246,13.000000,17.000000,1.651754,11.348246,14.390973,15.773839,14.902267,12.941987,1.448987,2.831852,1.960280,-0.511294,21.000000,163.000000,1,142.000000,142.000000,14.808046,150.706466,1,135.898420,135.898420,6.101580
train_0102,113.000000,5.000000,0.241217,0.007824,0.205934,0.307202,87.000000,113.000000,87.249431,82.000000,108.000000,82.249431,-0.249431,52.105491,72.313049,73.457356,58.705477,-6.599986,13.607572,14.751879,-21.351865,22.000000,163.000000,0,141.000000,311.000000,28.965983,163.203727,0,134.237745,373.897570,-62.897570
train_0103,87.000000,122.000000,0.239861,0.007793,0.204296,0.305150,86.000000,86.000000,79.309835,36.000000,36.000000,42.690165,-6.690165,24.552678,23.733661,21.573991,24.847117,-0.294439,-1.113456,-3.273126,2.978687,21.000000,163.000000,1,142.000000,142.000000,21.716509,157.688850,1,135.972341,135.972341,6.027659
train_0104,20.000000,162.000000,0.248074,0.007854,0.212736,0.314997,86.000000,19.000000,63.257476,76.000000,143.000000,98.742524,-22.742524,51.186613,106.532453,99.621337,66.775886,-15.589273,39.756567,32.845451,-48.434724,21.000000,163.000000,1,142.000000,142.000000,5.191278,138.960757,0,133.769479,364.161907,-222.161907
train_0105,285.000000,196.000000,0.224464,0.008010,0.185835,0.290729,86.000000,285.000000,124.263077,110.000000,89.000000,71.736923,38.263077,81.009594,56.787937,38.433919,43.481527,37.528067,13.306410,-5.047608,42.575675,21.000000,162.000000,0,141.000000,481.000000,65.923768,202.290526,1,136.366758,136.366758,344.633242
train_0106,21.000000,27.000000,0.235418,0.007814,0.199544,0.300628,87.000000,20.000000,65.301303,60.000000,7.000000,38.301303,21.698697,33.106347,10.869240,11.949789,24.059361,9.046986,-13.190120,-12.109572,21.156558,21.000000,163.000000,1,142.000000,142.000000,6.236400,142.025353,1,135.788953,135.788953,6.211047
train_0107,32.000000,52.000000,0.237781,0.007818,0.202072,0.303192,87.000000,31.000000,67.825665,35.000000,21.000000,15.825665,19.174335,20.377190,15.515788,12.830183,14.879332,5.497859,0.636456,-2.049149,7.547007,21.000000,163.000000,1,142.000000,142.000000,8.690798,144.517680,1,135.826882,135.826882,6.173118
train_0108,62.000000,86.000000,0.239690,0.007802,0.204151,0.305108,87.000000,61.000000,73.321890,1.000000,25.000000,12.678110,-11.678110,13.607225,18.556191,17.208334,13.607581,-0.000356,4.948611,3.600753,-3.601109,21.000000,163.000000,1,142.000000,142.000000,15.749770,151.660109,1,135.910340,135.910340,6.089660
train_0109,65.000000,73.000000,0.239141,0.007799,0.203600,0.304499,87.000000,64.000000,75.671908,14.000000,9.000000,2.671908,11.328092,14.539615,14.167965,13.776914,12.970112,1.569503,1.197853,0.806802,0.762701,21.000000,163.000000,1,142.000000,142.000000,16.476120,152.391710,1,135.915590,135.915590,6.084410
train_0110,94.000000,77.000000,0.239416,0.007797,0.203908,0.304788,87.000000,94.000000,82.608314,10.000000,17.000000,5.608314,4.391686,14.039638,15.926265,14.849532,13.151534,0.888104,2.774731,1.697998,-0.809894,21.000000,163.000000,1,142.000000,142.000000,23.383899,159.371316,1,135.987417,135.987417,6.012583
train_0111,113.000000,90.000000,0.239499,0.007802,0.203945,0.304914,86.000000,113.000000,85.494687,4.000000,23.000000,4.505313,-0.505313,13.755867,17.274988,16.074061,12.997164,0.758703,4.277824,3.076897,-2.318194,21.000000,163.000000,1,142.000000,142.000000,27.916027,163.859574,1,135.943547,135.943547,6.056453
train_0112,137.000000,281.000000,0.230386,0.007706,0.193803,0.293814,86.000000,136.000000,91.000000,195.000000,145.000000,190.000000,5.000000,162.478897,112.392280,127.361037,154.129469,8.349428,-41.737190,-26.768432,35.117860,21.000000,162.000000,0,141.000000,1331.000000,33.254016,167.832350,0,134.578334,1266.254835,64.745165
train_0113,94.000000,99.000000,0.239482,0.007794,0.203936,0.304792,86.000000,93.000000,80.956213,13.000000,6.000000,18.043787,-5.043787,15.458493,14.318229,13.619146,14.438145,1.020348,-0.119916,-0.818999,1.839347,21.000000,163.000000,1,142.000000,142.000000,23.384582,159.372283,1,135.987701,135.987701,6.012299
train_0114,206.000000,67.000000,0.245931,0.007978,0.210216,0.313883,87.000000,206.000000,110.353416,20.000000,139.000000,43.353416,-23.353416,15.580109,100.189856,81.458005,26.673220,-11.093111,73.516636,54.784785,-65.877896,21.000000,163.000000,1,142.000000,142.000000,50.883062,184.584965,1,133.701904,133.701904,8.298096
train_0115,79.000000,230.000000,0.242553,0.007792,0.206947,0.307941,86.000000,78.000000,77.551518,144.000000,152.000000,152.448482,-8.448482,112.508175,118.874375,121.494507,117.126522,-4.618346,1.747853,4.367985,-8.986332,21.000000,162.000000,0,141.000000,821.000000,19.792326,153.733365,0,133.941039,896.607389,-75.607389
train_0116,3.000000,77.000000,0.240700,0.007877,0.204935,0.306884,87.000000,2.000000,59.199352,10.000000,75.000000,17.800648,-7.800648,14.039638,42.007342,33.419781,14.357560,-0.317922,27.649782,19.062221,-19.380143,21.000000,163.000000,1,142.000000,142.000000,1.591136,137.353414,1,135.762278,135.762278,6.237722
train_0117,50.000000,16.000000,0.235958,0.007790,0.200282,0.301037,87.000000,50.000000,72.114900,71.000000,34.000000,56.114900,14.885100,41.808657,19.878339,23.495032,35.267854,6.540803,-15.389515,-11.772822,18.313625,22.000000,163.000000,0,141.000000,201.000000,13.013376,148.878825,1,135.865450,135.865450,65.134550
train_0118,123.000000,213.000000,0.235619,0.007763,0.199554,0.300037,86.000000,122.000000,87.697507,127.000000,91.000000,125.302493,1.697507,96.481870,62.353408,75.424244,90.798915,5.682955,-28.445507,-15.374671,21.057626,21.000000,162.000000,0,141.000000,651.000000,30.150252,164.451862,0,134.301610,619.782991,31.217009
train_0119,101.000000,23.000000,0.239819,0.007808,0.204434,0.305455,87.000000,101.000000,84.298723,64.000000,78.000000,61.298723,2.701277,35.917031,48.132832,43.657248,39.397606,-3.480575,8.735226,4.259642,-7.740217,21.000000,163.000000,1,142.000000,142.000000,26.059685,161.065174,0,135.005488,165.602343,-23.602343
train_0120,86.000000,100.000000,0.239627,0.007794,0.204090,0.304948,86.000000,85.000000,79.054935,14.000000,15.000000,20.945065,-6.945065,15.728751,15.868069,17.373378,15.131990,0.596761,0.736079,2.241388,-1.644627,21.000000,163.000000,1,142.000000,142.000000,21.477199,157.446167,1,135.968968,135.968968,6.031032
train_0121,128.000000,123.000000,0.238412,0.007802,0.202680,0.303638,86.000000,128.000000,88.964115,37.000000,5.000000,34.035885,2.964115,25.079681,14.546417,15.536487,20.263147,4.816534,-5.716730,-4.726660,9.543194,21.000000,163.000000,1,142.000000,142.000000,31.445874,167.423294,1,135.977420,135.977420,6.022580
train_0122,40.000000,98.000000,0.241039,0.007825,0.205487,0.306779,86.000000,39.000000,68.086601,12.000000,59.000000,29.913399,-17.913399,15.201748,36.083600,28.538951,18.387128,-3.185380,17.696472,10.151823,-13.337203,21.000000,163.000000,1,142.000000,142.000000,10.440727,146.301077,1,135.860350,135.860350,6.139650
train_0123,98.000000,170.000000,0.239296,0.007784,0.203599,0.304351,86.000000,97.000000,81.900682,84.000000,73.000000,88.099318,-4.099318,57.889014,47.527724,51.306932,56.599448,1.289566,-9.071724,-5.292516,6.582082,21.000000,162.000000,0,141.000000,221.000000,24.335946,158.453542,0,134.117596,249.582178,-28.582178
train_0124,12.000000,141.000000,0.247007,0.007870,0.211589,0.313922,86.000000,11.000000,61.289367,55.000000,130.000000,79.710633,-24.710633,35.754876,92.648619,82.143593,49.765987,-14.011111,42.882633,32.377606,-46.388717,21.000000,163.000000,1,142.000000,142.000000,3.292565,137.193317,0,133.900752,171.967580,-29.967580
train_0125,26.000000,70.000000,0.239305,0.007834,0.203625,0.304976,87.000000,25.000000,64.715878,17.000000,45.000000,5.284122,11.715878,15.026080,25.866177,19.387340,12.981250,2.044830,12.884927,6.406090,-4.361260,21.000000,163.000000,1,142.000000,142.000000,7.182224,142.999653,1,135.817429,135.817429,6.182571
train_0126,48.000000,17.000000,0.235895,0.007791,0.200206,0.300973,87.000000,48.000000,71.644257,70.000000,31.000000,54.644257,15.355743,40.930318,18.623981,25.541728,34.190312,6.740006,-15.566331,-8.648584,15.388590,22.000000,163.000000,0,141.000000,191.000000,12.545899,148.406055,1,135.860157,135.860157,55.139843
train_0127,26.000000,38.000000,0.236537,0.007817,0.200743,0.301844,87.000000,25.000000,66.440836,49.000000,13.000000,28.440836,20.559164,26.620152,12.610018,11.169496,19.476578,7.143574,-6.866561,-8.307082,15.450656,21.000000,163.000000,1,142.000000,142.000000,7.342975,143.149396,1,135.806422,135.806422,6.193578
train_0128,123.000000,24.000000,0.241748,0.007831,0.206436,0.307826,87.000000,123.000000,89.693364,63.000000,99.000000,65.693364,-2.693364,35.187334,64.758705,57.137495,43.257446,-8.070112,21.501259,13.880049,-21.950161,21.000000,163.000000,1,142.000000,142.000000,31.389014,165.191338,0,133.802325,207.692463,-65.692463
train_0129,56.000000,29.000000,0.236983,0.007793,0.201367,0.302159,87.000000,56.000000,73.526664,58.000000,27.000000,44.526664,13.473336,31.782082,17.595018,21.275014,27.516937,4.265145,-9.921919,-6.241923,10.507068,21.000000,163.000000,1,142.000000,142.000000,14.393943,150.278529,1,135.884586,135.884586,6.115414
train_0130,40.000000,78.000000,0.239656,0.007819,0.204054,0.305227,87.000000,39.000000,68.062723,9.000000,39.000000,9.937277,-0.937277,13.972073,23.732805,18.983799,13.294414,0.677659,10.438391,5.689385,-5.011726,21.000000,163.000000,1,142.000000,142.000000,10.501686,146.356529,1,135.854843,135.854843,6.145157
train_0131,187.000000,94.000000,0.241260,0.007914,0.205384,0.307898,86.000000,187.000000,105.084419,8.000000,93.000000,11.084419,-3.084419,14.323409,59.934733,46.397081,13.867815,0.455594,46.066918,32.529266,-32.073672,21.000000,163.000000,1,142.000000,142.000000,45.747906,179.229398,1,133.481492,133.481492,8.518508
train_0132,71.000000,36.000000,0.238005,0.007794,0.202474,0.303276,87.000000,71.000000,77.090023,51.000000,35.000000,41.090023,9.909977,27.660646,20.991982,20.827526,25.515133,2.145513,-4.523151,-4.687607,6.833120,21.000000,163.000000,1,142.000000,142.000000,17.919491,153.845339,1,135.925848,135.925848,6.074152
train_0133,76.000000,94.000000,0.239708,0.007796,0.204180,0.305066,86.000000,75.000000,76.669402,8.000000,19.000000,17.330598,-9.330598,14.323409,16.821224,16.936162,14.307721,0.015688,2.513503,2.628441,-2.612753,21.000000,163.000000,1,142.000000,142.000000,19.090609,155.035543,1,135.944934,135.944934,6.055066
train_0134,131.000000,96.000000,0.239483,0.007815,0.203860,0.305006,86.000000,131.000000,89.791981,10.000000,35.000000,6.208019,3.791981,14.715283,21.554750,16.828762,13.058296,1.656988,8.496454,3.770466,-2.113479,21.000000,163.000000,1,142.000000,142.000000,32.208364,167.693712,1,135.485348,135.485348,6.514652
train_0135,53.000000,125.000000,0.241941,0.007814,0.206444,0.307654,86.000000,52.000000,71.239365,39.000000,73.000000,53.760635,-14.760635,26.187739,46.588172,48.815899,31.164026,-4.976287,15.424146,17.651873,-22.628160,21.000000,163.000000,1,142.000000,142.000000,13.532216,149.429056,1,135.896840,135.896840,6.103160
train_0136,84.000000,22.000000,0.238483,0.007797,0.203022,0.303867,87.000000,84.000000,80.192358,65.000000,62.000000,58.192358,6.807642,36.687266,36.540651,34.988748,36.821400,-0.134133,-0.280748,-1.832652,1.698518,21.000000,163.000000,1,142.000000,142.000000,21.000000,156.959494,1,135.959494,135.959494,6.040506
train_0137,137.000000,91.000000,0.239808,0.007824,0.204190,0.305460,86.000000,137.000000,92.921663,5.000000,46.000000,1.921663,3.078337,13.863970,27.071799,22.917999,12.966349,0.897621,14.105449,9.951650,-9.054029,21.000000,163.000000,1,142.000000,142.000000,33.656548,168.864066,1,135.207518,135.207518,6.792482
train_0138,23.000000,64.000000,0.238822,0.007835,0.203105,0.304464,87.000000,22.000000,65.651754,23.000000,42.000000,1.651754,21.348246,16.323319,23.739381,17.147493,12.919466,3.403852,10.819915,4.228027,-0.824174,21.000000,163.000000,1,142.000000,142.000000,6.497128,142.304832,1,135.807704,135.807704,6.192296
train_0139,78.000000,106.000000,0.239942,0.007796,0.204408,0.305298,86.000000,77.000000,77.160856,20.000000,29.000000,28.839144,-8.839144,17.566506,20.495924,19.955734,17.918665,-0.352159,2.577258,2.037069,-2.389228,21.000000,163.000000,1,142.000000,142.000000,19.566537,155.517302,1,135.950765,135.950765,6.049235
train_0140,12.000000,39.000000,0.236402,0.007835,0.200506,0.301851,87.000000,11.000000,63.139945,48.000000,28.000000,24.139945,23.860055,26.133688,15.179136,11.492661,17.749134,8.384554,-2.569998,-6.256473,14.641027,21.000000,163.000000,1,142.000000,142.000000,4.056912,139.826104,1,135.769192,135.769192,6.230808
train_0141,105.000000,36.000000,0.240018,0.007809,0.204616,0.305660,87.000000,105.000000,85.266332,51.000000,69.000000,49.266332,1.733668,27.660646,41.594883,37.359456,30.497625,-2.836979,11.097258,6.861831,-9.698810,21.000000,163.000000,1,142.000000,142.000000,26.018850,161.933234,1,135.914384,135.914384,6.085616
train_0142,109.000000,108.000000,0.239197,0.007796,0.203597,0.304481,86.000000,109.000000,84.514174,22.000000,1.000000,23.485826,-1.485826,18.242151,14.269673,14.561737,15.864131,2.378020,-1.594458,-1.302394,3.680414,21.000000,163.000000,1,142.000000,142.000000,26.954533,162.976945,1,136.022412,136.022412,5.977588
train_0143,129.000000,84.000000,0.239939,0.007818,0.204376,0.305562,87.000000,129.000000,91.014746,3.000000,45.000000,7.014746,-4.014746,13.647764,26.521733,19.694223,13.270899,0.376864,13.250834,6.423324,-6.046459,21.000000,163.000000,1,142.000000,142.000000,31.751844,167.112376,1,135.360532,135.360532,6.639468
train_0144,246.000000,25.000000,0.258089,0.008057,0.222735,0.329467,87.000000,246.000000,122.464266,62.000000,221.000000,97.464266,-35.464266,34.484663,177.693798,151.078282,73.021363,-38.536701,104.672434,78.056919,-116.593619,21.000000,163.000000,1,142.000000,142.000000,63.653111,197.367101,0,133.713991,520.245097,-378.245097
train_0145,114.000000,122.000000,0.238822,0.007794,0.203161,0.304023,86.000000,113.000000,85.673266,36.000000,9.000000,36.326734,-0.326734,24.552678,14.806630,16.152318,21.455119,3.097558,-6.648489,-5.302801,8.400360,21.000000,163.000000,1,142.000000,142.000000,28.134312,164.167094,1,136.032782,136.032782,5.967218
train_0146,112.000000,8.000000,0.241048,0.007822,0.205752,0.306990,87.000000,112.000000,86.999482,79.000000,104.000000,78.999482,0.000518,49.254268,68.903293,70.601593,55.592179,-6.337912,13.311113,15.009414,-21.347325,22.000000,163.000000,0,141.000000,281.000000,28.721059,163.049136,0,134.328077,341.538668,-60.538668
train_0147,284.000000,137.000000,0.238601,0.008218,0.201064,0.307571,86.000000,284.000000,126.123742,51.000000,147.000000,10.876258,40.123742,33.214450,107.569389,72.898350,13.420549,19.793901,94.148840,59.477801,-39.683900,21.000000,163.000000,1,142.000000,142.000000,68.740213,202.360720,1,133.620508,133.620508,8.379492
train_0148,66.000000,101.000000,0.240184,0.007801,0.204657,0.305623,86.000000,65.000000,74.299769,15.000000,36.000000,26.700231,-11.700231,16.012522,23.342147,22.242994,17.063382,-1.050860,6.278765,5.179612,-6.230472,21.000000,163.000000,1,142.000000,142.000000,16.695385,152.617618,1,135.922232,135.922232,6.077768
train_0149,61.000000,22.000000,0.236934,0.007791,0.201341,0.302101,87.000000,61.000000,74.709849,65.000000,39.000000,52.709849,12.290151,36.687266,22.685329,25.563640,32.838050,3.849216,-10.152721,-7.274410,11.123626,21.000000,163.000000,1,142.000000,142.000000,15.574682,151.471532,1,135.896850,135.896850,6.103150
train_0150,169.000000,175.000000,0.233292,0.007801,0.196900,0.297974,86.000000,168.000000,98.474593,89.000000,7.000000,76.525407,12.474593,62.280708,14.685510,19.233629,46.800229,15.480479,-32.114720,-27.566600,43.047079,21.000000,162.000000,0,141.000000,271.000000,40.827766,176.884737,1,136.056971,136.056971,134.943029
