id,source_unique_tokens,source_in_vocabulary_tokens,source_vector_coverage_fraction,observed_addition_budget,reachable_observed_additions,reachable_fraction,mean_semantic_neighbor_cosine_similarity,marginal_hits,marginal_recovered_fraction,surface_neighborhood_hits,surface_neighborhood_recovered_fraction,semantic_neighborhood_hits,semantic_neighborhood_recovered_fraction,semantic_minus_marginal,semantic_minus_surface_neighborhood,semantic_marginal_top_set_overlap_fraction,semantic_surface_top_set_overlap_fraction
train_0001,57,54,0.947368,17,16,0.941176,0.986128,3,0.176471,3,0.176471,3,0.176471,0.000000,0.000000,0.764706,0.764706
train_0002,44,43,0.977273,21,15,0.714286,0.971003,2,0.095238,2,0.095238,3,0.142857,0.047619,0.047619,0.904762,0.714286
train_0003,32,30,0.937500,18,17,0.944444,0.975364,6,0.333333,7,0.388889,3,0.166667,-0.166667,-0.222222,0.722222,0.722222
train_0004,33,32,0.969697,27,25,0.925926,0.979633,4,0.148148,3,0.111111,3,0.111111,-0.037037,0.000000,0.851852,0.777778
train_0005,27,27,1.000000,33,30,0.909091,0.977802,11,0.333333,10,0.303030,9,0.272727,-0.060606,-0.030303,0.757576,0.727273
train_0006,56,55,0.982143,43,28,0.651163,0.985409,5,0.116279,4,0.093023,4,0.093023,-0.023256,0.000000,0.744186,0.744186
train_0007,84,81,0.964286,55,42,0.763636,0.990486,14,0.254545,10,0.181818,9,0.163636,-0.090909,-0.018182,0.745455,0.618182
train_0008,31,31,1.000000,22,18,0.818182,0.970749,3,0.136364,2,0.090909,4,0.181818,0.045455,0.090909,0.681818,0.727273
train_0009,201,173,0.860697,24,12,0.500000,0.987873,0,0.000000,0,0.000000,0,0.000000,0.000000,0.000000,0.708333,0.750000
train_0010,26,26,1.000000,15,11,0.733333,0.959926,1,0.066667,1,0.066667,1,0.066667,0.000000,0.000000,0.733333,0.800000
train_0011,20,20,1.000000,43,32,0.744186,0.950422,13,0.302326,13,0.302326,13,0.302326,0.000000,0.000000,0.837209,0.883721
train_0012,45,43,0.955556,26,22,0.846154,0.986539,5,0.192308,4,0.153846,3,0.115385,-0.076923,-0.038462,0.807692,0.615385
train_0013,45,44,0.977778,26,16,0.615385,0.975634,4,0.153846,3,0.115385,4,0.153846,0.000000,0.038462,0.807692,0.807692
train_0014,28,28,1.000000,22,17,0.772727,0.981748,2,0.090909,1,0.045455,1,0.045455,-0.045455,0.000000,0.772727,0.727273
train_0015,22,22,1.000000,81,64,0.790123,0.957439,30,0.370370,33,0.407407,26,0.320988,-0.049383,-0.086420,0.802469,0.753086
train_0016,18,17,0.944444,32,25,0.781250,0.982046,4,0.125000,1,0.031250,2,0.062500,-0.062500,0.031250,0.718750,0.750000
train_0017,47,46,0.978723,20,13,0.650000,0.985964,0,0.000000,0,0.000000,0,0.000000,0.000000,0.000000,0.700000,0.850000
train_0018,69,68,0.985507,119,77,0.647059,0.986920,28,0.235294,30,0.252101,24,0.201681,-0.033613,-0.050420,0.781513,0.747899
train_0019,35,32,0.914286,11,9,0.818182,0.976069,0,0.000000,0,0.000000,0,0.000000,0.000000,0.000000,0.636364,0.727273
train_0020,78,75,0.961538,49,40,0.816327,0.985781,10,0.204082,9,0.183673,10,0.204082,0.000000,0.020408,0.673469,0.755102
train_0021,38,37,0.973684,33,26,0.787879,0.984106,8,0.242424,6,0.181818,7,0.212121,-0.030303,0.030303,0.787879,0.757576
train_0022,73,71,0.972603,53,40,0.754717,0.986503,8,0.150943,6,0.113208,6,0.113208,-0.037736,0.000000,0.735849,0.641509
train_0023,150,127,0.846667,106,68,0.641509,0.988514,20,0.188679,16,0.150943,18,0.169811,-0.018868,0.018868,0.735849,0.688679
train_0024,30,30,1.000000,15,9,0.600000,0.948200,0,0.000000,0,0.000000,0,0.000000,0.000000,0.000000,0.600000,0.533333
train_0025,36,35,0.972222,70,57,0.814286,0.979722,24,0.342857,23,0.328571,23,0.328571,-0.014286,0.000000,0.800000,0.685714
train_0026,19,19,1.000000,26,20,0.769231,0.900916,0,0.000000,0,0.000000,0,0.000000,0.000000,0.000000,0.769231,0.769231
train_0027,72,71,0.986111,32,24,0.750000,0.985198,5,0.156250,2,0.062500,2,0.062500,-0.093750,0.000000,0.687500,0.625000
train_0028,18,17,0.944444,37,29,0.783784,0.970057,6,0.162162,7,0.189189,6,0.162162,0.000000,-0.027027,0.864865,0.756757
train_0029,22,22,1.000000,22,17,0.772727,0.960569,2,0.090909,1,0.045455,1,0.045455,-0.045455,0.000000,0.727273,0.772727
train_0030,24,24,1.000000,35,35,1.000000,0.982790,9,0.257143,8,0.228571,6,0.171429,-0.085714,-0.057143,0.885714,0.857143
train_0031,126,124,0.984127,28,21,0.750000,0.989567,3,0.107143,2,0.071429,2,0.071429,-0.035714,0.000000,0.642857,0.642857
train_0032,96,93,0.968750,46,35,0.760870,0.988371,9,0.195652,7,0.152174,8,0.173913,-0.021739,0.021739,0.673913,0.673913
train_0033,27,27,1.000000,6,2,0.333333,0.891863,0,0.000000,0,0.000000,0,0.000000,0.000000,0.000000,0.333333,0.333333
train_0034,57,56,0.982456,44,37,0.840909,0.979002,10,0.227273,11,0.250000,11,0.250000,0.022727,0.000000,0.795455,0.772727
train_0035,93,91,0.978495,35,31,0.885714,0.989040,5,0.142857,5,0.142857,6,0.171429,0.028571,0.028571,0.685714,0.714286
train_0036,54,52,0.962963,70,51,0.728571,0.982278,18,0.257143,15,0.214286,17,0.242857,-0.014286,0.028571,0.771429,0.728571
train_0037,38,38,1.000000,19,11,0.578947,0.979540,0,0.000000,0,0.000000,0,0.000000,0.000000,0.000000,0.789474,0.842105
train_0038,84,81,0.964286,76,52,0.684211,0.981002,7,0.092105,7,0.092105,10,0.131579,0.039474,0.039474,0.736842,0.710526
train_0039,58,58,1.000000,55,43,0.781818,0.984015,11,0.200000,12,0.218182,11,0.200000,0.000000,-0.018182,0.727273,0.690909
train_0040,35,35,1.000000,80,65,0.812500,0.979305,27,0.337500,27,0.337500,27,0.337500,0.000000,0.000000,0.825000,0.762500
train_0041,45,44,0.977778,15,9,0.600000,0.977773,0,0.000000,0,0.000000,0,0.000000,0.000000,0.000000,0.733333,0.666667
train_0042,58,56,0.965517,9,7,0.777778,0.987438,1,0.111111,1,0.111111,1,0.111111,0.000000,0.000000,0.666667,0.888889
train_0043,58,54,0.931034,25,20,0.800000,0.971585,4,0.160000,2,0.080000,4,0.160000,0.000000,0.080000,0.880000,0.640000
train_0044,44,43,0.977273,16,11,0.687500,0.976699,1,0.062500,1,0.062500,1,0.062500,0.000000,0.000000,0.687500,0.687500
train_0045,52,50,0.961538,72,56,0.777778,0.987385,15,0.208333,18,0.250000,15,0.208333,0.000000,-0.041667,0.763889,0.652778
train_0046,31,30,0.967742,27,23,0.851852,0.973032,6,0.222222,5,0.185185,6,0.222222,0.000000,0.037037,0.851852,0.703704
train_0047,38,38,1.000000,16,14,0.875000,0.957069,1,0.062500,1,0.062500,0,0.000000,-0.062500,-0.062500,0.750000,0.750000
train_0048,62,61,0.983871,23,18,0.782609,0.987247,6,0.260870,5,0.217391,5,0.217391,-0.043478,0.000000,0.652174,0.695652
train_0049,60,58,0.966667,18,13,0.722222,0.989364,0,0.000000,0,0.000000,0,0.000000,0.000000,0.000000,0.666667,0.722222
train_0050,67,46,0.686567,41,34,0.829268,0.986092,9,0.219512,11,0.268293,8,0.195122,-0.024390,-0.073171,0.780488,0.658537
train_0051,25,24,0.960000,68,47,0.691176,0.962202,18,0.264706,18,0.264706,17,0.250000,-0.014706,-0.014706,0.779412,0.764706
train_0052,221,208,0.941176,28,21,0.750000,0.988612,1,0.035714,0,0.000000,2,0.071429,0.035714,0.071429,0.642857,0.750000
train_0053,28,28,1.000000,29,25,0.862069,0.979159,8,0.275862,7,0.241379,8,0.275862,0.000000,0.034483,0.827586,0.793103
train_0054,71,49,0.690141,7,6,0.857143,0.984687,0,0.000000,0,0.000000,0,0.000000,0.000000,0.000000,0.857143,0.857143
train_0055,20,20,1.000000,24,20,0.833333,0.943902,1,0.041667,4,0.166667,4,0.166667,0.125000,0.000000,0.833333,0.833333
train_0056,21,21,1.000000,56,50,0.892857,0.929436,22,0.392857,22,0.392857,23,0.410714,0.017857,0.017857,0.857143,0.892857
train_0057,61,60,0.983607,6,6,1.000000,0.984559,0,0.000000,0,0.000000,0,0.000000,0.000000,0.000000,0.666667,0.666667
train_0058,85,79,0.929412,49,37,0.755102,0.984564,7,0.142857,7,0.142857,6,0.122449,-0.020408,-0.020408,0.775510,0.734694
train_0059,25,25,1.000000,27,23,0.851852,0.925865,4,0.148148,4,0.148148,5,0.185185,0.037037,0.037037,0.777778,0.777778
train_0060,120,118,0.983333,25,17,0.680000,0.986966,2,0.080000,3,0.120000,1,0.040000,-0.040000,-0.080000,0.640000,0.600000
train_0061,103,100,0.970874,47,39,0.829787,0.990071,9,0.191489,7,0.148936,11,0.234043,0.042553,0.085106,0.744681,0.702128
train_0062,85,84,0.988235,24,21,0.875000,0.989419,3,0.125000,2,0.083333,2,0.083333,-0.041667,0.000000,0.583333,0.500000
train_0063,27,26,0.962963,13,12,0.923077,0.954775,2,0.153846,2,0.153846,2,0.153846,0.000000,0.000000,0.692308,0.692308
train_0064,46,28,0.608696,18,16,0.888889,0.965340,2,0.111111,2,0.111111,1,0.055556,-0.055556,-0.055556,0.833333,0.722222
train_0065,71,68,0.957746,63,50,0.793651,0.988473,17,0.269841,17,0.269841,17,0.269841,0.000000,0.000000,0.809524,0.809524
train_0066,19,19,1.000000,38,30,0.789474,0.973401,7,0.184211,6,0.157895,6,0.157895,-0.026316,0.000000,0.842105,0.815789
train_0067,37,37,1.000000,51,44,0.862745,0.985678,7,0.137255,8,0.156863,8,0.156863,0.019608,0.000000,0.784314,0.725490
train_0068,32,31,0.968750,22,18,0.818182,0.982172,3,0.136364,3,0.136364,3,0.136364,0.000000,0.000000,0.863636,0.727273
train_0069,41,41,1.000000,82,74,0.902439,0.972630,17,0.207317,18,0.219512,16,0.195122,-0.012195,-0.024390,0.865854,0.780488
train_0070,58,58,1.000000,42,30,0.714286,0.983855,10,0.238095,8,0.190476,11,0.261905,0.023810,0.071429,0.761905,0.714286
train_0071,85,83,0.976471,59,36,0.610169,0.984872,7,0.118644,7,0.118644,6,0.101695,-0.016949,-0.016949,0.745763,0.694915
train_0072,44,43,0.977273,21,19,0.904762,0.972744,3,0.142857,3,0.142857,3,0.142857,0.000000,0.000000,0.809524,0.761905
train_0073,36,36,1.000000,80,59,0.737500,0.976240,23,0.287500,21,0.262500,21,0.262500,-0.025000,0.000000,0.837500,0.725000
train_0074,109,87,0.798165,92,65,0.706522,0.988031,11,0.119565,11,0.119565,12,0.130435,0.010870,0.010870,0.750000,0.728261
train_0075,88,81,0.920455,38,30,0.789474,0.975946,11,0.289474,10,0.263158,11,0.289474,0.000000,0.026316,0.763158,0.842105
train_0076,31,31,1.000000,37,30,0.810811,0.970530,8,0.216216,6,0.162162,10,0.270270,0.054054,0.108108,0.837838,0.702703
train_0077,84,84,1.000000,64,53,0.828125,0.988476,13,0.203125,12,0.187500,12,0.187500,-0.015625,0.000000,0.687500,0.796875
train_0078,98,93,0.948980,39,28,0.717949,0.988272,4,0.102564,6,0.153846,6,0.153846,0.051282,0.000000,0.769231,0.743590
train_0079,25,25,1.000000,21,16,0.761905,0.983202,4,0.190476,3,0.142857,3,0.142857,-0.047619,0.000000,0.809524,0.761905
train_0080,21,21,1.000000,32,24,0.750000,0.952684,8,0.250000,10,0.312500,9,0.281250,0.031250,-0.031250,0.812500,0.750000
train_0081,28,28,1.000000,18,12,0.666667,0.948764,0,0.000000,1,0.055556,0,0.000000,0.000000,-0.055556,0.666667,0.722222
train_0082,20,20,1.000000,13,10,0.769231,0.937503,0,0.000000,0,0.000000,0,0.000000,0.000000,0.000000,0.769231,0.846154
train_0083,58,58,1.000000,50,38,0.760000,0.987593,12,0.240000,11,0.220000,12,0.240000,0.000000,0.020000,0.700000,0.800000
train_0084,4,4,1.000000,1,1,1.000000,0.947694,0,0.000000,0,0.000000,0,0.000000,0.000000,0.000000,0.000000,0.000000
train_0085,36,35,0.972222,83,61,0.734940,0.979228,16,0.192771,14,0.168675,17,0.204819,0.012048,0.036145,0.746988,0.662651
train_0086,28,28,1.000000,21,17,0.809524,0.985711,1,0.047619,1,0.047619,1,0.047619,0.000000,0.000000,0.857143,0.761905
train_0087,201,196,0.975124,71,52,0.732394,0.990141,10,0.140845,10,0.140845,9,0.126761,-0.014085,-0.014085,0.746479,0.760563
train_0088,50,48,0.960000,113,79,0.699115,0.986324,31,0.274336,27,0.238938,28,0.247788,-0.026549,0.008850,0.778761,0.734513
train_0089,63,41,0.650794,22,22,1.000000,0.983915,6,0.272727,5,0.227273,6,0.272727,0.000000,0.045455,0.727273,0.727273
train_0090,115,114,0.991304,85,69,0.811765,0.988971,27,0.317647,26,0.305882,23,0.270588,-0.047059,-0.035294,0.729412,0.647059
train_0091,25,24,0.960000,9,8,0.888889,0.977043,1,0.111111,1,0.111111,1,0.111111,0.000000,0.000000,0.666667,0.666667
train_0092,32,30,0.937500,81,62,0.765432,0.976970,24,0.296296,22,0.271605,23,0.283951,-0.012346,0.012346,0.814815,0.740741
train_0093,23,22,0.956522,34,32,0.941176,0.973588,8,0.235294,9,0.264706,7,0.205882,-0.029412,-0.058824,0.852941,0.794118
train_0094,69,49,0.710145,21,18,0.857143,0.978335,1,0.047619,0,0.000000,0,0.000000,-0.047619,0.000000,0.809524,0.761905
train_0095,90,86,0.955556,59,36,0.610169,0.983016,9,0.152542,7,0.118644,6,0.101695,-0.050847,-0.016949,0.745763,0.779661
train_0096,52,51,0.980769,40,32,0.800000,0.970880,8,0.200000,8,0.200000,8,0.200000,0.000000,0.000000,0.775000,0.725000
train_0097,28,27,0.964286,12,12,1.000000,0.972975,3,0.250000,3,0.250000,3,0.250000,0.000000,0.000000,0.500000,0.583333
train_0098,118,118,1.000000,1,0,0.000000,0.987295,0,0.000000,0,0.000000,0,0.000000,0.000000,0.000000,0.000000,0.000000
train_0099,61,54,0.885246,94,47,0.500000,0.980114,16,0.170213,14,0.148936,16,0.170213,0.000000,0.021277,0.765957,0.755319
train_0100,20,20,1.000000,3,3,1.000000,0.963196,0,0.000000,0,0.000000,0,0.000000,0.000000,0.000000,1.000000,0.333333
train_0101,42,41,0.976190,36,28,0.777778,0.986940,4,0.111111,5,0.138889,4,0.111111,0.000000,-0.027778,0.666667,0.694444
train_0102,65,63,0.969231,5,4,0.800000,0.983693,2,0.400000,1,0.200000,1,0.200000,-0.200000,0.000000,0.600000,0.600000
train_0103,33,33,1.000000,62,53,0.854839,0.971749,21,0.338710,20,0.322581,20,0.322581,-0.016129,0.000000,0.774194,0.677419
train_0104,20,20,1.000000,78,65,0.833333,0.931365,29,0.371795,25,0.320513,28,0.358974,-0.012821,0.038462,0.833333,0.820513
train_0105,158,135,0.854430,63,42,0.666667,0.990703,11,0.174603,13,0.206349,12,0.190476,0.015873,-0.015873,0.730159,0.746032
train_0106,21,21,1.000000,14,13,0.928571,0.984201,3,0.214286,3,0.214286,3,0.214286,0.000000,0.000000,0.785714,0.714286
train_0107,28,25,0.892857,34,23,0.676471,0.982073,6,0.176471,3,0.088235,2,0.058824,-0.117647,-0.029412,0.647059,0.823529
train_0108,37,37,1.000000,33,30,0.909091,0.986028,8,0.242424,9,0.272727,7,0.212121,-0.030303,-0.060606,0.727273,0.727273
train_0109,24,24,1.000000,23,13,0.565217,0.966381,3,0.130435,3,0.130435,3,0.130435,0.000000,0.000000,0.869565,0.782609
train_0110,64,63,0.984375,19,16,0.842105,0.988470,3,0.157895,1,0.052632,3,0.157895,0.000000,0.105263,0.736842,0.684211
train_0111,59,59,1.000000,26,22,0.846154,0.984922,7,0.269231,5,0.192308,5,0.192308,-0.076923,0.000000,0.653846,0.730769
train_0112,79,79,1.000000,111,81,0.729730,0.988656,25,0.225225,19,0.171171,21,0.189189,-0.036036,0.018018,0.756757,0.630631
train_0113,50,47,0.940000,39,32,0.820513,0.984400,8,0.205128,8,0.205128,6,0.153846,-0.051282,-0.051282,0.794872,0.743590
train_0114,111,108,0.972973,32,28,0.875000,0.988011,5,0.156250,4,0.125000,3,0.093750,-0.062500,-0.031250,0.687500,0.781250
train_0115,56,54,0.964286,146,107,0.732877,0.978706,42,0.287671,39,0.267123,38,0.260274,-0.027397,-0.006849,0.821918,0.787671
train_0116,3,3,1.000000,58,50,0.862069,0.865274,20,0.344828,22,0.379310,19,0.327586,-0.017241,-0.051724,0.758621,0.741379
train_0117,35,35,1.000000,9,5,0.555556,0.976714,0,0.000000,0,0.000000,0,0.000000,0.000000,0.000000,0.666667,0.666667
train_0118,85,63,0.741176,102,69,0.676471,0.986218,19,0.186275,20,0.196078,19,0.186275,0.000000,-0.009804,0.823529,0.754902
train_0119,68,65,0.955882,17,14,0.823529,0.980475,0,0.000000,0,0.000000,0,0.000000,0.000000,0.000000,0.705882,0.882353
train_0120,43,42,0.976744,25,23,0.920000,0.982414,4,0.160000,4,0.160000,4,0.160000,0.000000,0.000000,0.880000,0.840000
train_0121,70,69,0.985714,44,34,0.772727,0.985800,7,0.159091,8,0.181818,6,0.136364,-0.022727,-0.045455,0.704545,0.590909
train_0122,28,28,1.000000,27,23,0.851852,0.985345,4,0.148148,3,0.111111,3,0.111111,-0.037037,0.000000,0.814815,0.666667
train_0123,54,34,0.629630,95,74,0.778947,0.977959,31,0.326316,27,0.284211,30,0.315789,-0.010526,0.031579,0.789474,0.694737
train_0124,11,11,1.000000,81,67,0.827160,0.942202,28,0.345679,25,0.308642,25,0.308642,-0.037037,0.000000,0.802469,0.790123
train_0125,26,26,1.000000,49,40,0.816327,0.958621,12,0.244898,12,0.244898,10,0.204082,-0.040816,-0.040816,0.857143,0.795918
train_0126,21,21,1.000000,14,10,0.714286,0.964019,0,0.000000,0,0.000000,0,0.000000,0.000000,0.000000,0.785714,0.642857
train_0127,25,24,0.960000,23,17,0.739130,0.958881,3,0.130435,3,0.130435,3,0.130435,0.000000,0.000000,0.826087,0.782609
train_0128,77,77,1.000000,21,18,0.857143,0.987889,1,0.047619,1,0.047619,0,0.000000,-0.047619,-0.047619,0.761905,0.666667
train_0129,27,27,1.000000,17,15,0.882353,0.973422,0,0.000000,0,0.000000,0,0.000000,0.000000,0.000000,0.764706,0.705882
train_0130,22,22,1.000000,28,21,0.750000,0.945876,3,0.107143,5,0.178571,5,0.178571,0.071429,0.000000,0.821429,0.857143
train_0131,103,103,1.000000,26,17,0.653846,0.991437,1,0.038462,1,0.038462,1,0.038462,0.000000,0.000000,0.692308,0.730769
train_0132,42,41,0.976190,26,22,0.846154,0.981653,4,0.153846,3,0.115385,4,0.153846,0.000000,0.038462,0.807692,0.769231
train_0133,60,59,0.983333,53,34,0.641509,0.988766,11,0.207547,11,0.207547,10,0.188679,-0.018868,-0.018868,0.754717,0.660377
train_0134,80,78,0.975000,29,18,0.620690,0.990175,4,0.137931,3,0.103448,4,0.137931,0.000000,0.034483,0.724138,0.689655
train_0135,46,46,1.000000,68,50,0.735294,0.984246,20,0.294118,16,0.235294,20,0.294118,0.000000,0.058824,0.764706,0.705882
train_0136,65,65,1.000000,20,14,0.700000,0.983388,1,0.050000,0,0.000000,0,0.000000,-0.050000,0.000000,0.700000,0.650000
train_0137,77,57,0.740260,30,23,0.766667,0.982260,4,0.133333,4,0.133333,4,0.133333,0.000000,0.000000,0.766667,0.666667
train_0138,23,22,0.956522,19,15,0.789474,0.954023,1,0.052632,0,0.000000,1,0.052632,0.000000,0.052632,0.789474,0.736842
train_0139,41,41,1.000000,40,32,0.800000,0.968750,11,0.275000,13,0.325000,13,0.325000,0.050000,0.000000,0.800000,0.725000
train_0140,12,12,1.000000,18,17,0.944444,0.948967,3,0.166667,6,0.333333,4,0.222222,0.055556,-0.111111,0.833333,0.777778
train_0141,64,62,0.968750,25,20,0.800000,0.986935,2,0.080000,2,0.080000,2,0.080000,0.000000,0.000000,0.800000,0.720000
train_0142,85,82,0.964706,60,40,0.666667,0.980469,10,0.166667,10,0.166667,9,0.150000,-0.016667,-0.016667,0.683333,0.700000
train_0143,85,83,0.976471,26,20,0.769231,0.987794,1,0.038462,1,0.038462,1,0.038462,0.000000,0.000000,0.692308,0.730769
train_0144,130,123,0.946154,19,9,0.473684,0.989421,0,0.000000,0,0.000000,0,0.000000,0.000000,0.000000,0.684211,0.631579
train_0145,48,48,1.000000,49,40,0.816327,0.979568,14,0.285714,11,0.224490,13,0.265306,-0.020408,0.040816,0.816327,0.734694
train_0146,61,60,0.983607,5,5,1.000000,0.987493,0,0.000000,0,0.000000,0,0.000000,0.000000,0.000000,0.600000,0.600000
train_0147,156,153,0.980769,52,30,0.576923,0.989279,7,0.134615,4,0.076923,8,0.153846,0.019231,0.076923,0.692308,0.634615
train_0148,30,29,0.966667,43,33,0.767442,0.974596,12,0.279070,11,0.255814,11,0.255814,-0.023256,0.000000,0.837209,0.790698
train_0149,49,45,0.918367,21,15,0.714286,0.980284,1,0.047619,0,0.000000,1,0.047619,0.000000,0.047619,0.809524,0.714286
train_0150,94,93,0.989362,68,51,0.750000,0.985999,10,0.147059,9,0.132353,10,0.147059,0.000000,0.014706,0.808824,0.720588
