unadjusted_tail,unadjusted_tail_rank,signifier,unadjusted_annual_change_percentage_points,period_count,period_1_start,period_1_end,period_1_observations,period_1_endorsements,period_1_prevalence_percent,period_2_start,period_2_end,period_2_observations,period_2_endorsements,period_2_prevalence_percent,period_3_start,period_3_end,period_3_observations,period_3_endorsements,period_3_prevalence_percent,period_4_start,period_4_end,period_4_observations,period_4_endorsements,period_4_prevalence_percent,period_1_to_2_change_percentage_points,period_2_to_3_change_percentage_points,period_3_to_4_change_percentage_points,first_to_last_change_percentage_points,total_absolute_adjacent_change_percentage_points,largest_adjacent_change_percentage_points,largest_transition,largest_transition_share_of_absolute_path,adjusted_model_terms,adjusted_dropped_collinear_terms,adjusted_period_1_start,adjusted_period_1_end,adjusted_period_1_prevalence_percent,adjusted_period_2_start,adjusted_period_2_end,adjusted_period_2_prevalence_percent,adjusted_period_3_start,adjusted_period_3_end,adjusted_period_3_prevalence_percent,adjusted_period_4_start,adjusted_period_4_end,adjusted_period_4_prevalence_percent,adjusted_period_1_to_2_change_percentage_points,adjusted_period_2_to_3_change_percentage_points,adjusted_period_3_to_4_change_percentage_points,adjusted_first_to_last_change_percentage_points,adjusted_total_absolute_adjacent_change_percentage_points,adjusted_largest_adjacent_change_percentage_points,adjusted_largest_transition,adjusted_largest_transition_share_of_absolute_path,aligned_adjacent_transitions,opposing_adjacent_transitions,zero_adjacent_transitions,all_adjacent_transitions_aligned,first_to_last_same_direction,largest_transition_direction_aligned,adjusted_aligned_adjacent_transitions,adjusted_opposing_adjacent_transitions,adjusted_zero_adjacent_transitions,adjusted_all_adjacent_transitions_aligned,adjusted_first_to_last_same_direction,adjusted_largest_transition_direction_aligned,same_largest_transition_after_adjustment
positive,1,beautiful,24.601646849697715,4,2025-07-08,2025-10-26,119,43,36.134453781512605,2025-10-27,2026-02-14,120,36,30.0,2026-02-15,2026-06-05,118,56,47.45762711864407,2026-06-06,2026-09-24,100,57,56.99999999999999,-6.134453781512605,17.45762711864407,9.542372881355924,20.86554621848739,33.1344537815126,17.45762711864407,period_2_to_3,0.5268723375903233,40,1,2025-07-08,2025-10-26,32.819050825575125,2025-10-27,2026-02-14,37.63838905063564,2026-02-15,2026-06-05,53.311676148783135,2026-06-06,2026-09-24,44.871484801238346,4.819338225060513,15.673287098147497,-8.44019134754479,12.05243397566322,28.9328166707528,15.673287098147497,period_2_to_3,0.5417131445066353,2,1,0,False,True,True,2,1,0,False,True,True,True
positive,2,COVID survivor,17.66392650734579,4,2025-07-08,2025-10-26,103,44,42.71844660194174,2025-10-27,2026-02-14,99,47,47.474747474747474,2026-02-15,2026-06-05,105,52,49.523809523809526,2026-06-06,2026-09-24,88,52,59.09090909090909,4.756300872805731,2.0490620490620515,9.567099567099568,16.37246248896735,16.37246248896735,9.567099567099568,period_3_to_4,0.5843409061737901,40,1,2025-07-08,2025-10-26,34.169895994699104,2025-10-27,2026-02-14,57.423540773353324,2026-02-15,2026-06-05,58.0396968761005,2026-06-06,2026-09-24,47.74320459083466,23.25364477865422,0.6161561027471762,-10.296492285265842,13.573308596135554,34.16629316666724,23.25364477865422,period_1_to_2,0.6806019214674585,3,0,0,True,True,True,2,1,0,False,True,True,False
positive,3,pretty,17.412658429462446,4,2025-07-08,2025-10-26,98,40,40.816326530612244,2025-10-27,2026-02-14,116,35,30.17241379310345,2026-02-15,2026-06-05,110,51,46.36363636363636,2026-06-06,2026-09-24,98,50,51.02040816326531,-10.643912737508796,16.19122257053291,4.656771799628949,10.204081632653065,31.491907107670656,16.19122257053291,period_2_to_3,0.5141391569324528,38,3,2025-07-08,2025-10-26,42.97950581935079,2025-10-27,2026-02-14,29.330730167190776,2026-02-15,2026-06-05,49.92476557625953,2026-06-06,2026-09-24,45.856321601230114,-13.648775652160015,20.594035409068756,-4.0684439750294175,2.8768157818793227,38.31125503625819,20.594035409068756,period_2_to_3,0.5375453085412717,2,1,0,False,True,True,1,2,0,False,True,True,True
positive,4,amateur artist,17.197347816776055,4,2025-07-08,2025-10-26,102,21,20.588235294117645,2025-10-27,2026-02-14,119,25,21.008403361344538,2026-02-15,2026-06-05,96,25,26.041666666666668,2026-06-06,2026-09-24,107,40,37.38317757009346,0.4201680672268928,5.03326330532213,11.34151090342679,16.794942275975814,16.794942275975814,11.34151090342679,period_3_to_4,0.6752932351336606,40,1,2025-07-08,2025-10-26,16.37760071350396,2025-10-27,2026-02-14,24.169546361008404,2026-02-15,2026-06-05,37.11829523317885,2026-06-06,2026-09-24,27.94348007361917,7.791945647504445,12.948748872170444,-9.174815159559678,11.565879360115211,29.915509679234567,12.948748872170444,period_2_to_3,0.4328440000191151,3,0,0,True,True,True,2,1,0,False,True,True,False
positive,5,romance fan,16.435133211217785,4,2025-07-08,2025-10-26,143,45,31.46853146853147,2025-10-27,2026-02-14,111,37,33.33333333333333,2026-02-15,2026-06-05,103,43,41.74757281553398,2026-06-06,2026-09-24,110,50,45.45454545454545,1.8648018648018585,8.41423948220065,3.7069726390114752,13.986013986013983,13.986013986013983,8.41423948220065,period_2_to_3,0.6016181229773465,39,2,2025-07-08,2025-10-26,27.60287174136684,2025-10-27,2026-02-14,51.38403001431929,2026-02-15,2026-06-05,40.26049322835877,2026-06-06,2026-09-24,33.65755642613399,23.781158272952453,-11.123536785960525,-6.602936802224775,6.054684684767153,41.50763186113775,23.781158272952453,period_1_to_2,0.5729345955585093,3,0,0,True,True,True,1,2,0,False,True,True,False
positive,6,exhausted,15.630750474283046,4,2025-07-08,2025-10-26,110,35,31.818181818181817,2025-10-27,2026-02-14,100,38,38.0,2026-02-15,2026-06-05,100,47,47.0,2026-06-06,2026-09-24,120,56,46.666666666666664,6.181818181818183,9.0,-0.3333333333333357,14.848484848484848,15.51515151515152,9.0,period_2_to_3,0.5800781249999999,40,1,2025-07-08,2025-10-26,31.61779077689716,2025-10-27,2026-02-14,37.49902789303543,2026-02-15,2026-06-05,49.334559545199006,2026-06-06,2026-09-24,45.32236892265414,5.881237116138273,11.835531652163574,-4.012190622544864,13.704578145756983,21.72895939084671,11.835531652163574,period_2_to_3,0.5446892987037968,2,1,0,False,True,True,2,1,0,False,True,True,True
positive,7,Disney fan,15.220074940775785,4,2025-07-08,2025-10-26,123,53,43.08943089430895,2025-10-27,2026-02-14,96,39,40.625,2026-02-15,2026-06-05,99,47,47.474747474747474,2026-06-06,2026-09-24,121,69,57.02479338842975,-2.464430894308947,6.849747474747474,9.550045913682276,13.935362494120803,18.864224282738697,9.550045913682276,period_3_to_4,0.506251715975453,39,2,2025-07-08,2025-10-26,34.645078600118254,2025-10-27,2026-02-14,69.51376271870068,2026-02-15,2026-06-05,45.004681328792465,2026-06-06,2026-09-24,44.70967487305514,34.86868411858242,-24.50908138990821,-0.2950064557373224,10.064596272936889,59.672771964227955,34.86868411858242,period_1_to_2,0.5843315631371232,2,1,0,False,True,True,1,2,0,False,True,True,False
positive,8,overthinker,15.115364851554617,4,2025-07-08,2025-10-26,110,68,61.81818181818181,2025-10-27,2026-02-14,101,68,67.32673267326733,2026-02-15,2026-06-05,97,75,77.31958762886599,2026-06-06,2026-09-24,103,74,71.84466019417476,5.508550855085517,9.99285495559866,-5.4749274346912244,10.026478375992951,20.9763332453754,9.99285495559866,period_2_to_3,0.47638711869729466,39,2,2025-07-08,2025-10-26,58.70037064792197,2025-10-27,2026-02-14,63.95476942376004,2026-02-15,2026-06-05,78.70653603607653,2026-06-06,2026-09-24,77.17469438280747,5.2543987758380695,14.751766612316487,-1.5318416532690549,18.474323734885502,21.53800704142361,14.751766612316487,period_2_to_3,0.6849179027541737,2,1,0,False,True,True,2,1,0,False,True,True,True
positive,9,singer,14.776045609354064,4,2025-07-08,2025-10-26,106,13,12.264150943396226,2025-10-27,2026-02-14,116,13,11.206896551724139,2026-02-15,2026-06-05,114,14,12.280701754385964,2026-06-06,2026-09-24,112,26,23.214285714285715,-1.0572543916720871,1.0738052026618252,10.933583959899751,10.95013477088949,13.064643554233664,10.933583959899751,period_3_to_4,0.8368834491742921,40,1,2025-07-08,2025-10-26,12.29523792696272,2025-10-27,2026-02-14,11.98304649655874,2026-02-15,2026-06-05,7.187149218928127,2026-06-06,2026-09-24,27.565503349851504,-0.31219143040397945,-4.795897277630614,20.378354130923377,15.270265422888784,25.48644283895797,20.378354130923377,period_3_to_4,0.799576239794967,2,1,0,False,True,True,1,2,0,False,True,True,True
positive,10,she/her,14.493227237590556,4,2025-07-08,2025-10-26,114,61,53.50877192982456,2025-10-27,2026-02-14,108,49,45.370370370370374,2026-02-15,2026-06-05,103,60,58.252427184466015,2026-06-06,2026-09-24,105,65,61.904761904761905,-8.138401559454188,12.882056814095641,3.6523347202958902,8.395989974937343,24.67279309384572,12.882056814095641,period_2_to_3,0.5221158692936507,37,2,2025-07-08,2025-10-26,60.46399978275535,2025-10-27,2026-02-14,41.70543321067095,2026-02-15,2026-06-05,50.59676981772353,2026-06-06,2026-09-24,65.63285663606432,-18.758566572084405,8.891336607052587,15.036086818340785,5.1688568533089665,42.685989997477776,-18.758566572084405,period_1_to_2,0.4394548790643677,2,1,0,False,True,True,2,1,0,False,True,False,False
negative,1,star wars fan,-14.24105960096135,4,2025-07-08,2025-10-26,111,48,43.24324324324324,2025-10-27,2026-02-14,110,48,43.63636363636363,2026-02-15,2026-06-05,97,31,31.958762886597935,2026-06-06,2026-09-24,109,35,32.11009174311927,0.39312039312039104,-11.677600749765698,0.1513288565213351,-11.133151500123972,12.222049999407425,-11.677600749765698,period_2_to_3,0.9554535245995456,40,1,2025-07-08,2025-10-26,51.40721601422709,2025-10-27,2026-02-14,31.745461345221866,2026-02-15,2026-06-05,27.316951955405067,2026-06-06,2026-09-24,39.92710031900387,-19.661754669005223,-4.428509389816799,12.610148363598803,-11.480115695223219,36.700412422420825,-19.661754669005223,period_1_to_2,0.5357366136025645,1,2,0,False,True,True,2,1,0,False,True,True,False
negative,2,nba fan,-14.185854578199269,4,2025-07-08,2025-10-26,102,39,38.23529411764706,2025-10-27,2026-02-14,88,32,36.36363636363637,2026-02-15,2026-06-05,116,31,26.72413793103448,2026-06-06,2026-09-24,103,28,27.184466019417474,-1.8716577540106911,-9.639498432601886,0.4603280883829939,-11.050828098229584,11.971484274995571,-9.639498432601886,period_2_to_3,0.8052049529677432,40,1,2025-07-08,2025-10-26,53.158487491291574,2025-10-27,2026-02-14,6.826640089983356,2026-02-15,2026-06-05,17.3046685870459,2026-06-06,2026-09-24,48.2499843871171,-46.33184740130822,10.478028497062542,30.945315800071203,-4.908503104174471,87.75519169844196,-46.33184740130822,period_1_to_2,0.5279670239969496,2,1,0,False,True,True,1,2,0,False,True,True,False
negative,3,social conservative,-13.562573789933296,4,2025-07-08,2025-10-26,99,30,30.303030303030305,2025-10-27,2026-02-14,109,28,25.688073394495415,2026-02-15,2026-06-05,118,35,29.66101694915254,2026-06-06,2026-09-24,105,18,17.142857142857142,-4.614956908534889,3.9729435546571246,-12.518159806295397,-13.160173160173162,21.10606026948741,-12.518159806295397,period_3_to_4,0.5931073656788822,40,2,2025-07-08,2025-10-26,36.43454694063249,2025-10-27,2026-02-14,3.882222803301247,2026-02-15,2026-06-05,33.64367864983444,2026-06-06,2026-09-24,29.522509396544695,-32.55232413733124,29.761455846533195,-4.121169253289747,-6.9120375440877915,66.43494923715419,-32.55232413733124,period_1_to_2,0.4899879432605352,2,1,0,False,True,True,2,1,0,False,True,True,False
negative,4,2a supporter,-12.963753478303236,4,2025-07-08,2025-10-26,90,29,32.22222222222222,2025-10-27,2026-02-14,117,32,27.350427350427353,2026-02-15,2026-06-05,84,13,15.476190476190476,2026-06-06,2026-09-24,89,19,21.34831460674157,-4.871794871794869,-11.874236874236876,5.872124130551095,-10.87390761548065,22.61815587658284,-11.874236874236876,period_2_to_3,0.5249869591061834,39,1,2025-07-08,2025-10-26,38.4133197302549,2025-10-27,2026-02-14,35.110986608056024,2026-02-15,2026-06-05,-0.6600455014576986,2026-06-06,2026-09-24,20.11527655344823,-3.302333122198874,-35.77103210951372,20.775322054905928,-18.29804317680667,59.84868728661852,-35.77103210951372,period_2_to_3,0.5976911730445208,2,1,0,False,True,True,2,1,0,False,True,True,True
negative,5,planner,-12.68265428566705,4,2025-07-08,2025-10-26,130,100,76.92307692307693,2025-10-27,2026-02-14,101,72,71.28712871287128,2026-02-15,2026-06-05,87,61,70.11494252873564,2026-06-06,2026-09-24,99,66,66.66666666666666,-5.635948210205655,-1.17218618413564,-3.448275862068982,-10.256410256410277,10.256410256410277,-5.635948210205655,period_1_to_2,0.5495049504950502,40,1,2025-07-08,2025-10-26,78.62665712719073,2025-10-27,2026-02-14,64.05175224233098,2026-02-15,2026-06-05,77.90184757114564,2026-06-06,2026-09-24,64.96815008383652,-14.574904884859748,13.85009532881466,-12.933697487309118,-13.658507043354206,41.35869770098353,-14.574904884859748,period_1_to_2,0.3524024133988424,3,0,0,True,True,True,2,1,0,False,True,True,True
negative,6,Reddit user,-12.621327055433419,4,2025-07-08,2025-10-26,109,83,76.14678899082568,2025-10-27,2026-02-14,102,71,69.6078431372549,2026-02-15,2026-06-05,101,69,68.31683168316832,2026-06-06,2026-09-24,88,57,64.77272727272727,-6.53894585357078,-1.2910114540865862,-3.544104410441051,-11.374061718098417,11.374061718098417,-6.53894585357078,period_1_to_2,0.5748998041012916,39,2,2025-07-08,2025-10-26,90.19907042370167,2025-10-27,2026-02-14,71.69665598961366,2026-02-15,2026-06-05,45.29428467434102,2026-06-06,2026-09-24,71.36954159962967,-18.50241443408801,-26.40237131527264,26.07525692528865,-18.829528824072,70.9800426746493,-26.40237131527264,period_2_to_3,0.37196894113311535,3,0,0,True,True,True,2,1,0,False,True,True,False
negative,7,states' rights advocate,-12.060144865604144,4,2025-07-08,2025-10-26,99,33,33.33333333333333,2025-10-27,2026-02-14,95,32,33.68421052631579,2026-02-15,2026-06-05,110,24,21.818181818181817,2026-06-06,2026-09-24,103,27,26.21359223300971,0.350877192982459,-11.866028708133971,4.395410414827893,-7.119741100323619,16.612316315944323,-11.866028708133971,period_2_to_3,0.7142910406025127,38,2,2025-07-08,2025-10-26,42.172699597318505,2025-10-27,2026-02-14,23.91493753068111,2026-02-15,2026-06-05,13.220654135838144,2026-06-06,2026-09-24,35.909822519502235,-18.257762066637394,-10.694283394842968,22.68916838366409,-6.26287707781627,51.64121384514445,22.68916838366409,period_3_to_4,0.4393616395559887,1,2,0,False,True,True,2,1,0,False,True,False,False
negative,8,bitcoin trader,-10.298567962849752,4,2025-07-08,2025-10-26,132,21,15.909090909090908,2025-10-27,2026-02-14,102,17,16.666666666666664,2026-02-15,2026-06-05,111,5,4.504504504504505,2026-06-06,2026-09-24,100,9,9.0,0.757575757575756,-12.16216216216216,4.495495495495495,-6.909090909090908,17.41523341523341,-12.16216216216216,period_2_to_3,0.6983634311512417,40,1,2025-07-08,2025-10-26,12.60176493458401,2025-10-27,2026-02-14,27.914101663329543,2026-02-15,2026-06-05,-0.8427565309353884,2026-06-06,2026-09-24,7.828746339091272,15.312336728745533,-28.756858194264932,8.67150287002666,-4.773018595492737,52.74069779303713,-28.756858194264932,period_2_to_3,0.5452498620156944,1,2,0,False,True,True,1,2,0,False,True,True,True
negative,9,single,-10.265514274941106,4,2025-07-08,2025-10-26,126,60,47.61904761904761,2025-10-27,2026-02-14,111,51,45.94594594594595,2026-02-15,2026-06-05,117,48,41.02564102564102,2026-06-06,2026-09-24,101,36,35.64356435643564,-1.6731016731016624,-4.920304920304929,-5.382076669205382,-11.975483262611974,11.975483262611974,-5.382076669205382,period_3_to_4,0.4494245911568747,40,1,2025-07-08,2025-10-26,44.23793792833763,2025-10-27,2026-02-14,39.760569622375904,2026-02-15,2026-06-05,45.86455107270344,2026-06-06,2026-09-24,41.05390215286299,-4.4773683059617255,6.103981450327538,-4.810648919840453,-3.1840357754746407,15.391998676129717,6.103981450327538,period_2_to_3,0.39656847552837565,3,0,0,True,True,True,2,1,0,False,True,False,False
negative,10,team player,-10.098258915375903,4,2025-07-08,2025-10-26,107,82,76.63551401869158,2025-10-27,2026-02-14,106,85,80.18867924528303,2026-02-15,2026-06-05,116,88,75.86206896551724,2026-06-06,2026-09-24,101,67,66.33663366336634,3.553165226591446,-4.326610279765788,-9.525435302150896,-10.298880355325238,17.40521080850813,-9.525435302150896,period_3_to_4,0.5472749170894621,39,2,2025-07-08,2025-10-26,81.15096069882351,2025-10-27,2026-02-14,67.64291575529475,2026-02-15,2026-06-05,74.76758852443069,2026-06-06,2026-09-24,75.976810557732,-13.508044943528759,7.124672769135941,1.2092220333013017,-5.174150141091516,21.841939745966002,-13.508044943528759,period_1_to_2,0.6184452983862647,2,1,0,False,True,True,1,2,0,False,True,True,False
