unadjusted_tail,unadjusted_tail_rank,signifier,unadjusted_annual_change_percentage_points,midpoint_date,early_observations,late_observations,respondent_clusters,early_prevalence_percent,late_prevalence_percent,late_minus_early_percentage_points,late_minus_early_cluster_se,late_minus_early_cluster_ci95_lower,late_minus_early_cluster_ci95_upper,late_minus_early_cluster_p_value,adjusted_late_minus_early_percentage_points,adjusted_late_minus_early_cluster_se,adjusted_late_minus_early_cluster_ci95_lower,adjusted_late_minus_early_cluster_ci95_upper,adjusted_late_minus_early_cluster_p_value,adjusted_model_terms,adjusted_dropped_collinear_terms,early_late_adjustment_shift_percentage_points,same_direction,adjusted_same_direction,adjusted_same_direction_as_unadjusted_contrast
positive,1,beautiful,24.283351185374823,2026-02-13,238,216,417,33.193277310924366,51.388888888888886,18.195611577964517,4.641117757180541,9.099020773890656,27.292202382038376,8.835679164138305e-05,13.032721220316404,7.293185084180444,-1.261921544677266,27.327363985310072,0.07394193253882127,38,1,-5.162890357648113,True,True,True
positive,2,COVID survivor,17.949442511627677,2026-02-13,202,191,360,45.04950495049505,53.92670157068062,8.877196620185574,5.1710713048434025,-1.2581031373074953,19.012496377678644,0.08603334575779502,10.576493085288904,8.366208782389794,-5.821276128195093,26.9742622987729,0.20616116991345357,38,1,1.6992964651033304,True,True,True
positive,3,romance fan,17.453624594719887,2026-02-13,253,210,415,32.41106719367589,43.80952380952381,11.398456615847918,4.58921084830531,2.40360335316951,20.393309878526324,0.013000671107141827,4.685443952446117,6.511223809967786,-8.076554715090744,17.44744261998298,0.47177440515633223,37,2,-6.713012663401801,True,True,True
positive,4,amateur artist,17.324570266939833,2026-02-13,221,200,385,20.81447963800905,32.0,11.18552036199095,4.272315834679154,2.8117813260198083,19.55925939796209,0.008841056168274809,11.362734206648193,7.149298617663559,-2.649891083972383,25.375359497268768,0.11198150832006837,38,1,0.17721384465724377,True,True,True
positive,5,pretty,16.84071031993569,2026-02-13,214,205,385,35.046728971962615,48.292682926829265,13.245953954866652,4.740424546789335,3.9547218431595557,22.537186066573746,0.0052019476500313085,7.553700296294909,7.134221911872303,-6.429374650974805,21.536775243564623,0.28969175888445814,36,3,-5.692253658571743,True,True,True
positive,6,Disney fan,15.910390422892846,2026-02-13,218,218,406,41.74311926605505,53.21100917431193,11.467889908256884,4.790366705490834,2.0787711654948495,20.85700865101892,0.016668101136104927,8.144342505756823,7.380730749652789,-6.321889763562645,22.61057477507629,0.269827373481622,37,2,-3.3235474025000613,True,True,True
positive,7,exhausted,15.636321159305588,2026-02-13,207,221,397,35.26570048309179,46.15384615384615,10.888145670754367,4.775017806375875,1.5291107702576525,20.247180571251082,0.022593966302809274,10.737634665526889,6.813470857652683,-2.6167682154723693,24.092037546526146,0.11503917808991297,38,1,-0.15051100522747873,True,True,True
positive,8,overthinker,14.60068446270783,2026-02-13,210,199,375,64.28571428571429,74.37185929648241,10.08614501076812,4.5768187864913825,1.1155801892450103,19.056709832291233,0.027542228793810082,17.46845505894133,6.693617455813845,4.348964845546195,30.587945272336466,0.009061684470780871,37,2,7.38231004817321,True,True,True
positive,9,singer,14.446610305017895,2026-02-13,221,224,421,11.312217194570136,17.857142857142858,6.544925662572722,3.437066122573509,-0.19172393767135532,13.2815752628168,0.056881704292898225,13.700693359809362,5.936168505602211,2.0658030888290284,25.335583630789696,0.020998982371892672,37,1,7.15576769723664,True,True,True
positive,10,she/her,14.057499660060943,2026-02-13,222,207,403,49.549549549549546,59.90338164251207,10.353832092962529,4.931412642990905,0.6882633127003555,20.019400873224704,0.03576693316590348,5.964951811067565,2.9067876596092512,0.267647998233433,11.662255623901697,0.0401621894587634,35,2,-4.388880281894964,True,True,True
negative,1,star wars fan,-13.90819748088786,2026-02-13,220,206,398,43.63636363636363,32.038834951456316,-11.59752868490732,4.778081735306819,-20.962568886108684,-2.2324884837059553,0.015214384400207875,-10.008267073497306,7.238778020643218,-24.196271993958014,4.1797378469634,0.16679040638620057,38,1,1.5892616114100147,True,True,True
negative,2,nba fan,-13.595621443475583,2026-02-13,188,219,385,37.765957446808514,26.94063926940639,-10.82531817740212,4.631959180517359,-19.903958171216146,-1.746678183588097,0.01943436238204646,-4.323180769476294,7.468209045673248,-18.96087049899586,10.314508960043273,0.5626715992686405,37,1,6.502137407925827,True,True,True
negative,3,social conservative,-13.146830228396237,2026-02-13,208,221,402,27.884615384615387,23.981900452488688,-3.9027149321266967,4.2982270643418685,-12.32723997823676,4.521810113983365,0.36388747047040143,-0.016977729279113278,7.282391663221692,-14.29046538919363,14.256509930635405,0.9981398616794083,38,2,3.8857372028475834,True,True,True
negative,4,2a supporter,-12.724398569608294,2026-02-13,205,174,344,29.756097560975608,18.39080459770115,-11.36529296327446,4.458845321949787,-20.10462979429604,-2.6259561322528775,0.010805340581434356,-22.706386236140226,7.175417835578776,-36.77020519387463,-8.642567278405824,0.0015536629148066995,37,1,-11.341093272865766,True,True,True
negative,5,Reddit user,-12.621327055433419,2026-02-13,210,190,380,72.85714285714285,66.84210526315789,-6.015037593984962,4.708244956666736,-15.243197709051763,3.2131225210818393,0.20140669752982385,-18.186089816165733,7.461053525991799,-32.80975472710966,-3.562424905221807,0.01479046512332877,37,2,-12.171052222180771,True,True,True
negative,6,planner,-11.609108862689524,2026-02-13,231,183,383,74.45887445887446,68.85245901639344,-5.606415442481016,4.453476208880817,-14.335228811887418,3.1223979269253848,0.20807178774248714,-9.712588760287487,7.405843540788702,-24.228042100233342,4.802864579658369,0.1896968740069546,38,1,-4.10617331780647,True,True,True
negative,7,states' rights advocate,-11.26615755998958,2026-02-13,193,211,376,33.67875647668394,24.170616113744074,-9.50814036293986,4.6509166707864456,-18.623937037681294,-0.3923436881984266,0.04091815805495151,-6.835120864516149,7.224140134782443,-20.99443552868974,7.32419379965744,0.34407203665164127,36,2,2.6730194984237112,True,True,True
negative,8,bitcoin trader,-10.241891705445404,2026-02-13,232,212,401,15.948275862068966,7.0754716981132075,-8.87280416395576,3.1195521704346394,-14.987126418007652,-2.7584819099038667,0.0044515302584596855,-6.225922685793055,4.532060988928862,-15.108762224093624,2.656916852507514,0.16951904109026938,38,1,2.6468814781627046,True,True,True
negative,9,team player,-10.098258915375903,2026-02-13,213,217,406,78.40375586854461,71.42857142857143,-6.9751844399731695,4.274784401466799,-15.353761866848094,1.4033929869017552,0.10274177650438755,-3.212383822027683,6.6241312443466995,-16.195681060947216,9.77091341689185,0.6277105953868938,37,2,3.7628006179454867,True,True,True
negative,10,single,-9.843016646438596,2026-02-13,235,219,406,46.38297872340426,39.26940639269406,-7.113572330710194,4.698482814395649,-16.322598646925666,2.0954539855052774,0.13002209598703854,1.1262684751885452,7.679166313333077,-13.924897498944285,16.177434449321375,0.883396081064051,38,1,8.239840805898739,True,False,False
