signifier,observations,yes_count,prevalence_percent,earliest_observation_date,latest_observation_date,span_days,observation_dates,eligible,exclusion_reason,annual_change_percentage_points,annual_change_ci95_lower,annual_change_ci95_upper
2a supporter,377,93,24.6684350132626,2025-07-08,2026-09-15,434,247,True,,-12.232059208983493,-25.237154524713667,0.7730361067466784
ADHD,409,68,16.625916870415647,2025-07-08,2026-09-15,434,266,True,,5.935106591426087,-4.724458599999131,16.594671782851304
AI creator,8400,915,10.892857142857142,2025-07-08,2026-09-15,434,416,True,,3.414092675303415,1.3613564234463742,5.466828927160456
AI enthusiast,381,130,34.120734908136484,2025-07-08,2026-09-15,434,258,True,,-0.3596421824979912,-14.81058501938753,14.091300654391548
American,8849,8639,97.62685049158097,2025-07-08,2026-09-15,434,425,True,,-0.8014615347011093,-1.7319957455983475,0.12907267619612905
Anarchist,396,14,3.535353535353535,2025-07-10,2026-09-14,431,252,True,,4.021333995839931,-1.2435249393050212,9.286192930984882
Aquarius,410,32,7.804878048780488,2025-07-08,2026-09-15,434,268,True,,3.772143939915339,-3.929425786979727,11.473713666810404
Aries,391,19,4.859335038363171,2025-07-08,2026-09-13,432,260,True,,-1.7819289110027985,-7.9771420289382915,4.413284206932695
Arizona Cardinals fan,1254,29,2.3125996810207337,2025-07-08,2026-09-15,434,404,True,,-0.22363221905802674,-2.7209028765817873,2.273638438465734
Arizona Diamondbacks fan,416,14,3.3653846153846154,2025-07-08,2026-09-15,434,267,True,,-1.3482674372141816,-6.289580316909188,3.593045442480825
Atlanta Braves fan,385,19,4.935064935064935,2025-07-08,2026-09-15,434,260,True,,-3.7046317632928276,-10.022124283620112,2.6128607570344573
Atlanta Falcons fan,1207,37,3.065451532725766,2025-07-08,2026-09-14,433,408,True,,-1.9439685452964144,-4.799528296614703,0.911591206021874
Baltimore Orioles fan,418,16,3.827751196172249,2025-07-10,2026-09-13,430,276,True,,-2.048545027855531,-7.673750210307204,3.5766601545961416
Baltimore Ravens fan,1255,46,3.6653386454183265,2025-07-08,2026-09-15,434,406,True,,-0.8817920460361437,-3.969977591424635,2.2063934993523477
Baptist,423,33,7.801418439716312,2025-07-08,2026-09-15,434,277,True,,-2.556492042011916,-10.115935307206929,5.002951223183097
Boston Celtics fan,437,28,6.407322654462242,2025-07-08,2026-09-15,434,272,True,,5.749659842989644,-0.7816796789844744,12.280999364963762
Boston Red Sox fan,408,25,6.127450980392156,2025-07-08,2026-09-14,433,262,True,,-1.096399674745575,-7.857471212608245,5.664671863117095
Brooklyn Nets fan,412,9,2.1844660194174756,2025-07-09,2026-09-13,431,280,True,,1.7798697085288775,-2.3474372210209045,5.90717663807866
Buddhist,433,12,2.771362586605081,2025-07-08,2026-09-15,434,272,True,,-2.4208285070880824,-6.964875866076426,2.1232188519002615
Buffalo Bills fan,8485,492,5.798467884502063,2025-07-08,2026-09-15,434,422,True,,-0.03150227583832177,-1.5566802269912343,1.493675675314591
CEO,432,23,5.324074074074074,2025-07-08,2026-09-15,434,281,True,,0.4053327073275722,-5.8910138738635425,6.701679288518687
COVID survivor,387,190,49.09560723514212,2025-07-09,2026-09-15,433,253,True,,17.391667105877673,2.522973709980459,32.26036050177488
Cancer,427,26,6.0889929742388755,2025-07-08,2026-09-15,434,277,True,,3.7372804949454705,-3.0231952484849804,10.49775623837592
Capricorn,421,27,6.413301662707839,2025-07-09,2026-09-14,432,279,True,,-5.3734333067263025,-12.36753951975782,1.6206729063052148
Carolina Panthers fan,1256,53,4.219745222929936,2025-07-08,2026-09-15,434,403,True,,-0.447482365554229,-3.7450784451692103,2.850113714060752
Catholic,407,64,15.724815724815725,2025-07-08,2026-09-15,434,269,True,,-3.0419290846423976,-13.394905747643019,7.311047578358224
Charlotte Hornets fan,455,13,2.857142857142857,2025-07-09,2026-09-15,433,285,True,,-1.0787966178389892,-5.583089224837776,3.4254959891597974
Chicago Bears fan,1271,87,6.845003933910307,2025-07-08,2026-09-15,434,409,True,,-3.3020500293409394,-7.342779213398941,0.738679154717063
Chicago Bulls fan,415,31,7.46987951807229,2025-07-08,2026-09-15,434,270,True,,-2.2855281608175617,-9.754470610499078,5.183414288863954
Chicago Cubs fan,1250,102,8.16,2025-07-08,2026-09-15,434,406,True,,-0.4047348294312191,-4.945183929057391,4.135714270194953
Chicago White Sox fan,397,11,2.770780856423174,2025-07-08,2026-09-15,434,270,True,,0.11283631254237785,-4.852790145763054,5.078462770847809
Christian,1288,615,47.74844720496895,2025-07-08,2026-09-15,434,406,True,,-4.606807178923861,-12.591064300301621,3.3774499424538993
Cincinnati Bengals fan,1284,68,5.29595015576324,2025-07-08,2026-09-15,434,407,True,,-0.6097716312038428,-4.195414114202089,2.9758708517944035
Cincinnati Reds fan,1240,55,4.435483870967742,2025-07-08,2026-09-15,434,404,True,,-2.0000546820421166,-5.334084110002758,1.3339747459185243
Cleveland Browns fan,8867,337,3.800608999661667,2025-07-08,2026-09-15,434,425,True,,-0.32211225654141123,-1.4903799073140427,0.8461553942312203
Cleveland Cavaliers fan,1278,49,3.8341158059467917,2025-07-08,2026-09-15,434,411,True,,0.29386967291817895,-2.8151035414093295,3.4028428872456873
Cleveland Guardians fan,1232,25,2.029220779220779,2025-07-08,2026-09-15,434,407,True,,0.04525448566370303,-2.2730432237839,2.3635521951113057
Colorado Rockies fan,411,11,2.67639902676399,2025-07-09,2026-09-15,433,261,True,,0.57240528218188,-3.9577203785394537,5.102530942903214
Communist,430,15,3.488372093023256,2025-07-09,2026-09-14,432,282,True,,0.07896909412882848,-4.87182337586989,5.029761564127546
Confucian,375,12,3.2,2025-07-08,2026-09-15,434,256,True,,-2.387846707460511,-7.745980185144864,2.970286770223842
Dallas Cowboys fan,1307,94,7.1920428462127015,2025-07-08,2026-09-15,434,407,True,,-2.2323996246701823,-6.367199774771544,1.9024005254311795
Dallas Mavericks fan,1199,56,4.670558798999166,2025-07-08,2026-09-15,434,404,True,,0.464159930668134,-2.994441660858774,3.9227615221950423
Democrat,8660,4169,48.14087759815243,2025-07-08,2026-09-15,434,425,True,,1.0960836921487038,-1.9888668945865162,4.181034278883924
Democratic Socialist,401,120,29.925187032418954,2025-07-08,2026-09-15,434,257,True,,9.952438119213154,-3.205300496437987,23.110176734864297
Denver Broncos fan,1247,47,3.769045709703288,2025-07-08,2026-09-15,434,410,True,,-0.584005892987561,-3.705348009129088,2.537336223153966
Denver Nuggets fan,408,11,2.696078431372549,2025-07-11,2026-09-15,431,264,True,,-2.424509598857645,-7.011224325984024,2.1622051282687345
Detroit Lions fan,1287,62,4.817404817404817,2025-07-08,2026-09-15,434,409,True,,-2.736930630189547,-6.164445958551596,0.6905846981725028
Detroit Pistons fan,392,11,2.806122448979592,2025-07-09,2026-09-15,433,262,True,,2.3878684065336215,-2.3366485652493334,7.112385378316576
Detroit Tigers fan,422,14,3.3175355450236967,2025-07-08,2026-09-14,433,262,True,,-1.289280180302836,-6.508511772525141,3.9299514119194696
Disney fan,424,199,46.93396226415094,2025-07-10,2026-09-15,432,267,True,,14.645105895508506,1.6916917640948075,27.598520026922202
English speaker,429,424,98.83449883449883,2025-07-08,2026-09-14,433,265,True,,0.19410360636303534,-2.7407524954615843,3.1289597081876552
Episcopalian,418,7,1.674641148325359,2025-07-10,2026-09-15,432,277,True,,0.6191936909677686,-2.9577707497697743,4.196158131705311
Evangelical,1299,139,10.700538876058506,2025-07-08,2026-09-15,434,406,True,,-1.4505900009866761,-6.347189351547934,3.4460093495745814
Facebook user,1284,896,69.78193146417445,2025-07-08,2026-09-15,434,410,True,,-1.4589645194666299,-8.911301983064147,5.993372944130887
Gemini,429,43,10.023310023310025,2025-07-08,2026-09-15,434,276,True,,4.9271132731415905,-3.2538495459322254,13.108076092215406
Golden State Warriors fan,1241,84,6.768734891216761,2025-07-10,2026-09-15,432,398,True,,1.38680336710938,-2.7359735032371146,5.509580237455874
Google user,444,419,94.36936936936937,2025-07-12,2026-09-14,429,288,True,,1.026551963713939,-5.390648901563302,7.4437528289911805
Green Bay Packers fan,1282,79,6.162246489859594,2025-07-08,2026-09-15,434,403,True,,-0.9066150995632979,-4.728707198359412,2.9154769992328156
Hindu,439,9,2.050113895216401,2025-07-08,2026-09-15,434,270,True,,0.3393091798128267,-3.458014774052777,4.13663313367843
Houston Astros fan,435,15,3.4482758620689653,2025-07-11,2026-09-15,431,270,True,,3.779113746426916,-1.2449442263711972,8.803171719225029
Houston Rockets fan,393,9,2.2900763358778624,2025-07-09,2026-09-15,433,251,True,,-0.8751044545819702,-5.283619257893397,3.5334103487294573
Houston Texans fan,1289,47,3.6462373933281613,2025-07-08,2026-09-15,434,399,True,,0.16085626831816965,-2.8814908301532753,3.203203366789615
IT specialist,423,53,12.529550827423167,2025-07-09,2026-09-15,433,274,True,,-7.834601027298491,-16.95081951777438,1.2816174631774002
Independent,424,316,74.52830188679245,2025-07-08,2026-09-15,434,271,True,,-7.817866974705898,-19.85202204857477,4.216288099162976
Indiana Pacers fan,435,15,3.4482758620689653,2025-07-11,2026-09-14,430,273,True,,2.5774323910840917,-2.395829762688662,7.550694544856846
Indianapolis Colts fan,1242,38,3.059581320450886,2025-07-08,2026-09-15,434,406,True,,-0.21931678594431808,-3.0256051134669235,2.5869715415782872
Instagram user,457,305,66.73960612691467,2025-07-08,2026-09-14,433,280,True,,-9.113301046893389,-21.40992971341494,3.183327619628164
Jacksonville Jaguars fan,1265,36,2.8458498023715415,2025-07-08,2026-09-15,434,408,True,,0.6210019625832048,-2.148445263814138,3.3904491889805475
Jain,415,1,0.24096385542168677,2025-07-08,2026-09-13,432,283,True,,0.7642908807548847,-0.6440418849171112,2.1726236464268807
Jehovah's Witness,379,4,1.0554089709762533,2025-07-08,2026-09-14,433,257,True,,0.12387104334509802,-2.9963271587308276,3.2440692454210236
Jewish,429,15,3.4965034965034967,2025-07-11,2026-09-15,431,271,True,,3.1936630145495846,-1.8597892408388335,8.247115269938003
Kansas City Chiefs fan,1278,91,7.120500782472614,2025-07-08,2026-09-15,434,411,True,,-0.006964326578679165,-4.124540066142548,4.1106114129851905
Kansas City Royals fan,434,13,2.995391705069124,2025-07-08,2026-09-15,434,273,True,,-0.8834429691624438,-5.531404155230289,3.7645182169054014
Las Vegas Raiders fan,1318,44,3.338391502276176,2025-07-08,2026-09-15,434,406,True,,-1.1237078021287852,-4.035787366428654,1.7883717621710828
Leo,396,25,6.313131313131313,2025-07-08,2026-09-14,433,257,True,,-2.899839772128203,-9.866705608698293,4.067026064441886
Libertarian,1234,112,9.076175040518638,2025-07-08,2026-09-15,434,406,True,,1.7949397637520113,-2.874451664137945,6.464331191641968
Libra,390,29,7.435897435897436,2025-07-08,2026-09-14,433,256,True,,-3.704060008031043,-11.213653147702844,3.805533131640758
LinkedIn user,412,175,42.4757281553398,2025-07-08,2026-09-15,434,268,True,,-1.3331688824352719,-15.424762119124873,12.758424354254329
Los Angeles Angels fan,426,15,3.5211267605633805,2025-07-09,2026-09-15,433,267,True,,2.4358382145511963,-2.749482437781952,7.621158866884345
Los Angeles Chargers fan,1321,53,4.0121120363361085,2025-07-08,2026-09-15,434,409,True,,0.10530433443798518,-3.010660830246667,3.2212694991226374
Los Angeles Clippers fan,465,13,2.795698924731183,2025-07-08,2026-09-15,434,288,True,,-1.446109330782333,-6.049050980285825,3.1568323187211593
Los Angeles Dodgers fan,454,34,7.488986784140969,2025-07-09,2026-09-15,433,291,True,,3.958320175055991,-2.997449332574106,10.914089682686088
Los Angeles Lakers fan,390,40,10.256410256410255,2025-07-08,2026-09-15,434,241,True,,3.532876017659329,-5.431784692119732,12.49753672743839
Los Angeles Rams fan,1180,50,4.23728813559322,2025-07-08,2026-09-15,434,403,True,,-2.563652964152562,-5.9060083037287185,0.7787023754235944
Lutheran,418,16,3.827751196172249,2025-07-08,2026-09-12,431,267,True,,-2.249847033026332,-7.576244897154382,3.0765508311017182
Lyft driver,465,2,0.43010752688172044,2025-07-08,2026-09-15,434,277,True,,1.2251532277738408,-0.46171519184687093,2.9120216473945524
MAGA (Make America Great Again),8644,1487,17.202683942619156,2025-07-08,2026-09-15,434,425,True,,-5.242634230779067,-7.573118485603465,-2.9121499759546685
Mac user,1250,335,26.8,2025-07-09,2026-09-15,433,409,True,,1.9044097758715535,-5.2498761772024505,9.058695728945557
Memphis Grizzlies fan,466,10,2.1459227467811157,2025-07-08,2026-09-15,434,293,True,,1.0937935801147536,-2.8031724497608117,4.990759609990319
Methodist,431,19,4.408352668213457,2025-07-08,2026-09-15,434,278,True,,1.3212230777144607,-4.292805622793842,6.935251778222763
Miami Dolphins fan,1266,54,4.265402843601896,2025-07-08,2026-09-15,434,408,True,,0.4440644677266104,-2.8366406167247145,3.724769552177935
Miami Heat fan,427,15,3.51288056206089,2025-07-08,2026-09-13,432,271,True,,3.7399575118151085,-1.4261335900150338,8.90604861364525
Miami Marlins fan,408,6,1.4705882352941175,2025-07-12,2026-09-14,429,256,True,,1.5138270293947544,-1.976821547072962,5.004475605862471
Microsoft user,433,346,79.90762124711316,2025-07-08,2026-09-13,432,279,True,,-2.6982859276428584,-14.311181314762731,8.914609459477013
Milwaukee Brewers fan,409,7,1.7114914425427872,2025-07-10,2026-09-15,432,259,True,,1.3224725237923847,-2.5976690658843324,5.242614113469101
Milwaukee Bucks fan,1280,31,2.421875,2025-07-08,2026-09-15,434,412,True,,-0.6699771589935185,-3.137734208557593,1.7977798905705558
Minnesota Timberwolves fan,454,14,3.0837004405286343,2025-07-08,2026-09-15,434,269,True,,0.8012243492718346,-3.9126161138750226,5.515064812418692
Minnesota Twins fan,442,7,1.583710407239819,2025-07-09,2026-09-15,433,270,True,,-2.6694097470703886,-6.0381653061448475,0.6993458120040708
Minnesota Vikings fan,1277,39,3.0540328895849647,2025-07-08,2026-09-15,434,409,True,,-2.553614769957089,-5.300881569797788,0.1936520298836104
Mormon,411,1,0.24330900243309003,2025-07-12,2026-09-13,428,268,True,,-0.9620340348095014,-2.3730793305677205,0.44901126094871746
Muslim,409,3,0.7334963325183375,2025-07-08,2026-09-13,432,270,True,,1.1822151155150795,-1.2179082596990045,3.5823384907291635
Netflix user,404,292,72.27722772277228,2025-07-10,2026-09-15,432,269,True,,3.5503877323788937,-9.20915511710078,16.309930581858566
Never-Trumper,383,186,48.56396866840731,2025-07-08,2026-09-14,433,250,True,,1.4364783211318746,-13.343116999741882,16.216073642005632
New Age,423,47,11.11111111111111,2025-07-09,2026-09-15,433,272,True,,4.846108826045971,-4.0697378449404615,13.761955497032403
New England Patriots fan,1345,108,8.029739776951674,2025-07-08,2026-09-15,434,416,True,,2.145159379212197,-2.1025482499596593,6.392867008384053
New Orleans Saints fan,1247,56,4.490777866880514,2025-07-08,2026-09-15,434,399,True,,-1.3013876614476088,-4.73914467335212,2.136369350456903
New York Giants fan,1268,75,5.914826498422713,2025-07-08,2026-09-15,434,405,True,,1.8303850877440637,-2.0133250038317065,5.674095179319834
New York Jets fan,1237,57,4.607922392886015,2025-07-08,2026-09-15,434,405,True,,-0.5616650272624132,-4.017683571380086,2.89435351685526
New York Knicks fan,393,27,6.870229007633588,2025-07-10,2026-09-15,432,256,True,,8.162723394295075,0.9059967483716536,15.419450040218496
New York Mets fan,404,25,6.188118811881188,2025-07-10,2026-09-15,432,268,True,,-0.4127931393330448,-7.162227738286338,6.33664145962025
New York Yankees fan,391,44,11.253196930946292,2025-07-08,2026-09-15,434,262,True,,-2.796675139866337,-11.972156496849964,6.378806217117289
Oakland Athletics fan,432,10,2.314814814814815,2025-07-09,2026-09-15,433,280,True,,-1.8597775346685368,-5.9481359885872465,2.2285809192501733
Oklahoma City Thunder fan,419,11,2.6252983293556085,2025-07-08,2026-09-15,434,266,True,,-2.8051862696693406,-7.195900555818001,1.5855280164793197
Orlando Magic fan,425,12,2.823529411764706,2025-07-08,2026-09-15,434,261,True,,-5.089901639807477,-9.872860996985207,-0.30694228262974743
Pagan,405,17,4.197530864197531,2025-07-09,2026-09-15,433,261,True,,3.1759698963432506,-2.6275052762998445,8.979445068986346
Pentecostal,455,18,3.9560439560439558,2025-07-08,2026-09-15,434,276,True,,5.7933632172564735,0.8020095159070788,10.784716918605868
Philadelphia 76ers fan,1362,55,4.038179148311307,2025-07-08,2026-09-15,434,409,True,,-0.006903682623726224,-3.0180226939207366,3.004215328673284
Philadelphia Eagles fan,1262,101,8.003169572107765,2025-07-08,2026-09-15,434,412,True,,1.371375746653343,-2.929585926601824,5.67233741990851
Philadelphia Phillies fan,424,20,4.716981132075472,2025-07-13,2026-09-15,429,265,True,,-0.433256490781386,-6.457777979866378,5.591264998303606
Phoenix Suns fan,416,20,4.807692307692308,2025-07-08,2026-09-15,434,269,True,,-4.513105814642152,-10.393232572738462,1.3670209434541585
Pinterest user,371,133,35.84905660377358,2025-07-11,2026-09-14,430,244,True,,4.973112090864312,-9.674885240977469,19.62110942270609
Pisces,415,28,6.746987951807229,2025-07-08,2026-09-15,434,259,True,,-0.9144465569213276,-7.749015324971095,5.92012221112844
Pittsburgh Pirates fan,405,17,4.197530864197531,2025-07-09,2026-09-15,433,268,True,,1.020232678475444,-4.7566194085879605,6.797084765538848
Pittsburgh Steelers fan,1275,94,7.372549019607844,2025-07-08,2026-09-15,434,412,True,,0.591329885458252,-3.571001009126642,4.7536607800431465
Portland Trail Blazers fan,456,11,2.4122807017543857,2025-07-09,2026-09-14,432,290,True,,-0.9212940145726946,-5.107589971794064,3.2650019426486745
Presbyterian,427,16,3.747072599531616,2025-07-10,2026-09-14,431,276,True,,-4.748783126993143,-9.95381920139905,0.45625294741276434
Progressive,1238,663,53.55411954765751,2025-07-08,2026-09-15,434,413,True,,5.445319792216056,-2.849388192741168,13.74002777717328
Protestant,1215,250,20.5761316872428,2025-07-08,2026-09-15,434,397,True,,-3.284671649053921,-9.926665672475998,3.357322374368155
Reddit user,395,278,70.37974683544303,2025-07-08,2026-09-14,433,274,True,,-11.117074553293593,-24.186506671599375,1.9523575650121874
Reform Jewish,394,7,1.7766497461928936,2025-07-08,2026-09-15,434,259,True,,1.412032059014052,-2.487663865759048,5.3117279837871525
Republican,8744,2177,24.897072278133578,2025-07-08,2026-09-15,434,425,True,,-3.2589892680776584,-5.9160194310699605,-0.6019591050853559
Sacramento Kings fan,413,7,1.694915254237288,2025-07-10,2026-09-10,427,269,True,,0.9859663549696027,-2.725931992370551,4.697864702309756
Sagittarius,428,34,7.943925233644859,2025-07-09,2026-09-15,433,275,True,,0.5281928100179873,-7.168414646919521,8.224800266955496
San Antonio Spurs fan,464,13,2.8017241379310347,2025-07-08,2026-09-15,434,288,True,,4.355684754937723,0.09604776784180036,8.615321742033647
San Diego Padres fan,428,7,1.6355140186915886,2025-07-08,2026-09-15,434,266,True,,-1.8366218929846727,-5.304462618574008,1.6312188326046624
San Francisco 49ers fan,1256,79,6.289808917197452,2025-07-08,2026-09-15,434,411,True,,-0.2940995010698322,-4.224413281432143,3.6362142792924788
San Francisco Giants fan,430,11,2.558139534883721,2025-07-08,2026-09-14,433,279,True,,0.6080911957290382,-3.8792552787165597,5.095437670174636
Scientologist,1238,16,1.2924071082390953,2025-07-08,2026-09-15,434,409,True,,0.4036888276305866,-1.435962409526821,2.2433400647879944
Scorpio,452,34,7.52212389380531,2025-07-11,2026-09-14,430,287,True,,-7.1148227109386095,-14.153035356983423,-0.07661006489379574
Seattle Mariners fan,456,12,2.631578947368421,2025-07-08,2026-09-12,431,283,True,,-3.4319331327075995,-7.8610451124427145,0.9971788470275156
Seattle Seahawks fan,1280,67,5.234375,2025-07-08,2026-09-15,434,403,True,,1.2919116062141063,-2.2286772896141493,4.8125005020423615
Seventh-day Adventist,432,5,1.1574074074074074,2025-07-08,2026-09-15,434,278,True,,0.4459833341765987,-2.53534609116318,3.427312759516378
Shinto,376,4,1.0638297872340425,2025-07-08,2026-09-15,434,261,True,,-2.058170815052653,-5.091020102075603,0.974678471970297
Sikh,373,0,0.0,2025-07-09,2026-09-15,433,247,True,,0.0,0.0,0.0
Socialist,1226,243,19.820554649265905,2025-07-08,2026-09-15,434,404,True,,2.9368995822846444,-3.5761591451374763,9.449958309706766
Spiritual but not religious,1248,486,38.94230769230769,2025-07-08,2026-09-14,433,405,True,,4.699125264096267,-3.461356225459978,12.859606753652512
St. Louis Cardinals fan,425,19,4.470588235294118,2025-07-09,2026-09-15,433,282,True,,0.34340322776815047,-5.4723880656005965,6.1591945211368975
Star Trek fan,373,108,28.9544235924933,2025-07-09,2026-09-14,432,257,True,,3.6925521910265457,-9.705410517947307,17.090514900000397
Star Wars fan,429,165,38.46153846153847,2025-07-08,2026-09-15,434,279,True,,-4.46436149105327,-18.424531892610748,9.49580891050421
Tampa Bay Buccaneers fan,1240,53,4.274193548387097,2025-07-08,2026-09-15,434,404,True,,-0.38728029020008226,-3.7325417177986564,2.957981137398492
Tampa Bay Rays fan,410,9,2.195121951219512,2025-07-09,2026-09-15,433,266,True,,0.7699982065779905,-3.3867868974776743,4.926783310633655
Taoist,420,9,2.142857142857143,2025-07-09,2026-09-14,432,266,True,,-2.5381508826338184,-6.641705562540385,1.5654037972727481
Taurus,423,28,6.619385342789598,2025-07-08,2026-09-15,434,271,True,,0.3746408609156265,-6.524636739294211,7.273918461125463
Taylor Swift fan,401,85,21.197007481296758,2025-07-08,2026-09-15,434,277,True,,-4.158605748165125,-15.968129505263068,7.650918008932817
Tennessee Titans fan,1269,41,3.230890464933018,2025-07-08,2026-09-15,434,403,True,,-0.3373982612245774,-3.1793986200726754,2.5046020976235206
Tesla owner,440,8,1.8181818181818181,2025-07-09,2026-09-15,433,282,True,,-2.3965880598805094,-6.044605739752811,1.251429619991792
Texas Rangers fan,412,18,4.368932038834951,2025-07-08,2026-09-15,434,270,True,,1.0888263377826601,-4.666853923442833,6.844506599008154
The Beatles fan,446,181,40.582959641255606,2025-07-10,2026-09-14,431,282,True,,1.928043708329182,-12.028333682239854,15.884421098898219
The Office fan,1324,545,41.1631419939577,2025-07-08,2026-09-15,434,414,True,,-3.50637300726975,-11.228512728325683,4.215766713786182
The Rolling Stones fan,450,134,29.777777777777775,2025-07-08,2026-09-15,434,279,True,,2.4022251359731936,-10.180416847894469,14.984867119840855
The Simpsons fan,447,176,39.37360178970917,2025-07-08,2026-09-13,432,277,True,,2.161472758626131,-10.814454954919732,15.137400472171993
The Twilight Zone fan,1266,464,36.65086887835703,2025-07-08,2026-09-15,434,408,True,,-2.7675982155812604,-10.598712077147185,5.063515645984664
TikTok user,1206,504,41.7910447761194,2025-07-08,2026-09-15,434,409,True,,5.907231180978171,-2.2295500243554596,14.0440123863118
Toronto Blue Jays fan,413,9,2.1791767554479415,2025-07-08,2026-09-15,434,263,True,,-1.0005602965617426,-5.2284655725089895,3.2273449793855047
Toronto Raptors fan,447,6,1.342281879194631,2025-07-09,2026-09-15,433,282,True,,1.607697521135764,-1.5382823849104452,4.753677427181973
Trump supporter,392,93,23.72448979591837,2025-07-08,2026-09-14,433,248,True,,-5.03622348058969,-17.52593758919506,7.453490628015677
Twitter (X) user,453,209,46.13686534216336,2025-07-09,2026-09-14,432,278,True,,-7.689667912995586,-21.38760752203676,6.008271696045587
Uber driver,431,9,2.088167053364269,2025-07-08,2026-09-15,434,277,True,,-1.7992060270756147,-5.65088691082546,2.0524748566742312
Utah Jazz fan,374,11,2.941176470588235,2025-07-08,2026-09-14,433,255,True,,-0.016039624923078952,-4.875456670936563,4.8433774210904055
Virgo,434,40,9.216589861751153,2025-07-08,2026-09-15,434,269,True,,-0.17777497323255045,-7.985355182400499,7.629805235935398
WWE fan,1291,171,13.245546088303643,2025-07-08,2026-09-15,434,409,True,,1.0608306766788014,-4.411929074105603,6.5335904274632055
Washington Commanders fan,1285,34,2.6459143968871595,2025-07-08,2026-09-15,434,413,True,,-0.7550901428924448,-3.3320593328905987,1.821879047105709
Washington Nationals fan,397,9,2.2670025188916876,2025-07-09,2026-09-15,433,264,True,,-0.7973577183434829,-5.212196689687184,3.6174812530002183
Washington Wizards fan,443,4,0.9029345372460496,2025-07-08,2026-09-15,434,283,True,,0.16006272152554873,-2.4390961500385253,2.7592215930896224
Wiccan,404,10,2.4752475247524752,2025-07-08,2026-09-14,433,265,True,,-1.094381356381258,-5.664364472700355,3.475601759937839
Windows user,1289,985,76.41582622187742,2025-07-08,2026-09-15,434,408,True,,-3.2950229037314003,-10.177740333655867,3.587694526193067
YouTube user,417,378,90.64748201438849,2025-07-08,2026-09-14,433,266,True,,-9.002621627716332,-17.597493582405072,-0.4077496730275936
Zen Buddhist,1219,34,2.7891714520098443,2025-07-08,2026-09-15,434,403,True,,1.5462436462079854,-1.1338474466876534,4.226334739103624
Zoroastrian,402,0,0.0,2025-07-08,2026-09-15,434,272,True,,0.0,0.0,0.0
accelerationist,370,15,4.054054054054054,2025-07-09,2026-09-15,433,259,True,,-7.174505152089759,-13.069916157426082,-1.2790941467534376
accountant,399,26,6.516290726817042,2025-07-08,2026-09-15,434,261,True,,2.5221013566363406,-4.604039343282915,9.648242056555597
active,1285,905,70.42801556420234,2025-07-08,2026-09-15,434,403,True,,-5.313113815581319,-12.619828894543986,1.993601263381347
activist,415,71,17.10843373493976,2025-07-10,2026-09-13,430,282,True,,2.7004939320702745,-8.111795255002034,13.512783119142584
actor,415,9,2.1686746987951806,2025-07-08,2026-09-15,434,257,True,,-0.15480014616366933,-4.335615797712576,4.026015505385237
addict,394,45,11.421319796954315,2025-07-08,2026-09-13,432,273,True,,-2.0460954006297447,-11.09871752697438,7.006526725714889
administrative assistant,413,36,8.716707021791766,2025-07-08,2026-09-15,434,272,True,,-0.7832094102533975,-8.54637642454722,6.979957604040424
adoptive parent,436,12,2.7522935779816518,2025-07-08,2026-09-15,434,281,True,,-1.696280905002532,-6.233919871308061,2.841358061302996
adventurous,1334,742,55.62218890554723,2025-07-08,2026-09-15,434,410,True,,1.0096623208800193,-6.9266629827698925,8.94598762452993
agnostic,397,126,31.738035264483628,2025-07-10,2026-09-15,432,277,True,,-7.517641118901479,-21.344520162242283,6.309237924439324
alcoholic,430,30,6.976744186046512,2025-07-08,2026-09-15,434,258,True,,-3.1744617206627,-10.50667530006891,4.15775185874351
alumni,417,243,58.27338129496403,2025-07-09,2026-09-15,433,271,True,,0.7432545118848772,-13.350915458938934,14.83742448270869
amateur artist,416,108,25.961538461538463,2025-07-08,2026-09-15,434,274,True,,17.11027051058199,4.5936332816615035,29.626907739502478
amateur chef,350,105,30.0,2025-07-08,2026-09-14,433,244,True,,10.912958457181213,-4.08649811060153,25.912415024963956
anti-Trump,1206,764,63.349917081260365,2025-07-08,2026-09-15,434,404,True,,9.700714527650183,1.8691541677160686,17.532274887584297
anxious,8873,4214,47.49239265186521,2025-07-08,2026-09-15,434,425,True,,5.913958289891175,2.8697884658729578,8.958128113909392
apolitical,8403,1313,15.625371890991314,2025-07-08,2026-09-15,434,425,True,,1.530723722080014,-0.7492239740050097,3.810671418165038
app developer,1341,55,4.1014168530947055,2025-07-08,2026-09-15,434,413,True,,0.21483464662702015,-2.839486891227831,3.2691561844818713
architect,435,15,3.4482758620689653,2025-07-08,2026-09-14,433,274,True,,2.7666195348566474,-2.251765898041465,7.78500496775476
aromantic,422,50,11.848341232227488,2025-07-08,2026-09-14,433,260,True,,-3.550830241897348,-12.681852986864245,5.580192503069549
artist,8394,2554,30.426495115558733,2025-07-08,2026-09-15,434,418,True,,5.91734024040391,2.8869955461344685,8.947684934673353
artistic,1238,566,45.718901453958,2025-07-08,2026-09-15,434,405,True,,11.767314038508031,3.669920665369773,19.86470741164629
asexual,410,27,6.585365853658537,2025-07-08,2026-09-11,430,268,True,,-0.7303246677385699,-7.6538242717274505,6.193174936250311
aspiring artist,407,76,18.67321867321867,2025-07-08,2026-09-14,433,264,True,,13.402741092953427,1.9729635942610813,24.832518591645773
aspiring author,437,67,15.331807780320366,2025-07-10,2026-09-15,432,285,True,,-4.677589582624426,-14.360126162551564,5.004946997302712
assertive,1254,588,46.889952153110045,2025-07-08,2026-09-15,434,400,True,,0.6354265504193043,-7.494275442703095,8.765128543541703
assistant,1290,167,12.945736434108527,2025-07-08,2026-09-15,434,409,True,,-0.9781934420519806,-6.393045708589628,4.436658824485666
astronomer,448,6,1.3392857142857142,2025-07-09,2026-09-15,433,280,True,,1.210738764292339,-1.9043284421551114,4.32580597073979
atheist,1274,312,24.489795918367346,2025-07-08,2026-09-15,434,411,True,,1.38096264260368,-5.61803479210306,8.37996007731042
athlete,1298,206,15.870570107858242,2025-07-08,2026-09-15,434,410,True,,0.25325003475633906,-5.624544635416346,6.131044704929024
aunt,1301,466,35.81860107609531,2025-07-08,2026-09-15,434,411,True,,2.594616416394732,-5.034713322708535,10.223946155498
author,398,62,15.577889447236181,2025-07-08,2026-09-14,433,252,True,,4.165151396356115,-6.117749115090883,14.448051907803112
autistic,1246,117,9.390048154093098,2025-07-08,2026-09-14,433,404,True,,2.539231722445997,-2.2603475687511456,7.33881101364314
autodidact,312,35,11.217948717948719,2025-07-10,2026-09-15,432,225,True,,10.617717676877165,0.3031152842498024,20.932320069504527
banker,405,9,2.2222222222222223,2025-07-08,2026-09-15,434,272,True,,-1.7882821418938173,-6.054507919862686,2.477943636075051
bankrupt,415,20,4.819277108433735,2025-07-09,2026-09-15,433,276,True,,4.104296741886956,-1.8179992388701667,10.026592722644079
barber,1236,11,0.889967637540453,2025-07-08,2026-09-15,434,411,True,,0.6893705530634858,-0.8320547492010161,2.2107958553279876
bargain hunter,434,322,74.19354838709677,2025-07-09,2026-09-15,433,277,True,,1.4881441297379436,-10.968593724966608,13.944881984442494
bartender,402,6,1.4925373134328357,2025-07-09,2026-09-14,432,261,True,,-1.3133707873869063,-4.8282886459837595,2.2015470712099465
basketball fan,1231,481,39.07392363931763,2025-07-08,2026-09-15,434,412,True,,-3.2238959565036196,-11.159696247359383,4.711904334352143
beach lover,424,262,61.79245283018868,2025-07-08,2026-09-15,434,273,True,,5.788551101856521,-7.513033209803659,19.090135413516702
beautiful,445,185,41.57303370786517,2025-07-08,2026-09-15,434,275,True,,24.40523839955131,11.123902995821057,37.68657380328156
beer lover,8416,2565,30.47766159695818,2025-07-08,2026-09-15,434,414,True,,-4.28575803761937,-7.315629875090638,-1.2558862001481028
bi,422,46,10.90047393364929,2025-07-08,2026-09-14,433,260,True,,-0.07982371815806466,-8.70215747394619,8.542510037630063
bisexual,416,48,11.538461538461538,2025-07-10,2026-09-14,431,266,True,,7.391440056250782,-1.558005852797117,16.340885965298682
bitcoin trader,432,52,12.037037037037036,2025-07-10,2026-09-15,432,281,True,,-9.466589857968916,-18.230213924305758,-0.7029657916320762
black belt,468,10,2.1367521367521367,2025-07-10,2026-09-15,432,271,True,,2.9916172491964494,-0.8243967869091091,6.8076312853020085
blessed,1179,845,71.67090754877015,2025-07-08,2026-09-15,434,404,True,,6.535907791095068,-0.9436768894697298,14.015492471659865
blind,409,2,0.4889975550122249,2025-07-08,2026-09-15,434,278,True,,0.42206194508931494,-1.5923785034768931,2.4365023936555232
blogger,465,36,7.741935483870968,2025-07-10,2026-09-13,430,295,True,,-0.524904982147019,-7.761654422089891,6.711844457795853
board game enthusiast,1212,431,35.56105610561056,2025-07-09,2026-09-15,433,405,True,,6.387672637319652,-1.5845513402222062,14.359896614861512
bold,417,146,35.011990407673856,2025-07-08,2026-09-15,434,274,True,,7.692292465387103,-5.856808335404462,21.24139326617867
boy,1274,383,30.062794348508636,2025-07-08,2026-09-15,434,410,True,,-5.291244446595056,-12.746402914912302,2.1639140217221913
boyfriend,1277,132,10.33672670321065,2025-07-08,2026-09-15,434,406,True,,-3.0101772902964017,-7.9189359843862235,1.89858140379342
brother,1335,527,39.47565543071161,2025-07-08,2026-09-15,434,402,True,,-6.472871031695705,-14.09580273605022,1.1500606726588103
bus driver,445,2,0.44943820224719105,2025-07-08,2026-09-14,433,274,True,,-0.9097621058807576,-2.7050791397142304,0.8855549279527154
busy,1300,873,67.15384615384615,2025-07-08,2026-09-15,434,413,True,,5.672574416503262,-1.7513306724627364,13.096479505469262
caffeine addict,427,204,47.7751756440281,2025-07-08,2026-09-14,433,278,True,,-8.257635925481308,-21.815533604215332,5.300261753252716
calm,8822,7542,85.49081840852415,2025-07-08,2026-09-15,434,425,True,,-0.5884653047550564,-2.7439960204738596,1.5670654109637465
camper,418,98,23.444976076555022,2025-07-09,2026-09-15,433,272,True,,1.7209055939950682,-10.410808828773368,13.852620016763504
cancer survivor,406,11,2.70935960591133,2025-07-09,2026-09-15,433,270,True,,0.18075393577880475,-4.629950558394582,4.991458429952192
careful,1206,1117,92.62023217247098,2025-07-08,2026-09-15,434,398,True,,2.947479392691977,-1.4125010511744902,7.307459836558444
caregiver,413,161,38.983050847457626,2025-07-08,2026-09-15,434,262,True,,0.01008230962308232,-14.185474073996602,14.205638693242765
careless,1265,112,8.853754940711463,2025-07-08,2026-09-15,434,409,True,,0.12038474532617956,-4.494458514556399,4.735228005208759
carpenter,399,11,2.756892230576441,2025-07-08,2026-09-15,434,257,True,,0.7844758238260814,-3.802916806253738,5.371868453905901
cashier,401,8,1.99501246882793,2025-07-08,2026-09-14,433,263,True,,0.9784387904922902,-2.9868638928599855,4.943741473844566
cat person,427,230,53.86416861826698,2025-07-08,2026-09-14,433,268,True,,6.43033654566416,-7.74147267828697,20.60214576961529
cautious,1269,1073,84.55476753349093,2025-07-08,2026-09-15,434,408,True,,0.5110805764308896,-5.380831234110876,6.402992386972655
centrist,406,82,20.19704433497537,2025-07-08,2026-09-15,434,272,True,,-0.6992299909948366,-11.852125418786306,10.453665436796632
charismatic,1300,603,46.38461538461539,2025-07-08,2026-09-15,434,411,True,,-6.324080186696435,-14.20737936799881,1.5592189946059403
chef,419,53,12.649164677804295,2025-07-08,2026-09-14,433,269,True,,-4.913374656026224,-14.166637879742861,4.339888567690413
childcare worker,403,12,2.977667493796526,2025-07-08,2026-09-15,434,270,True,,7.286168520368289,2.235734796430914,12.336602244305663
chiropractor,420,2,0.4761904761904762,2025-07-08,2026-09-15,434,266,True,,-0.004959165034611312,-1.9391286185207364,1.9292102884515139
churchgoer,8804,1983,22.523852794184464,2025-07-08,2026-09-15,434,425,True,,-0.9799361954022188,-3.5412854785261865,1.581413087721749
climate activist,417,95,22.781774580335732,2025-07-08,2026-09-15,434,272,True,,0.8189637421824156,-11.129620115905327,12.767547600270158
coach,451,29,6.430155210643015,2025-07-08,2026-09-15,434,285,True,,7.635219084806801,1.1496170322193953,14.120821137394206
coder,426,46,10.7981220657277,2025-07-08,2026-09-15,434,267,True,,-5.0787247056268,-13.900655713814412,3.7432063025608135
collector,448,152,33.92857142857143,2025-07-08,2026-09-10,429,272,True,,8.995078761211316,-3.597258898986528,21.58741642140916
comedian,406,53,13.054187192118228,2025-07-09,2026-09-15,433,275,True,,-0.20669892791077668,-9.912250016514383,9.49885216069283
comedy fan,438,340,77.6255707762557,2025-07-08,2026-09-15,434,267,True,,-8.316371842040175,-20.036978334701203,3.4042346506208556
commuter,449,154,34.29844097995546,2025-07-12,2026-09-14,429,280,True,,0.808643059326374,-11.491299236316852,13.108585354969602
compassionate,1307,1159,88.67635807192042,2025-07-08,2026-09-15,434,407,True,,1.8625125330164594,-3.2520176378463717,6.97704270387929
composer,421,24,5.7007125890736345,2025-07-08,2026-09-13,432,274,True,,6.615606941943085,0.104910078320815,13.126303805565355
computer geek,404,128,31.683168316831683,2025-07-08,2026-09-15,434,262,True,,-6.281861343683741,-19.368469760605002,6.804747073237519
computer nerd,425,138,32.470588235294116,2025-07-08,2026-09-14,433,274,True,,-2.560178811765274,-16.101797732623595,10.981440109093048
confident,8781,6053,68.93292335724861,2025-07-08,2026-09-15,434,425,True,,-1.223361758437352,-4.062151185680126,1.6154276688054219
conservative,1222,389,31.833060556464808,2025-07-08,2026-09-15,434,410,True,,-1.2640548382311732,-8.777151338657823,6.249041662195478
consistent,422,367,86.96682464454977,2025-07-08,2026-09-15,434,269,True,,1.8582062060292808,-7.580965114137315,11.297377526195877
construction worker,447,15,3.3557046979865772,2025-07-08,2026-09-15,434,289,True,,-4.875993326800527,-9.821904485614846,0.06991783201379143
consultant,413,51,12.34866828087167,2025-07-08,2026-09-14,433,265,True,,1.6088719257078055,-7.694342111306271,10.912085962721882
contemplative,434,337,77.64976958525345,2025-07-10,2026-09-14,431,279,True,,-4.8566484948831725,-16.35130826542101,6.638011275654668
content,1215,860,70.78189300411523,2025-07-08,2026-09-15,434,406,True,,-6.041430093549613,-13.479383318804743,1.3965231317055187
content creator,419,70,16.706443914081145,2025-07-09,2026-09-15,433,257,True,,4.897466016958271,-5.533463256822904,15.328395290739445
control freak,1215,240,19.753086419753085,2025-07-08,2026-09-15,434,402,True,,-1.5690342211844726,-8.245859231962088,5.1077907895931425
cook,369,211,57.18157181571816,2025-07-10,2026-09-15,432,255,True,,3.748127132190762,-11.466636808686435,18.962891073067958
cool,1183,721,60.946745562130175,2025-07-09,2026-09-15,433,410,True,,5.436661824792438,-2.7527922233810305,13.626115872965906
creative,1315,959,72.92775665399239,2025-07-08,2026-09-14,433,407,True,,-1.7623992500389147,-8.676679829755285,5.151881329677455
creator,1253,458,36.55227454110136,2025-07-08,2026-09-15,434,407,True,,10.52089142226002,2.6324047914333732,18.409378053086666
critical,453,188,41.501103752759384,2025-07-10,2026-09-15,432,276,True,,11.735489484596828,-1.08826496120966,24.559243930403316
curious,8908,7837,87.97709923664122,2025-07-08,2026-09-15,434,425,True,,1.4128680298150036,-0.5691409192520731,3.3948769788820803
customer service representative,407,50,12.285012285012286,2025-07-08,2026-09-15,434,259,True,,2.2718392982465434,-7.405605075867795,11.949283672360883
dad,1260,227,18.015873015873016,2025-07-08,2026-09-15,434,402,True,,-4.066568394725516,-10.19483650246492,2.0616997130138888
data analyst,411,77,18.734793187347933,2025-07-08,2026-09-15,434,254,True,,-1.6374244538576819,-12.687646745730408,9.412797838015045
data nerd,427,131,30.679156908665107,2025-07-09,2026-09-15,433,278,True,,-10.8458936461697,-23.367172877852745,1.6753855855133448
daughter,1269,630,49.645390070921984,2025-07-08,2026-09-15,434,411,True,,8.637858429288443,0.6740936157127013,16.601623242864186
deaf,417,7,1.6786570743405276,2025-07-09,2026-09-14,432,259,True,,3.383824514495385,-0.20347559025681417,6.971124619247584
decisive,1225,825,67.3469387755102,2025-07-08,2026-09-15,434,406,True,,-4.459591859610058,-12.159124564926767,3.239940845706651
delivery driver,441,16,3.6281179138321997,2025-07-08,2026-09-13,432,272,True,,0.9556889203067027,-4.225836962101431,6.137214802714835
dentist,414,1,0.24154589371980675,2025-07-10,2026-09-15,432,272,True,,0.8500061150221547,-0.5107554508471421,2.2107676808914514
designer,455,61,13.406593406593407,2025-07-08,2026-09-15,434,277,True,,-2.952616744504779,-11.94898070402022,6.043747215010663
determined,402,353,87.81094527363184,2025-07-09,2026-09-14,432,267,True,,-0.29315656484133,-9.649800359536465,9.063487229853804
developer,460,41,8.91304347826087,2025-07-08,2026-09-13,432,281,True,,-0.5784100165940464,-8.18833251723541,7.031512484047315
diplomatic,403,215,53.349875930521094,2025-07-08,2026-09-12,431,264,True,,1.202935675820792,-13.359827488090236,15.765698839731819
director,444,22,4.954954954954955,2025-07-08,2026-09-14,433,275,True,,-3.146656585825742,-9.140931020459185,2.847617848807701
disabled,425,53,12.470588235294118,2025-07-08,2026-09-15,434,264,True,,-8.355881859793804,-17.658479163662196,0.946715444074588
divorced,1259,202,16.044479745830024,2025-07-08,2026-09-15,434,403,True,,-2.669165085687897,-8.568694078970863,3.2303639075950685
doctor,437,8,1.8306636155606408,2025-07-08,2026-09-14,433,269,True,,-3.6896108437964794,-7.310532771536837,-0.06868891605612149
dog person,409,271,66.25916870415648,2025-07-08,2026-09-15,434,275,True,,5.1983804628470995,-7.961234211617452,18.35799513731165
dreamer,8800,6059,68.85227272727272,2025-07-08,2026-09-15,434,425,True,,5.918147347662401,3.083805602299756,8.752489093025046
driver,431,321,74.47795823665894,2025-07-10,2026-09-15,432,267,True,,1.4878940481587497,-10.577868322964118,13.55365641928162
drone operator,1255,26,2.0717131474103585,2025-07-08,2026-09-15,434,403,True,,-0.9200551967606073,-3.209303157059126,1.369192763537911
drummer,406,20,4.926108374384237,2025-07-12,2026-09-14,429,272,True,,-1.495888111683307,-7.712998993618701,4.721222770252087
dungeon master,410,12,2.9268292682926833,2025-07-08,2026-09-15,434,272,True,,-1.0063924811993212,-5.7568752987231235,3.744090336324481
eSports competitor,428,16,3.7383177570093453,2025-07-08,2026-09-15,434,274,True,,-1.8924386083228928,-7.056087216405308,3.271209999759522
eSports fan,458,66,14.41048034934498,2025-07-08,2026-09-14,433,280,True,,-3.8590458532183702,-13.209731563040933,5.491639856604191
early adopter,1222,354,28.96890343698854,2025-07-08,2026-09-15,434,401,True,,-4.574031428018429,-12.039493510552703,2.891430654515845
early riser,389,246,63.239074550128535,2025-07-08,2026-09-15,434,263,True,,2.986948783043466,-10.995977155768271,16.969874721855202
economist,422,41,9.715639810426541,2025-07-08,2026-09-15,434,271,True,,-0.7039277325204228,-8.966337469333762,7.558482004292916
editor,394,52,13.19796954314721,2025-07-10,2026-09-15,432,265,True,,2.1554790471403273,-7.639381247442129,11.950339341722783
educator,1219,230,18.867924528301888,2025-07-08,2026-09-15,434,402,True,,2.8020074490623954,-3.6183521731324393,9.22236707125723
efficient,426,346,81.2206572769953,2025-07-10,2026-09-14,431,271,True,,5.897740400616039,-4.937678268193297,16.733159069425376
electric car driver,391,27,6.905370843989769,2025-07-09,2026-09-14,432,257,True,,-4.243774352953337,-11.474255813900157,2.9867071079934826
empathetic,1270,1114,87.71653543307086,2025-07-08,2026-09-15,434,399,True,,2.6618206057947504,-2.504527662599775,7.828168874189275
employed,1257,946,75.25855210819411,2025-07-08,2026-09-14,433,411,True,,-7.662684477829049,-14.67633213426085,-0.6490368213972477
energetic,8823,4652,52.72583021647965,2025-07-08,2026-09-15,434,425,True,,1.8225336599078128,-1.2319811478044307,4.877048467620057
engaged,465,127,27.311827956989248,2025-07-08,2026-09-14,433,272,True,,-8.369711247505627,-20.534542662074763,3.7951201670635104
engineer,418,35,8.373205741626794,2025-07-09,2026-09-15,433,259,True,,3.9250329772699417,-3.6155963033856042,11.465662257925487
entrepreneur,437,118,27.002288329519452,2025-07-08,2026-09-15,434,282,True,,3.1077146793419965,-9.06344940048464,15.27887875916863
environmentalist,419,201,47.97136038186158,2025-07-08,2026-09-15,434,260,True,,-3.950006111365841,-17.926819266499077,10.026807043767395
event planner,418,44,10.526315789473683,2025-07-09,2026-09-14,432,273,True,,2.4465318837644365,-6.02006188637049,10.913125653899362
exhausted,420,173,41.19047619047619,2025-07-08,2026-09-14,433,277,True,,17.871565570220504,4.772721315560069,30.97040982488094
existentialist,431,92,21.34570765661253,2025-07-09,2026-09-14,432,283,True,,2.2292215212991913,-9.085696977993381,13.544140020591763
extravagant,1275,133,10.431372549019608,2025-07-08,2026-09-15,434,413,True,,5.308238188243621,0.4060538748757532,10.21042250161149
extroverted,1256,347,27.627388535031848,2025-07-08,2026-09-15,434,409,True,,-1.2575671797725922,-8.480147924854414,5.9650135653092295
factory worker,1315,46,3.4980988593155895,2025-07-08,2026-09-15,434,412,True,,2.100687485276998,-0.7989739047188484,5.000348875272844
failure,1269,183,14.420803782505912,2025-07-08,2026-09-15,434,406,True,,-0.27912500749447555,-6.071318483881634,5.5130684688926825
family-oriented,1256,978,77.86624203821655,2025-07-08,2026-09-15,434,409,True,,-0.3066496100095738,-6.996958172038288,6.3836589520191405
fan,413,228,55.205811138014525,2025-07-08,2026-09-15,434,263,True,,-4.006996111238035,-17.87438388752326,9.86039166504719
far-left,420,105,25.0,2025-07-08,2026-09-14,433,275,True,,4.505378262850175,-8.044718877380355,17.055475403080703
far-right,424,39,9.19811320754717,2025-07-08,2026-09-15,434,270,True,,-6.018535266148902,-14.149686091405039,2.112615559107235
farmer,429,14,3.263403263403263,2025-07-09,2026-09-15,433,263,True,,2.9738723581421747,-1.9887508898791406,7.93649560616349
father,1317,233,17.691723614274867,2025-07-09,2026-09-15,433,410,True,,-0.45088342160418265,-6.579909972763586,5.67814312955522
feminist,405,179,44.19753086419753,2025-07-11,2026-09-15,431,275,True,,5.824873204310583,-8.452538734206946,20.102285142828112
film lover,405,289,71.35802469135803,2025-07-08,2026-09-15,434,273,True,,0.15612722144903193,-13.275510448202175,13.587764891100237
financial advisor,430,23,5.348837209302325,2025-07-08,2026-09-15,434,273,True,,1.4286707626585193,-4.692187889329089,7.549529414646129
finsta user,394,21,5.32994923857868,2025-07-11,2026-09-14,430,262,True,,2.3212597184117088,-4.2617629708040585,8.904282407627475
firefighter,445,6,1.348314606741573,2025-07-08,2026-09-14,433,281,True,,1.556688802641031,-1.6221892388724048,4.735566844154467
fiscal conservative,439,135,30.751708428246015,2025-07-08,2026-09-14,433,273,True,,-8.033098543586405,-20.708611609431422,4.64241452225861
fit,1287,592,45.998445998445995,2025-07-08,2026-09-15,434,407,True,,3.8182617435697943,-4.14486400003538,11.78138748717497
fitness trainer,418,12,2.8708133971291865,2025-07-09,2026-09-15,433,274,True,,1.2601778514767432,-3.48148081770067,6.001836520654156
flight attendant,425,1,0.2352941176470588,2025-07-08,2026-09-13,432,271,True,,-0.07617562661367637,-1.4562427668799975,1.3038915136526448
food lover,438,373,85.15981735159818,2025-07-08,2026-09-15,434,266,True,,1.491342651065891,-8.732749659353946,11.715434961485727
foodie,406,218,53.69458128078818,2025-07-08,2026-09-15,434,266,True,,-1.5925443682663236,-15.916314830406048,12.7312260938734
forgiving,423,327,77.30496453900709,2025-07-09,2026-09-15,433,275,True,,3.306278857477915,-7.811973169406157,14.424530884361987
former smoker,411,109,26.520681265206814,2025-07-09,2026-09-14,432,265,True,,-5.43469760364344,-18.115590827676794,7.246195620389915
foster parent,372,4,1.0752688172043012,2025-07-09,2026-09-15,433,245,True,,-4.195408379618337,-7.24809601207582,-1.1427207471608547
founder,424,44,10.377358490566039,2025-07-08,2026-09-13,432,274,True,,-0.10797597212890235,-8.964930657803032,8.74897871354523
freedom lover,417,374,89.68824940047962,2025-07-08,2026-09-15,434,271,True,,2.222295876296712,-6.383187361675729,10.827779114269154
freelancer,414,172,41.54589371980676,2025-07-09,2026-09-13,431,266,True,,4.147826709755424,-10.107656021456283,18.40330944096713
frequent flyer,429,60,13.986013986013987,2025-07-08,2026-09-13,432,277,True,,-1.421502284609293,-10.982762467707868,8.139757898489282
freshman,1240,20,1.6129032258064515,2025-07-08,2026-09-15,434,406,True,,-0.027080118454400757,-2.0724881730662714,2.01832793615747
friend,8865,8139,91.81049069373942,2025-07-08,2026-09-15,434,425,True,,-0.104352177451124,-1.7786130213600737,1.5699086664578257
friendly,1239,1132,91.36400322841001,2025-07-08,2026-09-15,434,407,True,,6.0235708890917605,1.4704754888797167,10.576666289303805
frugal,1234,856,69.3679092382496,2025-07-08,2026-09-15,434,406,True,,-0.32101396836032786,-7.995227516419892,7.353199579699236
fun,1244,922,74.11575562700965,2025-07-08,2026-09-15,434,416,True,,-2.1271350441321184,-9.190160174043655,4.935890085779419
funeral director,18,0,0.0,2025-07-09,2025-07-20,11,10,False,fewer than 300 observations; span shorter than 180 days; fewer than 30 dates,,,
funny,1270,952,74.96062992125985,2025-07-08,2026-09-15,434,405,True,,6.522017412478702,-0.4780543283718739,13.522089153329278
futures trader,394,27,6.852791878172589,2025-07-08,2026-09-15,434,270,True,,0.32594354163953326,-6.998625854848396,7.650512938127462
gambler,402,68,16.91542288557214,2025-07-12,2026-09-15,430,264,True,,-2.695029792226312,-13.894781562799881,8.50472197834726
game designer,395,8,2.0253164556962027,2025-07-09,2026-09-14,432,267,True,,0.22644504977251131,-3.9397868549480153,4.392676954493038
game nerd,405,149,36.79012345679013,2025-07-08,2026-09-15,434,269,True,,4.332248105671499,-9.423884071804206,18.088380283147202
gamer,8386,4129,49.23682327689006,2025-07-09,2026-09-15,433,415,True,,0.8002480331551857,-2.4969980423469638,4.097494108657335
gardener,464,119,25.646551724137932,2025-07-08,2026-09-15,434,289,True,,8.166902156761918,-3.4452025165644233,19.779006830088257
gay,1301,92,7.071483474250577,2025-07-08,2026-09-15,434,412,True,,3.741054387560733,-0.34007836237397093,7.822187137495437
geek,1276,466,36.52037617554859,2025-07-08,2026-09-15,434,406,True,,3.6970835969872438,-3.889408230988294,11.28357542496278
generous,373,288,77.21179624664879,2025-07-10,2026-09-13,430,253,True,,1.730827812678816,-11.48302602443189,14.944681649789523
gig worker,1236,589,47.653721682847895,2025-07-08,2026-09-15,434,402,True,,5.49772958568211,-2.6657557936554115,13.661214965019632
girl,1296,633,48.842592592592595,2025-07-08,2026-09-15,434,412,True,,8.604463092086947,0.7527965862920354,16.45612959788186
girlfriend,1240,183,14.758064516129032,2025-07-08,2026-09-15,434,401,True,,5.610717768323824,-0.17314142338901561,11.394576960036664
globalist,375,101,26.93333333333333,2025-07-09,2026-09-15,433,257,True,,1.8372805081058627,-10.999359763622104,14.67392077983383
gluten-free,385,29,7.532467532467532,2025-07-08,2026-09-15,434,256,True,,0.2760269018695303,-7.270362349822755,7.822416153561815
golf enthusiast,1232,119,9.659090909090908,2025-07-08,2026-09-15,434,410,True,,2.4644852427308415,-2.391472051583661,7.320442537045344
goth,427,18,4.215456674473068,2025-07-08,2026-09-15,434,281,True,,-0.31764175695743274,-6.000877991208764,5.365594477293898
grandfather,418,14,3.349282296650718,2025-07-08,2026-09-12,431,268,True,,-0.3560652988570612,-5.563290305743289,4.851159708029167
grandmother,437,44,10.068649885583524,2025-07-09,2026-09-15,433,274,True,,-5.228326705671588,-13.467814446871119,3.011161035527943
grandparent,380,44,11.578947368421053,2025-07-08,2026-09-12,431,262,True,,2.0284912646731676,-7.259396230865573,11.316378760211908
graphic designer,435,29,6.666666666666667,2025-07-08,2026-09-15,434,278,True,,0.9973424419526354,-5.8982533435894675,7.892938227494738
grateful,398,358,89.9497487437186,2025-07-08,2026-09-15,434,262,True,,10.72163210382279,2.302424846031375,19.140839361614205
guitar player,434,55,12.672811059907835,2025-07-10,2026-09-14,431,275,True,,-5.8536394465172314,-15.167259899110205,3.4599810060757417
guy,435,189,43.44827586206896,2025-07-08,2026-09-15,434,275,True,,4.140839309903449,-9.610873303252884,17.892551923059784
hairstylist,422,14,3.3175355450236967,2025-07-08,2026-09-14,433,275,True,,1.4275757428669178,-3.6936669114732816,6.548818397207118
handy,450,256,56.888888888888886,2025-07-08,2026-09-13,432,277,True,,1.269076996570585,-11.9938604844808,14.532014477621969
happy,8634,6637,76.87051192958073,2025-07-08,2026-09-15,434,425,True,,2.450326522163589,-0.15710503409380605,5.057758078420983
he/him,422,194,45.97156398104265,2025-07-08,2026-09-14,433,260,True,,-4.158701109337903,-18.576396619445227,10.258994400769422
healthy,8630,6742,78.12282734646581,2025-07-08,2026-09-15,434,425,True,,1.5288836227699458,-1.0287915841607513,4.0865588297006425
heartbroken,1290,187,14.496124031007751,2025-07-08,2026-09-15,434,405,True,,2.301580538284516,-3.2806892111506674,7.883850287719699
hiker,426,161,37.79342723004695,2025-07-08,2026-09-15,434,276,True,,3.124769229446192,-10.692726008185407,16.94226446707779
hip-hop fan,415,186,44.81927710843374,2025-07-09,2026-09-14,432,267,True,,12.077511757956735,-1.863211046596211,26.018234562509683
historian,392,56,14.285714285714285,2025-07-09,2026-09-15,433,267,True,,-4.556393311285464,-14.901270230581137,5.78848360801021
homemaker,413,120,29.055690072639223,2025-07-08,2026-09-15,434,276,True,,1.500077998110105,-11.654421908170189,14.654577904390397
homeowner,8829,4380,49.60924226979273,2025-07-08,2026-09-15,434,425,True,,-6.494501415238058,-9.549887255268459,-3.4391155752076576
homeschooling parent,394,17,4.314720812182741,2025-07-09,2026-09-15,433,257,True,,0.4426811663369601,-5.535254106568502,6.420616439242421
honest,1267,1222,96.44830307813733,2025-07-08,2026-09-15,434,408,True,,-2.110362231411645,-5.095296965856624,0.8745725030333347
hopeful,1210,967,79.91735537190083,2025-07-08,2026-09-15,434,410,True,,5.279663153748535,-1.4122678502283428,11.971594157725413
hopeless,1282,160,12.480499219968799,2025-07-08,2026-09-15,434,407,True,,-1.2200919045948289,-6.433519070101106,3.9933352609114476
horse rider,1357,89,6.5585851142225495,2025-07-08,2026-09-15,434,415,True,,-1.5505646996503155,-5.451958758103712,2.3508293588030806
housekeeper,415,98,23.6144578313253,2025-07-09,2026-09-14,432,281,True,,1.7240014598310471,-10.209579285915613,13.657582205577707
human,1235,1230,99.59514170040485,2025-07-08,2026-09-15,434,398,True,,0.1617297689003326,-0.8881224454173479,1.211581983218013
human resources specialist,440,18,4.090909090909091,2025-07-08,2026-09-15,434,274,True,,1.4878682595016293,-3.8342648411043743,6.810001360107632
humanist,357,211,59.103641456582636,2025-07-10,2026-09-13,430,247,True,,3.8482596258480286,-11.579196009138874,19.275715260834932
hunter,415,17,4.096385542168675,2025-07-08,2026-09-15,434,276,True,,-2.986814962601873,-8.542679923440677,2.5690499982369297
husband,1237,227,18.350848827809216,2025-07-08,2026-09-15,434,410,True,,-0.07755998563139402,-6.4312390485313085,6.27611907726852
iPhone user,432,258,59.72222222222222,2025-07-08,2026-09-15,434,269,True,,14.887280666037494,1.1522111448170023,28.622350187257986
illustrator,429,48,11.188811188811188,2025-07-08,2026-09-14,433,271,True,,3.3022645243251256,-5.4196417309686185,12.02417077961887
immigrant,458,19,4.148471615720524,2025-07-08,2026-09-14,433,293,True,,0.592714870813184,-4.735931176668183,5.9213609182945515
independent,1312,1069,81.47865853658537,2025-07-08,2026-09-14,433,415,True,,-2.4285157388022,-8.589147284794171,3.7321158071897713
influencer,454,26,5.726872246696035,2025-07-08,2026-09-15,434,289,True,,2.5986666362652326,-3.7744458435545583,8.971779116085024
insomniac,1251,300,23.980815347721823,2025-07-08,2026-09-15,434,409,True,,2.639527537963583,-4.55131939608288,9.830374472010046
instructor,424,66,15.566037735849056,2025-07-08,2026-09-13,432,271,True,,2.9743889670599235,-7.164263763497125,13.113041697616971
insurance agent,435,5,1.1494252873563218,2025-07-08,2026-09-15,434,272,True,,0.05426192044731442,-2.9229478048090165,3.031471645703645
introverted,8792,5961,67.80027297543221,2025-07-08,2026-09-15,434,425,True,,3.7761060778216615,0.9100524789944822,6.642159676648841
inventive,415,201,48.433734939759034,2025-07-08,2026-09-13,432,269,True,,-2.9327138970679285,-17.258991419428778,11.393563625292922
investor,8363,3844,45.96436685399976,2025-07-08,2026-09-15,434,416,True,,-5.566573304973526,-8.858690691120563,-2.2744559188264906
isolationist,400,57,14.249999999999998,2025-07-10,2026-09-14,431,270,True,,-6.087451195459526,-16.213397422071473,4.03849503115242
janitor,445,10,2.247191011235955,2025-07-10,2026-09-14,431,276,True,,-0.9611927337972771,-4.97365689941965,3.051271431825096
judge,1255,33,2.6294820717131477,2025-07-08,2026-09-15,434,412,True,,-1.1646698191118976,-3.7937290402818347,1.4643894020580397
judgmental,420,123,29.28571428571429,2025-07-08,2026-09-14,433,270,True,,5.751125099366906,-7.26772723125106,18.76997742998487
junior,1306,36,2.756508422664625,2025-07-08,2026-09-15,434,413,True,,2.1192336490854005,-0.48229544992956663,4.720762748100368
keto,414,30,7.246376811594203,2025-07-09,2026-09-08,426,268,True,,-4.106022500375531,-11.50874980798746,3.296704807236398
kind,430,395,91.86046511627907,2025-07-08,2026-09-09,428,272,True,,1.278843749152565,-6.534055051872366,9.091742550177496
knitter,433,34,7.852193995381063,2025-07-08,2026-09-13,432,263,True,,1.5995037395592888,-5.994428214218806,9.193435693337385
laborer,432,86,19.90740740740741,2025-07-08,2026-09-15,434,283,True,,3.2595875641733496,-7.848079479578399,14.367254607925098
lawyer,409,7,1.7114914425427872,2025-07-09,2026-09-15,433,267,True,,3.152761588096501,-0.6898393945350576,6.9953625707280604
leader,418,165,39.473684210526315,2025-07-12,2026-09-15,430,273,True,,3.57915086228126,-9.993030608110013,17.15133233267253
leftist,399,124,31.07769423558897,2025-07-12,2026-09-14,429,267,True,,13.063727763968883,-0.7057814420525421,26.83323696999031
lesbian,1244,28,2.2508038585209005,2025-07-08,2026-09-15,434,414,True,,1.4905846450004414,-0.9183953804561391,3.899564670457022
liberal,1262,651,51.58478605388272,2025-07-08,2026-09-15,434,415,True,,4.881326456227603,-3.1326200278631884,12.895272940318394
libertine,391,24,6.138107416879795,2025-07-08,2026-09-14,433,255,True,,-0.6887000259567057,-7.515373503985635,6.137973452072223
librarian,418,4,0.9569377990430622,2025-07-09,2026-09-15,433,267,True,,0.5372166858617939,-2.259717827726236,3.334151199449824
lifelong learner,409,362,88.50855745721272,2025-07-09,2026-09-15,433,278,True,,5.343331504441046,-3.509815070171804,14.196478079053897
liked,451,395,87.58314855875831,2025-07-22,2026-09-15,420,271,True,,-3.4825454125876663,-12.575007232470238,5.609916407294905
long-distance partner,432,35,8.101851851851851,2025-07-08,2026-09-15,434,278,True,,2.526837020220857,-5.203088436743926,10.25676247718564
loyal,472,441,93.4322033898305,2025-07-09,2026-09-15,433,288,True,,-3.3302625737520075,-9.877397318889315,3.2168721713853006
lurker,431,117,27.1461716937355,2025-07-08,2026-09-14,433,266,True,,5.956869577177422,-6.084257795679237,17.99799695003408
luxury buyer,434,45,10.368663594470046,2025-07-09,2026-09-15,433,281,True,,2.060906122684367,-6.352128156080443,10.473940401449177
maga,37,10,27.027027027027028,2025-07-08,2025-07-17,9,10,False,fewer than 300 observations; span shorter than 180 days; fewer than 30 dates,,,
male,8884,4167,46.90454750112562,2025-07-08,2026-09-15,434,425,True,,-6.872708203329695,-9.911198437681252,-3.834217968978137
mama,1244,368,29.581993569131832,2025-07-08,2026-09-15,434,401,True,,1.2982652945971167,-6.246841907191639,8.843372496385873
man,1235,590,47.77327935222672,2025-07-09,2026-09-15,433,408,True,,-8.474928062488498,-16.58576781595586,-0.3640883090211364
manager,1278,373,29.18622848200313,2025-07-08,2026-09-15,434,394,True,,-4.62041362526483,-11.758689440893061,2.5178621903633998
marathoner,1239,52,4.196933010492333,2025-07-09,2026-09-15,433,405,True,,0.9657094142714198,-2.2926536104061563,4.224072438948996
married,1228,483,39.33224755700326,2025-07-08,2026-09-15,434,403,True,,-1.4309264829549502,-9.553394629239275,6.6915416633293745
marvel fan,445,167,37.52808988764045,2025-07-09,2026-09-15,433,276,True,,-2.024112227398774,-15.485746116617026,11.437521661819478
mayor,423,3,0.7092198581560284,2025-07-08,2026-09-14,433,267,True,,-0.8144633160650094,-3.21629619455941,1.5873695624293915
mechanic,391,13,3.324808184143223,2025-07-09,2026-09-15,433,260,True,,2.4962214395592977,-3.003529884786298,7.995972763904893
meme creator,420,42,10.0,2025-07-08,2026-09-15,434,267,True,,-0.5959320743760584,-8.882961572676171,7.691097423924054
mentor,392,133,33.92857142857143,2025-07-08,2026-09-15,434,261,True,,4.667911576949459,-9.277758951814993,18.61358210571391
metalhead,401,66,16.458852867830423,2025-07-08,2026-09-13,432,258,True,,3.0286747980557043,-7.747564603316457,13.804914199427865
military personnel,1304,19,1.4570552147239262,2025-07-08,2026-09-15,434,415,True,,0.5028613993804635,-1.4077829071552483,2.413505705916175
misunderstood,417,146,35.011990407673856,2025-07-08,2026-09-15,434,271,True,,-1.2734009600794338,-14.644379294897757,12.09757737473889
mma fan,404,66,16.33663366336634,2025-07-09,2026-09-14,432,260,True,,-3.5670495431029265,-14.023463461748221,6.8893643755423675
model,422,10,2.3696682464454977,2025-07-08,2026-09-15,434,274,True,,-0.6385105082759756,-5.029031124668113,3.752010108116162
moderate,418,213,50.95693779904307,2025-07-09,2026-09-15,433,270,True,,2.612030690877645,-11.440502360941817,16.66456374269711
modest,422,355,84.12322274881517,2025-07-08,2026-09-14,433,262,True,,-5.838161699600388,-15.818731652149236,4.14240825294846
mom,1267,391,30.860299921073402,2025-07-08,2026-09-15,434,409,True,,-0.15048514654094666,-7.526331709034954,7.225361415953062
monogamist,393,282,71.7557251908397,2025-07-12,2026-09-15,430,264,True,,4.647641742468101,-8.747544275827012,18.042827760763217
mother,423,123,29.078014184397162,2025-07-08,2026-09-15,434,269,True,,4.876317823257198,-7.478274690169313,17.230910336683706
motivational speaker,400,15,3.75,2025-07-08,2026-09-15,434,272,True,,-3.226276293720927,-8.39007367204886,1.9375210846070061
movie lover,8839,6801,76.94309311008033,2025-07-08,2026-09-15,434,425,True,,-0.6609976811651168,-3.2386569167097647,1.9166615543795311
music nerd,408,174,42.64705882352941,2025-07-08,2026-09-15,434,270,True,,11.343794997011575,-2.310918441817611,24.998508435840762
musician,412,88,21.35922330097087,2025-07-09,2026-09-13,431,258,True,,-5.833149075848748,-17.34107344906154,5.674775297364041
mystery fan,430,214,49.76744186046512,2025-07-09,2026-09-15,433,269,True,,-5.59957858324277,-19.48388652060052,8.28472935411498
narcissist,447,15,3.3557046979865772,2025-07-09,2026-09-15,433,288,True,,1.614955300868487,-3.095266427529369,6.325177029266342
nationalist,390,62,15.897435897435896,2025-07-09,2026-09-14,432,263,True,,-3.0037764583058766,-13.318520659611519,7.310967742999765
nature lover,418,356,85.16746411483254,2025-07-08,2026-09-14,433,266,True,,6.2274849120676254,-3.5437865034002396,15.99875632753549
nba fan,405,129,31.851851851851855,2025-07-10,2026-09-14,431,261,True,,-14.266171307544381,-27.63724688454075,-0.8950957305480127
neighborly,416,285,68.50961538461539,2025-07-08,2026-09-15,434,283,True,,-2.332859759616605,-15.386019993986778,10.720300474753568
neo-conservative,417,8,1.9184652278177456,2025-07-08,2026-09-15,434,276,True,,2.0198662347668606,-1.8576959915846891,5.897428461118411
nephew,425,127,29.88235294117647,2025-07-08,2026-09-15,434,274,True,,-3.2608081115441965,-16.14093361493358,9.619317391845186
nerd,1259,564,44.79745830023828,2025-07-08,2026-09-15,434,409,True,,3.792353245402627,-4.129967713898699,11.714674204703952
nervous,1278,489,38.26291079812207,2025-07-08,2026-09-15,434,413,True,,7.547542585597003,-0.4122221138091886,15.507307285003193
neurodivergent,1166,286,24.528301886792452,2025-07-08,2026-09-15,434,407,True,,12.037869115492594,4.862468836864326,19.21326939412086
nft investor,424,9,2.1226415094339623,2025-07-09,2026-09-15,433,275,True,,0.18149733829736367,-3.9197377278978776,4.282732404492605
niece,1232,530,43.01948051948052,2025-07-08,2026-09-15,434,399,True,,12.749496840817109,4.871682785907849,20.627310895726367
night owl,1209,563,46.567411083540115,2025-07-08,2026-09-15,434,408,True,,1.2362617112527756,-6.99694889830113,9.46947232080668
non-denominational,386,121,31.34715025906736,2025-07-08,2026-09-13,432,261,True,,2.317216309013357,-11.231189536545251,15.865622154571966
non-voter,409,61,14.91442542787286,2025-07-08,2026-09-15,434,267,True,,1.9006652277971148,-7.591524709512882,11.392855165107111
nostalgic,419,296,70.64439140811456,2025-07-08,2026-09-15,434,270,True,,1.6244034021433127,-11.093253037454883,14.34205984174151
nurse,431,10,2.320185614849188,2025-07-08,2026-09-13,432,281,True,,1.3996538159120588,-2.913371398241903,5.71267903006602
old,1219,335,27.481542247744052,2025-07-08,2026-09-15,434,408,True,,-9.36103351532959,-16.613289111142237,-2.1087779195169443
online community moderator,444,36,8.108108108108109,2025-07-08,2026-09-13,432,276,True,,1.2716964131436526,-6.2245624207959445,8.767955247083249
opinionated,423,314,74.23167848699764,2025-07-08,2026-09-15,434,274,True,,3.39727306760352,-9.151049511627594,15.945595646834633
optimistic,1246,907,72.79293739967898,2025-07-08,2026-09-15,434,402,True,,3.2516595952169136,-4.011103238838835,10.514422429272662
organized,473,362,76.53276955602537,2025-07-08,2026-09-15,434,286,True,,8.225838118093638,-2.8210627250448184,19.272738961232093
outgoing,404,162,40.099009900990104,2025-07-08,2026-09-14,433,270,True,,-4.916969627470453,-18.849124170999087,9.015184916058178
overachiever,447,143,31.991051454138702,2025-07-10,2026-09-14,431,284,True,,8.066789362762359,-4.643746317251079,20.777325042775797
overthinker,404,280,69.3069306930693,2025-07-08,2026-09-14,433,261,True,,15.699292940501278,2.9021488841462304,28.496436996856325
owner,392,209,53.316326530612244,2025-07-08,2026-09-15,434,265,True,,0.40119042762026086,-13.866374694296127,14.668755549536648
paleo,399,11,2.756892230576441,2025-07-09,2026-09-15,433,264,True,,-2.977139192692859,-7.633446078856479,1.6791676934707604
pantheist,367,11,2.997275204359673,2025-07-10,2026-09-15,432,258,True,,0.5154041056450783,-4.5352692451762415,5.566077456466399
paralegal,442,5,1.1312217194570136,2025-07-08,2026-09-15,434,268,True,,-2.0185742190551257,-4.905113851029603,0.8679654129193519
parent,374,168,44.919786096256686,2025-07-08,2026-09-14,433,252,True,,-0.7258129158352651,-15.672559405108203,14.220933573437673
park ranger,454,3,0.6607929515418502,2025-07-08,2026-09-14,433,290,True,,-1.3621972107718896,-3.6116952039980212,0.8873007824542423
partner,438,250,57.077625570776256,2025-07-08,2026-09-15,434,275,True,,9.89585761065864,-3.781173276493929,23.572888497811206
partnered,422,220,52.13270142180095,2025-07-08,2026-09-14,433,272,True,,7.956779462561794,-5.663648638991212,21.5772075641148
pastor,429,2,0.4662004662004662,2025-07-09,2026-09-15,433,270,True,,1.4089364764921504,-0.43935937024433036,3.257232323228631
patient,409,294,71.88264058679707,2025-07-09,2026-09-15,433,275,True,,2.535248644863564,-9.826670120806138,14.897167410533267
patriot,1202,501,41.68053244592346,2025-07-08,2026-09-15,434,398,True,,-3.2856628985125833,-11.4647586763901,4.893432879364932
patriotic,398,199,50.0,2025-07-08,2026-09-15,434,264,True,,-1.32632699399528,-16.0903709112851,13.437716923294538
peaceful,382,333,87.17277486910994,2025-07-08,2026-09-14,433,259,True,,-7.615471470577148,-17.4355357711509,2.204592829996603
people-pleaser,449,204,45.43429844097995,2025-07-11,2026-09-15,431,271,True,,-1.771775771487918,-15.332578517555895,11.789026974580057
perfectionist,400,167,41.75,2025-07-09,2026-09-14,432,261,True,,8.491673127449678,-5.497148178250475,22.48049443314983
person,412,403,97.81553398058253,2025-07-10,2026-09-14,431,277,True,,-3.5337987197963416,-7.745048373470457,0.6774509338777737
personal assistant,1302,64,4.915514592933948,2025-07-08,2026-09-15,434,408,True,,2.688687809133762,-0.7637595100746908,6.141135128342215
pessimistic,438,135,30.82191780821918,2025-07-08,2026-09-14,433,278,True,,-2.1825387995809153,-14.715786068857504,10.350708469695675
pest control specialist,450,3,0.6666666666666667,2025-07-08,2026-09-12,431,283,True,,0.37012304650121464,-1.8239710407181378,2.5642171337205673
pharmacist,402,9,2.2388059701492535,2025-07-08,2026-09-15,434,259,True,,0.40903766929265434,-3.743375359995724,4.561450698581033
phd,413,11,2.663438256658596,2025-07-08,2026-09-14,433,270,True,,1.7207521612072965,-2.923420323999065,6.364924646413658
photographer,411,93,22.62773722627737,2025-07-08,2026-09-15,434,275,True,,4.396238560689036,-7.690869470892555,16.483346592270628
piano player,1276,151,11.833855799373042,2025-07-08,2026-09-15,434,412,True,,-1.5208274833044242,-6.739394720161348,3.6977397535525003
pilot,435,5,1.1494252873563218,2025-07-08,2026-09-12,431,274,True,,1.3144784796431794,-1.6988000221676616,4.32775698145402
planner,407,293,71.99017199017199,2025-07-10,2026-09-14,431,260,True,,-12.221800230013345,-24.41403320387804,-0.02956725614864908
plant parent,422,139,32.93838862559242,2025-07-08,2026-09-15,434,273,True,,1.5031189826261822,-11.897891073280375,14.904129038532739
plumber,425,2,0.4705882352941176,2025-07-08,2026-09-15,434,271,True,,1.5417115998771203,-0.3198675098189354,3.403290709573176
podcast host,431,5,1.160092807424594,2025-07-08,2026-09-15,434,272,True,,-0.024511409894425563,-3.0667531116733344,3.0177302918844835
podcaster,1321,22,1.6654049962149888,2025-07-08,2026-09-15,434,409,True,,-0.4462521114049082,-2.4306482567622956,1.538144033952479
poet,424,56,13.20754716981132,2025-07-08,2026-09-15,434,270,True,,0.08820401413135956,-9.842797838980296,10.019205867243016
police officer,439,5,1.1389521640091116,2025-07-09,2026-09-14,432,285,True,,-4.031092923509867,-6.934004130473641,-1.1281817165460928
politician,443,1,0.2257336343115124,2025-07-09,2026-09-14,432,269,True,,-1.0752336181110433,-2.3732914185933254,0.22282418237123847
polyamorous,436,10,2.293577981651376,2025-07-09,2026-09-15,433,281,True,,0.473521339188624,-3.5915841311421492,4.538626809519397
polyglot,392,25,6.377551020408164,2025-07-09,2026-09-14,432,260,True,,-3.8614535784400696,-11.025297518467202,3.302390361587062
polytheist,384,8,2.083333333333333,2025-07-09,2026-09-14,432,252,True,,4.202860955816371,-0.10180862166493387,8.507530533297675
poor,1301,427,32.82090699461953,2025-07-08,2026-09-15,434,411,True,,6.316580198724762,-1.1949752344477362,13.828135631897261
practical,434,393,90.55299539170507,2025-07-08,2026-09-12,431,275,True,,0.8482461119098142,-7.3345062437295905,9.03099846754922
prepper,406,98,24.137931034482758,2025-07-10,2026-09-15,432,274,True,,10.685286232993391,-1.6320563259121883,23.00262879189897
preppy,402,36,8.955223880597014,2025-07-12,2026-09-15,430,262,True,,3.948808190889228,-4.364419222751968,12.262035604530423
president,14,0,0.0,2025-07-11,2025-07-20,9,7,False,fewer than 300 observations; span shorter than 180 days; fewer than 30 dates,,,
pretty,416,173,41.58653846153847,2025-07-09,2026-09-13,431,262,True,,17.58884220329303,3.2471794922068877,31.93050491437917
pro-choice,411,299,72.74939172749392,2025-07-08,2026-09-15,434,267,True,,1.4282104248585616,-11.446513439959844,14.302934289676966
pro-life,403,139,34.49131513647642,2025-07-09,2026-09-10,428,265,True,,8.220385517105898,-6.163046877944518,22.603817912156316
procrastinator,385,180,46.75324675324675,2025-07-08,2026-09-15,434,259,True,,13.383913128534383,-1.2899905688173252,28.057816825886093
producer,445,55,12.359550561797752,2025-07-08,2026-09-15,434,282,True,,-1.7310747067195202,-10.501435295473891,7.039285882034852
professional,1217,781,64.17419884963024,2025-07-08,2026-09-15,434,409,True,,2.083724299496683,-5.916578753553715,10.084027352547082
professor,1294,49,3.786707882534776,2025-07-08,2026-09-14,433,404,True,,0.8967462261862479,-2.2064028773524824,3.999895329724978
programmer,407,38,9.336609336609335,2025-07-09,2026-09-15,433,263,True,,4.641180924150025,-3.83648159018312,13.118843438483172
progressive,435,246,56.55172413793104,2025-07-08,2026-09-15,434,276,True,,-6.69458566923902,-20.75488323254529,7.365711894067248
project manager,391,66,16.879795396419436,2025-07-08,2026-09-15,434,254,True,,3.499501162659514,-7.4267797994733025,14.425782124792331
protestor,1207,173,14.333057166528585,2025-07-08,2026-09-15,434,404,True,,-1.3176613224381453,-7.068134546915873,4.4328119020395835
proud,404,263,65.0990099009901,2025-07-09,2026-09-14,432,274,True,,1.5582403607214153,-12.20868235267842,15.32516307412125
psychiatrist,392,2,0.5102040816326531,2025-07-08,2026-09-13,432,253,True,,-0.5555434039870264,-2.629296644970058,1.5182098369960049
public relations specialist,423,18,4.25531914893617,2025-07-08,2026-09-15,434,275,True,,-2.652437809648734,-8.449710168910693,3.144834549613224
public transit rider,423,75,17.73049645390071,2025-07-08,2026-09-15,434,274,True,,10.114716325131003,-0.3889820030911171,20.61841465335312
punk,432,32,7.4074074074074066,2025-07-08,2026-09-14,433,279,True,,2.794481098972281,-4.500728000611245,10.089690198555807
queer,445,51,11.46067415730337,2025-07-10,2026-09-14,431,269,True,,3.705994873976465,-4.81876717017623,12.23075691812916
quiet,398,288,72.36180904522614,2025-07-10,2026-09-14,431,258,True,,-7.594773836225474,-20.55297141202783,5.363423739576883
rapper,443,4,0.9029345372460496,2025-07-08,2026-09-15,434,276,True,,-1.018026916173602,-3.5316278002252135,1.4955739678780093
reader,420,342,81.42857142857143,2025-07-09,2026-09-15,433,268,True,,3.804559217752347,-7.060933991081884,14.670052426586578
real estate agent,401,7,1.7456359102244388,2025-07-08,2026-09-15,434,269,True,,-2.2373642213146483,-5.966713906680614,1.491985464051317
reality TV fan,400,125,31.25,2025-07-10,2026-09-14,431,265,True,,2.90887262607951,-10.277957628323215,16.095702880482236
realtor,457,6,1.312910284463895,2025-07-08,2026-09-14,433,283,True,,0.028711474193779386,-2.9512560123927125,3.008678960780271
receptionist,397,13,3.27455919395466,2025-07-10,2026-09-12,429,264,True,,0.7290826027777154,-4.417794501309144,5.875959706864576
recovering addict,406,31,7.635467980295567,2025-07-09,2026-09-14,432,272,True,,-5.318701345995964,-13.01576577920313,2.378363087211202
recovering alcoholic,401,32,7.98004987531172,2025-07-08,2026-09-14,433,260,True,,-1.0405735525794229,-9.016934175663991,6.935787070505144
recovering gambling addict,409,7,1.7114914425427872,2025-07-08,2026-09-14,433,266,True,,-2.9504535727141428,-6.708545436037244,0.8076382906089581
recovering workaholic,457,39,8.533916849015318,2025-07-08,2026-09-15,434,290,True,,1.7085239502222305,-5.681814830956508,9.098862731400969
recycler,450,311,69.11111111111111,2025-07-09,2026-09-15,433,283,True,,0.5964215714226393,-12.166874359344472,13.35971750218975
redditor,415,206,49.63855421686747,2025-07-09,2026-09-14,432,270,True,,2.593522004424898,-11.18684173147602,16.373885740325818
relaxed,409,322,78.72860635696821,2025-07-08,2026-09-15,434,280,True,,0.43658613401115576,-10.880616395988099,11.753788664010411
reliable,406,380,93.59605911330048,2025-07-08,2026-09-12,431,271,True,,0.2670560414058791,-6.80462447247406,7.338736555285818
religious,429,129,30.069930069930066,2025-07-08,2026-09-15,434,281,True,,-6.362238531298757,-18.698149386019242,5.973672323421728
renter,401,149,37.1571072319202,2025-07-08,2026-09-15,434,269,True,,-5.205695912924415,-18.85125459026721,8.439862764418379
researcher,393,124,31.552162849872772,2025-07-08,2026-09-15,434,263,True,,10.40195478726088,-2.982938258061818,23.78684783258358
reserved,434,317,73.04147465437788,2025-07-11,2026-09-15,431,285,True,,2.4229081372938963,-9.995612492628824,14.841428767216618
resilient,436,361,82.79816513761467,2025-07-08,2026-09-15,434,276,True,,-1.7161402959018703,-12.788887044814864,9.356606453011121
respected,385,297,77.14285714285715,2025-07-22,2026-09-15,420,253,True,,-1.0556679640939182,-13.943460253574916,11.832124325387081
restaurant server,8491,193,2.2729949358143915,2025-07-08,2026-09-15,434,419,True,,0.5236647437503177,-0.45312179731818336,1.5004512848188187
retail associate,429,20,4.662004662004662,2025-07-08,2026-09-13,432,275,True,,-0.7740547411538395,-6.644079462573272,5.095969980265593
retired,1283,130,10.132501948558067,2025-07-08,2026-09-15,434,408,True,,0.4997575359687378,-4.312837057114645,5.31235212905212
retired early,448,30,6.696428571428571,2025-07-08,2026-09-15,434,282,True,,0.2473396651181401,-6.4423243223783775,6.937003652614658
rich,403,22,5.459057071960298,2025-07-08,2026-09-15,434,258,True,,3.845896206934886,-2.8056840686393683,10.49747648250914
right-wing,397,90,22.670025188916874,2025-07-08,2026-09-14,433,255,True,,-0.9743935772272023,-13.202864149885864,11.25407699543146
risk-averse,1186,664,55.98650927487352,2025-07-08,2026-09-15,434,408,True,,2.579404392967507,-5.807064113065787,10.9658728990008
risk-seeking,408,93,22.794117647058822,2025-07-08,2026-09-15,434,269,True,,5.916925657829554,-6.310842331966557,18.144693647625665
risk-taking,425,130,30.58823529411765,2025-07-08,2026-09-13,432,261,True,,0.45562744290702456,-12.536887086822924,13.448141972636973
romance fan,456,171,37.5,2025-07-09,2026-09-15,433,276,True,,17.92970249953754,5.2412589266425,30.61814607243258
roommate,408,61,14.950980392156863,2025-07-09,2026-09-15,433,266,True,,5.609624100194146,-4.779263151468684,15.998511351856976
runner,420,61,14.523809523809526,2025-07-08,2026-09-15,434,270,True,,-7.991026525917168,-18.11758687427315,2.1355338224388136
rural,398,86,21.608040201005025,2025-07-08,2026-09-15,434,254,True,,-3.214544220506503,-14.947339299755392,8.518250858742388
sad,8764,2049,23.379735280693748,2025-07-08,2026-09-15,434,425,True,,0.12741677327654857,-2.472136593832513,2.7269701403856104
salesperson,410,39,9.512195121951219,2025-07-08,2026-09-13,432,268,True,,-4.758269657096103,-13.33602620565128,3.8194868914590723
sarcastic,401,237,59.10224438902743,2025-07-10,2026-09-15,432,257,True,,6.348880736488745,-7.8881219891450005,20.58588346212249
science fiction fan,406,238,58.620689655172406,2025-07-09,2026-09-15,433,274,True,,1.1101521146946436,-13.103822733849857,15.324126963239145
science nerd,8780,3119,35.523917995444194,2025-07-08,2026-09-15,434,425,True,,1.6096529902686771,-1.3252048652598283,4.544510845797182
scientist,413,37,8.958837772397095,2025-07-08,2026-09-15,434,269,True,,-1.1308521260965723,-9.095170068742632,6.833465816549488
seamstress,419,21,5.011933174224343,2025-07-08,2026-09-15,434,276,True,,7.973842603953152,1.8935703795885157,14.054114828317788
secular,362,104,28.7292817679558,2025-07-09,2026-09-14,432,250,True,,-5.389823855960844,-19.597257813260253,8.817610101338566
security guard,415,6,1.4457831325301205,2025-07-09,2026-09-15,433,275,True,,0.8779729718795568,-2.5575978180730967,4.313543761832211
self-employed,442,132,29.86425339366516,2025-07-08,2026-09-14,433,268,True,,8.818656117835294,-3.5806293629006465,21.217941598571237
self-reliant,395,347,87.84810126582279,2025-07-09,2026-09-15,433,265,True,,2.9959273380546088,-6.652470678499412,12.644325354608629
senior,1293,238,18.40680587780356,2025-07-08,2026-09-15,434,407,True,,1.105326264121258,-5.134592412096388,7.345244940338904
sensitive,452,296,65.48672566371681,2025-07-08,2026-09-15,434,294,True,,11.833109750459199,-1.2547967579823993,24.9210162589008
she/her,421,229,54.39429928741093,2025-07-08,2026-09-14,433,265,True,,14.097981822365579,0.13021269935114432,28.065750945380014
shopaholic,388,74,19.072164948453608,2025-07-16,2026-09-12,423,241,True,,-5.222307029304802,-17.058966673026845,6.614352614417242
sibling,429,362,84.38228438228438,2025-07-09,2026-09-15,433,279,True,,0.8022529078889094,-9.26660955186287,10.87111536764069
singer,439,63,14.350797266514807,2025-07-09,2026-09-15,433,263,True,,13.732384595010034,4.186345247216151,23.27842394280392
single,448,194,43.30357142857143,2025-07-08,2026-09-14,433,282,True,,-8.396733065599891,-21.797890094678934,5.00442396347915
sister,409,192,46.9437652811736,2025-07-08,2026-09-15,434,272,True,,-6.141863242632363,-20.31930025402538,8.035573768760655
skater,396,21,5.303030303030303,2025-07-08,2026-09-15,434,267,True,,5.746292900956715,-0.9109565422573072,12.403542344170738
skeptic,428,260,60.747663551401864,2025-07-08,2026-09-15,434,271,True,,6.321681724650122,-7.297790768494749,19.941154217794992
smart,428,372,86.91588785046729,2025-07-10,2026-09-15,432,262,True,,2.2330837852554275,-7.6884376320929295,12.154605202603785
smoker,1294,210,16.228748068006183,2025-07-08,2026-09-15,434,414,True,,-0.9739913078700405,-6.89191202182407,4.943929406083989
sneakerhead,437,33,7.551487414187644,2025-07-08,2026-09-12,431,282,True,,-1.0199271285033666,-8.229587225274532,6.1897329682677995
soccer fan,459,95,20.697167755991288,2025-07-09,2026-09-15,433,287,True,,8.532055064127357,-2.396876852497414,19.46098698075213
social,1226,621,50.652528548123975,2025-07-09,2026-09-15,433,405,True,,-2.3438716260616106,-10.730128109955732,6.042384857832512
social conservative,422,108,25.59241706161137,2025-07-08,2026-09-15,434,258,True,,-15.27020938918276,-27.515937926870635,-3.024480851494884
social liberal,400,207,51.74999999999999,2025-07-08,2026-09-14,433,264,True,,4.0413048167100705,-10.321995368284659,18.4046050017048
social media addict,426,104,24.413145539906104,2025-07-09,2026-09-15,433,275,True,,6.540047418383354,-5.116290202961478,18.196385039728185
social worker,438,19,4.337899543378995,2025-07-09,2026-09-15,433,289,True,,-1.6994832590964057,-7.2517946335867585,3.8528281153939474
software developer,423,20,4.7281323877068555,2025-07-09,2026-09-14,432,271,True,,-0.5079932619295248,-6.571600841575581,5.555614317716531
solitary,424,193,45.5188679245283,2025-07-08,2026-09-13,432,272,True,,4.616752204689522,-9.750354721206401,18.983859130585444
son,440,188,42.72727272727273,2025-07-08,2026-09-14,433,279,True,,-9.009838972881536,-22.730492424038555,4.710814478275484
songwriter,449,40,8.908685968819599,2025-07-09,2026-09-13,431,273,True,,5.62621915335865,-2.1545287904923827,13.406967097209684
sophomore,1271,17,1.3375295043273014,2025-07-08,2026-09-15,434,407,True,,0.835489266563171,-1.0669273974883213,2.737905930614663
spiritual,1231,670,54.42729488220959,2025-07-08,2026-09-15,434,410,True,,4.966092009197567,-3.262253048631754,13.194437067026888
spontaneous,409,173,42.298288508557455,2025-07-08,2026-09-15,434,274,True,,13.488429091525855,-0.9757345306454894,27.9525927136972
sports card collector,428,27,6.308411214953271,2025-07-08,2026-09-15,434,274,True,,7.116192204815579,0.0713774974835859,14.16100691214757
spouse,432,171,39.58333333333333,2025-07-08,2026-09-15,434,267,True,,6.830532574071463,-6.8876467635591565,20.548711911702082
star wars fan,417,158,37.88968824940048,2025-07-09,2026-09-14,432,268,True,,-15.487437053873233,-28.84216917905824,-2.132704928688227
star wars nerd,402,82,20.398009950248756,2025-07-08,2026-09-15,434,259,True,,5.249946169176325,-6.057159957288714,16.557052295641363
states' rights advocate,399,115,28.82205513784461,2025-07-08,2026-09-14,433,275,True,,-11.131321255673509,-24.08200870193672,1.819366190589701
stay-at-home parent,1273,118,9.26944226237235,2025-07-08,2026-09-15,434,410,True,,3.6729021607678867,-1.1164754571284226,8.462279778664197
steampunk fan,428,61,14.252336448598129,2025-07-10,2026-09-15,432,275,True,,-0.13216880360967748,-9.981515269353885,9.717177662134532
step-parent,393,30,7.633587786259542,2025-07-08,2026-09-14,433,257,True,,0.3834465128321176,-7.337360505564216,8.104253531228451
stockbroker,427,5,1.1709601873536302,2025-07-08,2026-09-15,434,270,True,,2.459424770347179,-0.6145773179556877,5.533426858650046
storyteller,409,155,37.89731051344744,2025-07-08,2026-09-15,434,259,True,,12.455346789224649,-0.9655579667208549,25.876251545170152
streamer,447,82,18.344519015659955,2025-07-08,2026-09-13,432,267,True,,4.803895199694919,-5.672532368607387,15.280322767997225
stressed,1233,614,49.79724249797243,2025-07-08,2026-09-15,434,412,True,,6.740430650724165,-1.501405661586289,14.982266963034618
student,8894,994,11.176073757589386,2025-07-08,2026-09-15,434,425,True,,3.298624736835433,1.3808794132191302,5.216370060451736
suburban,409,210,51.34474327628362,2025-07-09,2026-09-15,433,275,True,,-5.402849735229959,-19.86861347945337,9.062914008993449
success,1265,768,60.71146245059289,2025-07-08,2026-09-15,434,403,True,,-4.660119614652606,-12.494220772985889,3.173981543680677
supportive,411,379,92.21411192214111,2025-07-13,2026-09-15,429,269,True,,0.7797277498331799,-6.80332100132098,8.36277650098734
surveyor,431,80,18.561484918793504,2025-07-08,2026-09-15,434,264,True,,4.20980458604482,-6.931485955657349,15.351095127746989
swing voter,420,44,10.476190476190476,2025-07-08,2026-09-13,432,274,True,,3.388102394970526,-5.61226942350242,12.388474213443471
tabletop gamer,393,71,18.06615776081425,2025-07-10,2026-09-13,430,258,True,,6.3574189086743145,-5.206522323022566,17.921360140371196
tailor,1284,23,1.791277258566978,2025-07-08,2026-09-15,434,403,True,,-1.206325667543757,-3.3482345059804164,0.9355831708929021
talented,451,279,61.86252771618626,2025-07-09,2026-09-14,432,274,True,,3.1039077047513874,-10.051014151898356,16.25882956140113
tax preparer,424,60,14.150943396226415,2025-07-11,2026-09-15,431,277,True,,3.202732261397105,-6.5519394300455,12.957403952839709
teacher,424,64,15.09433962264151,2025-07-08,2026-09-15,434,266,True,,10.609168010209084,0.6786919416376787,20.53964407878049
team player,418,314,75.11961722488039,2025-07-08,2026-09-15,434,275,True,,-9.746623240606214,-21.96416349229193,2.470917011079502
tech geek,406,139,34.23645320197045,2025-07-08,2026-09-15,434,259,True,,-2.198177807528567,-16.129793862860673,11.733438247803537
technophile,416,81,19.471153846153847,2025-07-08,2026-09-12,431,263,True,,-8.86526593772296,-20.065930614621827,2.3353987391759095
therapist,451,20,4.434589800443459,2025-07-08,2026-09-15,434,274,True,,-3.208496201890561,-8.625759572957842,2.2087671691767192
they/them,424,19,4.481132075471698,2025-07-08,2026-09-15,434,286,True,,0.6690867916864813,-5.262541533683768,6.6007151170567315
thinker,404,376,93.06930693069307,2025-07-08,2026-09-15,434,259,True,,2.5901115034871856,-4.51808100990532,9.69830401687969
thrifty,1238,890,71.89014539579968,2025-07-08,2026-09-15,434,408,True,,-2.6231679875840865,-9.883648126783289,4.637312151615115
thriller fan,468,221,47.22222222222222,2025-07-08,2026-09-13,432,289,True,,-0.8801552305393004,-13.693045643303897,11.932735182225297
tired,440,250,56.81818181818182,2025-07-09,2026-09-14,432,279,True,,12.949784618484768,-0.5132453751909392,26.412814612160474
tour guide,415,9,2.1686746987951806,2025-07-08,2026-09-14,433,263,True,,-1.179813864441644,-5.339925616663477,2.980297887780189
trader,434,76,17.51152073732719,2025-07-09,2026-09-14,432,271,True,,-3.8838079869203597,-14.377799250768723,6.610183276928003
traditional,433,206,47.57505773672055,2025-07-08,2026-09-15,434,273,True,,-3.9147358468180316,-17.538946257350148,9.709474563714084
trans,418,9,2.15311004784689,2025-07-10,2026-09-15,432,272,True,,-0.12467681788343814,-4.4059633558180265,4.15660972005115
translator,457,29,6.3457330415754925,2025-07-08,2026-09-15,434,282,True,,-0.955841613890584,-7.516151895152051,5.604468667370883
trauma survivor,438,180,41.0958904109589,2025-07-08,2026-09-15,434,276,True,,7.888070202439046,-5.640282091144899,21.41642249602299
traveler,392,189,48.214285714285715,2025-07-09,2026-09-15,433,255,True,,6.263707490422722,-8.120877020505663,20.64829200135111
trivia buff,443,137,30.9255079006772,2025-07-08,2026-09-15,434,281,True,,7.033630837584595,-5.376084808914965,19.443346484084156
troll,395,14,3.5443037974683547,2025-07-08,2026-09-14,433,250,True,,2.432104287557945,-2.944472380071519,7.808680955187409
truck driver,443,3,0.6772009029345373,2025-07-08,2026-09-14,433,282,True,,-0.22595320054729692,-2.509726382608643,2.057819981514049
trusting,8722,5922,67.89727126805778,2025-07-08,2026-09-15,434,425,True,,3.2571637197566607,0.3861644119414729,6.128163027571849
tutor,384,41,10.677083333333332,2025-07-09,2026-09-15,433,253,True,,8.2791185172573,-1.0013916656027817,17.559628700117383
tv junkie,1301,490,37.663335895465025,2025-07-08,2026-09-14,433,408,True,,-2.561286346229549,-10.31593583261074,5.193363140151643
uncle,410,113,27.5609756097561,2025-07-09,2026-09-15,433,282,True,,1.2308017888014156,-11.67094430185154,14.13254787945437
undecided voter,1168,144,12.32876712328767,2025-07-08,2026-09-15,434,404,True,,2.880081962643178,-2.7480395603576957,8.508203485644053
unemployed,1225,259,21.142857142857142,2025-07-08,2026-09-15,434,406,True,,8.20614829022773,1.51252836938251,14.899768211072951
union member,411,35,8.51581508515815,2025-07-08,2026-09-13,432,267,True,,1.1870025388705634,-6.906754841096799,9.280759918837926
unorganized,429,109,25.407925407925408,2025-07-08,2026-09-15,434,263,True,,3.6105274849827818,-8.200999129195976,15.42205409916154
urban,415,161,38.795180722891565,2025-07-09,2026-09-15,433,276,True,,2.8232994694083615,-11.071809254779676,16.7184081935964
urbane,371,59,15.902964959568733,2025-07-08,2026-09-15,434,259,True,,11.343196786397046,0.717580565466724,21.96881300732737
vegan,1305,45,3.4482758620689653,2025-07-08,2026-09-15,434,403,True,,-1.5216248626084565,-4.339461225423406,1.296211500206493
vegetarian,1229,89,7.241659886086249,2025-07-08,2026-09-15,434,403,True,,0.6825416758963399,-3.6113976161274546,4.976480967920134
vet,404,8,1.9801980198019802,2025-07-08,2026-09-14,433,265,True,,-0.766110915014529,-4.777589784360012,3.245367954330954
veteran,488,18,3.6885245901639343,2025-07-08,2026-09-15,434,300,True,,-0.4878741009797465,-5.331489871419212,4.35574166945972
veterinarian,452,5,1.1061946902654867,2025-07-09,2026-09-15,433,267,True,,1.8031536051513202,-0.7938614211934092,4.400168631496049
veterinarian technician,441,6,1.3605442176870748,2025-07-08,2026-09-15,434,270,True,,-0.6087779045528591,-3.6550091014980115,2.437453292392293
virtual reality user,441,81,18.367346938775512,2025-07-08,2026-09-15,434,289,True,,-3.2880974651290855,-13.775685671790736,7.199490741532564
visionary,412,157,38.10679611650485,2025-07-08,2026-09-14,433,262,True,,7.665187931716874,-5.911676359917209,21.242052223350957
visual learner,411,330,80.2919708029197,2025-07-08,2026-09-15,434,269,True,,-2.51689353154616,-14.279609763737065,9.245822700644746
visually impaired,416,73,17.548076923076923,2025-07-11,2026-09-15,431,270,True,,3.2715078447595447,-7.4940439628921025,14.037059652411191
vlogger,444,8,1.8018018018018018,2025-07-08,2026-09-15,434,276,True,,3.461237123904758,-0.22060426593856564,7.1430785137480814
volunteer,399,122,30.576441102756892,2025-07-08,2026-09-15,434,261,True,,-0.48679747471332874,-13.833098200855446,12.859503251428787
voter,8336,6746,80.92610364683301,2025-07-08,2026-09-15,434,412,True,,-3.8963254555382907,-6.498576244267403,-1.2940746668091783
waiter,403,3,0.7444168734491315,2025-07-09,2026-09-11,429,256,True,,-1.164626998288631,-3.5896516164471577,1.2603976198698956
warehouse associate,409,20,4.88997555012225,2025-07-08,2026-09-14,433,261,True,,3.9630534957346017,-2.2019151818126157,10.128022173281819
wealthy,1207,99,8.20215410107705,2025-07-08,2026-09-14,433,405,True,,0.5640461588078527,-4.0493542271732155,5.17744654478892
weather geek,409,83,20.293398533007334,2025-07-08,2026-09-15,434,263,True,,7.923009126984468,-3.5548137500936665,19.4008320040626
welder,429,6,1.3986013986013985,2025-07-09,2026-09-15,433,271,True,,1.8957080452585076,-1.4372024849369947,5.22861857545401
widow,420,16,3.8095238095238098,2025-07-08,2026-09-13,432,263,True,,-5.788364629082245,-11.167127053538405,-0.40960220462608365
widowed,1294,48,3.7094281298299845,2025-07-08,2026-09-15,434,410,True,,-1.021748117284074,-4.098865419113917,2.0553691845457682
widower,438,8,1.82648401826484,2025-07-09,2026-09-14,432,283,True,,0.7707077950554512,-2.9423626001760432,4.483778190286945
wife,375,94,25.066666666666666,2025-07-08,2026-09-14,433,252,True,,4.192322955206301,-9.132479347893055,17.517125258305654
wine lover,408,138,33.82352941176471,2025-07-10,2026-09-14,431,266,True,,-0.4104825365826516,-13.849082796465959,13.028117723300655
wise,426,315,73.94366197183099,2025-07-08,2026-09-13,432,271,True,,4.8234140344909004,-7.818712151128141,17.465540220109943
witty,421,291,69.12114014251782,2025-07-08,2026-09-15,434,266,True,,11.661765535147586,-1.1160645465533143,24.439595616848486
woman,414,233,56.28019323671497,2025-07-08,2026-09-15,434,273,True,,7.8132475509027035,-6.002968171898953,21.62946327370436
woodworker,394,22,5.583756345177665,2025-07-08,2026-09-15,434,262,True,,1.633322877139872,-5.02894817452508,8.295593928804823
workaholic,391,114,29.15601023017903,2025-07-09,2026-09-12,430,257,True,,-1.5617461226116989,-14.85657035459182,11.73307810936842
working parent,419,133,31.742243436754176,2025-07-08,2026-09-15,434,265,True,,-7.493559167496039,-20.736578773637046,5.749460438644969
writer,423,126,29.78723404255319,2025-07-10,2026-09-15,432,269,True,,6.757436074895186,-6.267164758885387,19.78203690867576
young,1196,352,29.431438127090303,2025-07-08,2026-09-15,434,407,True,,12.586582877289624,5.16771017864105,20.0054555759382
youtuber,447,64,14.317673378076062,2025-07-08,2026-09-15,434,282,True,,-1.6242114546176376,-11.003470649932655,7.755047740697379
🌶️,339,59,17.404129793510325,2025-08-02,2026-09-13,407,235,True,,4.608272028199615,-8.383295675852189,17.599839732251418
👑,363,69,19.00826446280992,2025-07-29,2026-09-15,413,237,True,,12.27951912492977,0.17356734073851499,24.385470909121025
💔,369,72,19.51219512195122,2025-07-29,2026-09-15,413,254,True,,1.0037500120326002,-11.508182156230001,13.515682180295203
😍,1125,530,47.11111111111111,2025-07-29,2026-09-15,413,389,True,,4.619111566332113,-4.412124294702591,13.650347427366817
🙏,356,156,43.82022471910113,2025-08-01,2026-09-14,409,239,True,,7.812107278613402,-8.097651786949912,23.721866344176718
🤒,394,44,11.16751269035533,2025-07-29,2026-09-15,413,254,True,,-1.6812926779813897,-11.300773183890621,7.938187827927843
🥵,351,43,12.250712250712251,2025-07-29,2026-09-15,413,243,True,,13.127620730501965,2.5023873709329187,23.75285409007101
🥶,352,55,15.625,2025-07-31,2026-09-14,410,240,True,,-4.1856602107014345,-16.020909395235417,7.6495889738325475
🫠,976,416,42.62295081967213,2025-07-18,2026-09-15,424,386,True,,2.966494658906928,-6.463800276308987,12.396789594122843
