id,source_unique_tokens,source_word_count,source_line_count,mean_text_only_neighbor_cosine_similarity,mean_demographics_only_neighbor_cosine_similarity,mean_combined_neighbor_cosine_similarity,add_count_observed,add_count_marginal_crps,add_count_text_only_crps,add_count_demographics_only_crps,add_count_combined_crps,delete_count_observed,delete_count_marginal_crps,delete_count_text_only_crps,delete_count_demographics_only_crps,delete_count_combined_crps,word_count_observed,word_count_marginal_crps,word_count_text_only_crps,word_count_demographics_only_crps,word_count_combined_crps,line_count_observed,line_count_marginal_crps,line_count_text_only_crps,line_count_demographics_only_crps,line_count_combined_crps,source_similarity_observed,source_similarity_marginal_crps,source_similarity_text_only_crps,source_similarity_demographics_only_crps,source_similarity_combined_crps
train_0001,57,92,21,0.181077,0.503118,0.188328,17.000000,10.233458,10.527935,9.643534,10.688338,51.000000,4.769315,4.481855,3.861486,4.510232,62.000000,19.378722,15.989701,18.166933,16.096579,16.000000,4.017026,4.190930,4.035985,4.168624,0.233766,0.042370,0.040565,0.046091,0.039913
train_0002,44,101,1,0.201339,0.424139,0.199073,21.000000,7.868700,6.637610,5.950655,7.074499,30.000000,2.108790,1.428809,2.408894,1.353910,58.000000,25.363587,24.288620,20.284660,24.956223,21.000000,14.378677,14.267144,15.080880,13.744089,0.264151,0.053792,0.042695,0.050312,0.040927
train_0003,32,33,2,0.085966,0.395658,0.100038,18.000000,9.557813,8.545891,10.928575,8.759493,27.000000,1.718248,1.454118,1.614849,1.502879,37.000000,12.142471,12.183134,14.579893,12.555684,1.000000,1.086483,1.090623,0.962197,1.111260,0.114286,0.044042,0.030998,0.038612,0.031302
train_0004,33,46,1,0.162327,0.374609,0.167982,27.000000,6.098509,5.319973,6.437647,5.744882,25.000000,1.066031,1.118374,1.246173,1.079648,89.000000,26.906806,30.629470,30.451774,29.290923,20.000000,13.432773,12.995511,12.964977,12.975789,0.133333,0.037797,0.045393,0.034921,0.046289
train_0005,27,28,1,0.128577,0.395391,0.142999,33.000000,6.017432,5.030846,6.645008,5.544888,21.000000,0.906432,0.793811,1.042715,0.821330,114.000000,56.108103,54.305999,57.268039,53.753859,20.000000,13.432773,13.589490,13.097164,13.906769,0.084507,0.056921,0.047618,0.054072,0.047319
train_0006,56,132,1,0.144911,0.355597,0.148130,43.000000,8.044367,8.620725,7.678251,8.671530,46.000000,2.479465,3.070490,3.113261,3.057207,112.000000,16.665961,17.476858,21.772032,19.064507,1.000000,0.541462,0.526507,0.736611,0.622867,0.418033,0.159605,0.115411,0.152343,0.117205
train_0007,84,152,1,0.197022,0.619930,0.199201,55.000000,13.165758,11.261854,14.880900,11.643230,60.000000,3.159215,3.220682,3.060349,3.249309,142.000000,15.103869,16.261064,13.950130,15.722895,1.000000,0.541462,0.668026,0.629185,0.640466,0.265306,0.054323,0.050641,0.044865,0.048933
train_0008,31,53,1,0.158548,0.460528,0.166900,22.000000,7.436287,5.281815,7.472587,5.536224,24.000000,1.028012,1.109572,1.068929,1.166513,30.000000,16.238187,14.496911,15.947598,16.472592,21.000000,14.378677,14.539884,14.155575,14.146738,0.072289,0.064058,0.095484,0.077573,0.096104
train_0009,201,378,21,0.227362,0.512574,0.227338,24.000000,6.747129,8.156797,5.223471,8.226298,161.000000,7.651789,5.840923,7.302104,5.645453,118.000000,215.649836,181.468464,204.055396,181.209034,22.000000,1.598216,1.857823,1.245683,1.845627,0.237903,0.043530,0.041713,0.048948,0.043111
train_0010,26,75,20,0.187998,0.323797,0.180998,15.000000,11.692852,9.247988,8.899493,8.724252,18.000000,1.145902,0.799577,1.332813,0.842418,23.000000,30.057520,33.248458,26.652392,32.956244,1.000000,14.300347,14.968882,14.711675,14.971836,0.081633,0.058397,0.085971,0.045561,0.080595
train_0011,20,20,1,0.079351,0.382781,0.097192,43.000000,8.044367,9.263161,7.983800,9.085402,17.000000,1.134713,1.021770,1.054472,1.058162,56.000000,20.603892,19.107202,23.125478,18.997698,1.000000,0.541462,0.396354,0.423234,0.382238,0.078947,0.059861,0.054345,0.053332,0.060041
train_0012,45,58,1,0.109464,0.432204,0.116370,26.000000,6.233638,6.097823,4.961894,5.536462,34.000000,1.453181,1.571835,1.700555,1.666050,65.000000,13.814468,16.142573,14.391820,14.469952,11.000000,6.851989,7.470738,6.716059,7.261481,0.162602,0.032910,0.035148,0.029952,0.035394
train_0013,45,92,20,0.181116,0.435078,0.186233,26.000000,6.233638,5.193696,5.036273,5.012448,35.000000,1.510720,1.882603,1.563188,1.851355,68.000000,17.419350,15.272595,15.699805,14.768838,20.000000,1.030674,1.323602,0.600636,1.175327,0.125000,0.040152,0.066519,0.043003,0.069886
train_0014,28,79,19,0.180540,0.329490,0.175561,22.000000,7.436287,6.769606,6.227686,6.908283,17.000000,2.582457,2.227629,2.466326,2.258439,101.000000,18.203234,17.539445,19.348371,18.215373,1.000000,13.515517,13.427174,13.560489,13.089995,0.544444,0.276141,0.200426,0.255416,0.208456
train_0015,22,60,1,0.136557,0.413541,0.146209,81.000000,30.935228,32.396564,30.285782,32.141130,18.000000,0.948980,1.140296,0.973843,1.156852,135.000000,49.097248,46.225155,45.377369,44.073503,20.000000,13.432773,15.281697,13.873101,15.161343,0.266667,0.054967,0.047376,0.064933,0.050533
train_0016,18,18,1,0.120706,0.315191,0.126340,32.000000,5.963380,6.383108,7.499771,6.730527,15.000000,0.878313,1.199899,1.134231,1.255895,51.000000,18.857799,15.418214,16.881449,14.628255,20.000000,13.432773,13.265736,12.984191,13.199257,0.086957,0.055726,0.079591,0.066632,0.073078
train_0017,47,68,1,0.151278,0.437018,0.155584,20.000000,8.395703,9.032117,6.639770,9.136206,45.000000,6.310772,5.816821,7.035558,5.817974,22.000000,26.430206,17.227366,28.947910,18.007656,18.000000,11.919328,13.220737,11.498042,13.212907,0.044444,0.084838,0.086214,0.092288,0.085906
train_0018,69,106,1,0.172400,0.486909,0.175403,119.000000,66.352552,64.579805,71.769869,64.989654,35.000000,12.505004,14.173013,11.781589,14.293331,271.000000,133.178325,154.290375,138.077125,156.363741,1.000000,0.541462,0.406203,0.530025,0.405877,0.185676,0.032634,0.027630,0.034905,0.028356
train_0019,35,61,1,0.182166,0.470179,0.186716,11.000000,14.976488,14.568352,13.080526,14.646628,32.000000,3.426111,4.192142,3.016096,4.007460,15.000000,26.239223,26.475827,23.032027,27.002149,11.000000,6.851989,7.350534,7.534612,6.936181,0.052632,0.078403,0.106089,0.075204,0.099908
train_0020,78,100,20,0.137381,0.359399,0.139456,49.000000,10.273997,9.486939,9.713910,9.526454,67.000000,4.781158,4.904133,3.993529,4.932654,77.000000,17.194180,17.355175,21.066105,17.483841,20.000000,1.030674,1.106598,1.116646,1.120595,0.124294,0.040372,0.041656,0.035172,0.041648
train_0021,38,70,1,0.186208,0.486909,0.192063,33.000000,6.017432,6.218475,6.083363,6.236357,22.000000,4.370849,4.197365,4.108072,4.450211,66.000000,13.904869,11.707775,12.796023,11.937416,1.000000,0.541462,0.938883,0.530025,0.905505,0.176471,0.032515,0.040946,0.035371,0.039144
train_0022,73,146,20,0.190229,0.287226,0.188180,53.000000,12.138778,10.976671,11.818440,11.356195,46.000000,5.523333,6.735119,4.625225,6.773932,167.000000,18.296113,29.194892,17.976231,28.115742,1.000000,14.300347,13.191647,14.693528,13.252609,0.408946,0.151791,0.143961,0.131482,0.138467
train_0023,150,318,20,0.232324,0.553556,0.231662,106.000000,53.690960,50.774346,58.697177,50.874807,104.000000,6.561081,8.578219,6.607022,8.730202,265.000000,31.290572,21.419709,27.339802,21.469392,1.000000,14.300347,13.304031,14.346318,13.328002,0.171527,0.032582,0.033083,0.036089,0.033394
train_0024,30,87,19,0.175538,0.423623,0.177318,15.000000,11.692852,8.031175,9.849659,8.741541,23.000000,0.978093,1.192441,1.007163,1.140943,23.000000,37.922211,39.620579,36.689575,42.189900,2.000000,12.758795,13.281292,13.917546,13.279004,0.145455,0.034979,0.051186,0.045840,0.054441
train_0025,36,62,20,0.108971,0.384607,0.115185,70.000000,22.516688,21.142079,22.505236,21.294916,22.000000,3.212199,2.671142,3.656594,2.778097,132.000000,45.473898,41.780334,47.153950,41.597807,19.000000,1.503626,1.516755,1.315215,1.505544,0.164948,0.032783,0.032707,0.029860,0.032455
train_0026,19,20,1,0.081951,0.468919,0.108161,26.000000,6.233638,5.361675,5.535046,5.287552,15.000000,0.674941,0.618734,0.843416,0.726196,31.000000,11.550245,12.420350,11.309389,12.176008,1.000000,0.541462,0.459664,0.950362,0.480268,0.078431,0.060161,0.040315,0.062027,0.047210
train_0027,72,117,1,0.169500,0.436072,0.173062,32.000000,5.963380,5.658274,4.844689,5.741655,47.000000,4.446986,4.861873,5.101058,4.608083,111.000000,14.590424,17.560505,15.122472,16.410558,1.000000,0.541462,0.368024,0.448018,0.366942,0.324561,0.087117,0.076519,0.076627,0.071376
train_0028,18,19,1,0.091875,0.455015,0.111115,37.000000,6.544435,6.500511,6.906414,6.572265,16.000000,1.434979,1.463611,1.052634,1.513273,62.000000,24.260439,21.921384,31.250972,20.458591,1.000000,0.541462,0.750940,0.330253,0.667175,0.024691,0.101690,0.096488,0.083054,0.096593
train_0029,22,22,14,0.081625,0.413073,0.100749,22.000000,7.436287,6.262680,4.790722,5.643213,18.000000,0.948980,1.128527,1.076936,1.423128,54.000000,19.066213,21.265944,20.412862,19.154466,13.000000,1.400703,1.287916,1.475390,1.360453,0.078947,0.059861,0.069973,0.068990,0.076391
train_0030,24,29,20,0.084834,0.599176,0.102547,35.000000,6.233638,6.690752,5.877166,6.554599,20.000000,1.171084,1.606437,1.556377,1.511667,84.000000,33.154182,29.723116,30.746532,29.585060,19.000000,1.503626,1.233802,1.387837,1.236850,0.123894,0.040501,0.047074,0.054713,0.043019
train_0031,126,217,20,0.211621,0.472322,0.213212,28.000000,6.017432,5.967520,6.118671,5.855754,102.000000,5.099739,3.875646,5.207356,3.842923,93.000000,86.617315,57.239207,84.320423,57.063799,19.000000,1.503626,1.370842,1.565496,1.376650,0.200000,0.034565,0.030623,0.033576,0.030111
train_0032,96,136,1,0.191812,0.404669,0.192829,46.000000,9.111887,8.414243,9.209710,8.397454,77.000000,3.682822,3.060136,3.795334,3.054766,85.000000,29.960677,21.526964,27.183520,21.530391,1.000000,0.541462,0.625198,0.416474,0.618814,0.126697,0.039648,0.039409,0.034353,0.039200
train_0033,27,28,20,0.079444,0.480084,0.098753,6.000000,19.435746,19.127495,18.632756,17.439589,14.000000,4.602495,3.880204,4.398244,3.908117,20.000000,11.988469,13.482033,10.439517,12.836969,14.000000,4.719697,5.393912,5.377167,5.278869,0.375000,0.124041,0.105664,0.106821,0.109698
train_0034,57,83,1,0.160937,0.461503,0.167998,44.000000,8.382190,9.059156,9.152536,9.147672,38.000000,3.115789,3.411297,3.429537,3.364910,110.000000,20.161930,26.759437,22.566920,26.156697,1.000000,0.541462,0.817485,0.388515,0.794748,0.259067,0.051554,0.049256,0.056623,0.048476
train_0035,93,154,1,0.175112,0.266709,0.172985,35.000000,6.233638,7.399818,5.934612,7.413607,66.000000,3.607736,3.785010,4.162044,3.818929,107.000000,27.674114,23.691228,26.991600,23.117044,1.000000,0.541462,0.358858,0.252239,0.342417,0.298851,0.071374,0.068187,0.081919,0.068093
train_0036,54,78,1,0.157120,0.407126,0.162456,70.000000,22.516688,20.951411,22.513279,20.629680,36.000000,2.951800,3.188671,2.528365,3.222675,159.000000,54.359263,59.541093,46.996618,57.836885,1.000000,0.541462,0.554057,0.748233,0.666584,0.202532,0.035010,0.029971,0.038200,0.030543
train_0037,38,84,20,0.182166,0.428518,0.183960,19.000000,8.949732,7.025533,7.755999,7.059083,36.000000,4.765865,5.646449,4.693183,5.215335,21.000000,37.202784,39.889338,32.711915,38.660436,20.000000,1.030674,1.097148,0.902464,1.041735,0.019048,0.107008,0.136805,0.113451,0.131789
train_0038,84,93,20,0.113598,0.487902,0.116884,76.000000,27.016486,25.880494,31.959160,25.830148,63.000000,2.722249,2.589436,3.068197,2.534888,108.000000,16.214720,21.582201,20.204033,21.861983,20.000000,1.030674,1.077467,0.643601,0.964439,0.119403,0.042091,0.041152,0.034182,0.043388
train_0039,58,126,21,0.198784,0.310853,0.197142,55.000000,13.165758,14.576101,14.510868,14.504795,38.000000,3.509100,2.686241,3.368896,2.756610,151.000000,19.702581,18.887139,22.057599,19.257326,19.000000,2.084681,2.290632,1.824044,2.288765,0.353791,0.107803,0.082689,0.099935,0.083170
train_0040,35,80,20,0.179433,0.479497,0.183096,80.000000,30.124454,33.205977,32.461842,33.561522,20.000000,4.253368,3.714321,4.290474,3.931187,156.000000,50.341426,54.663710,56.648555,55.427705,20.000000,1.030674,1.448432,0.977079,1.454659,0.245763,0.046172,0.042522,0.044149,0.042367
train_0041,45,90,1,0.197731,0.369699,0.196850,15.000000,11.692852,8.970112,12.047279,9.361530,28.000000,3.647124,2.728107,2.851634,2.646541,89.000000,14.112653,11.465650,12.253793,11.313332,20.000000,13.432773,13.444322,13.953302,13.484996,0.469274,0.205413,0.164579,0.177125,0.165129
train_0042,58,87,1,0.173084,0.395733,0.174867,9.000000,16.706139,21.021633,15.786013,20.512050,48.000000,2.699496,2.313738,3.248620,2.237310,21.000000,39.300527,28.248582,39.070943,27.254845,1.000000,0.541462,0.619187,0.773337,0.620909,0.148148,0.034536,0.037593,0.046539,0.034620
train_0043,58,101,20,0.130765,0.384535,0.133641,25.000000,6.463358,6.853569,7.828433,7.270773,43.000000,1.922387,1.913738,2.087568,1.821017,66.000000,21.417819,18.935976,21.137969,19.992631,20.000000,1.030674,0.991934,1.339888,1.031759,0.323353,0.086317,0.095638,0.096241,0.096198
train_0044,44,99,20,0.178423,0.480745,0.184449,16.000000,10.949642,8.617389,9.114411,8.543335,25.000000,5.476429,4.182602,5.124641,4.482008,66.000000,20.551281,21.170422,20.023529,21.231038,20.000000,1.030674,1.048207,0.945797,0.998391,0.363636,0.115194,0.095591,0.101686,0.099186
train_0045,52,89,20,0.154528,0.381613,0.156898,72.000000,23.989595,20.200401,21.300936,21.501768,36.000000,2.291805,1.994812,2.518561,2.156728,144.000000,35.627179,37.134089,36.357173,38.532072,1.000000,14.300347,14.438974,13.777681,14.716518,0.145923,0.034890,0.036128,0.036525,0.036121
train_0046,31,41,22,0.140321,0.480745,0.154124,27.000000,6.098509,5.060221,5.571556,4.836162,22.000000,1.202579,1.094820,1.258539,1.124691,88.000000,29.067880,26.922757,32.653619,27.947472,20.000000,2.084681,2.193544,2.139145,2.272270,0.248062,0.047065,0.053033,0.044314,0.052488
train_0047,38,95,1,0.173466,0.431696,0.177953,16.000000,10.949642,8.318825,10.305376,9.063191,22.000000,4.370849,3.520639,4.071893,3.644822,96.000000,14.178415,12.712619,13.717653,13.542085,22.000000,15.365119,15.384534,15.103031,15.389296,0.617801,0.348027,0.302297,0.333811,0.322539
train_0048,62,159,22,0.192672,0.378756,0.193180,23.000000,7.071438,9.046051,6.238646,9.346218,48.000000,2.056024,1.802244,2.203761,1.826942,91.000000,41.046484,33.713200,39.945851,34.543208,21.000000,1.503626,1.748458,1.487273,1.746218,0.368000,0.118555,0.105501,0.103523,0.103085
train_0049,60,87,1,0.183002,0.365864,0.181344,18.000000,9.557813,12.880489,7.871880,12.516009,54.000000,5.237961,5.872717,4.767407,5.645441,64.000000,17.058286,14.924418,16.966092,14.882416,20.000000,13.432773,13.020373,12.715565,13.214464,0.185430,0.032621,0.028257,0.031306,0.028081
train_0050,67,125,20,0.236280,0.500876,0.237024,41.000000,7.463312,8.609763,8.031464,8.471768,52.000000,2.235781,2.124487,2.156050,2.013596,110.000000,15.780956,15.846711,15.263289,16.586473,1.000000,14.300347,11.941197,14.321132,11.965318,0.391489,0.137378,0.106438,0.141293,0.112000
train_0051,25,25,1,0.137829,0.262397,0.136698,68.000000,21.111346,22.444375,19.130409,22.574577,18.000000,0.906376,0.746076,0.967215,0.764075,139.000000,80.863520,73.660582,72.656913,72.176471,2.000000,1.109004,1.240286,1.443124,1.181025,0.060976,0.072088,0.068469,0.069128,0.066627
train_0052,221,441,1,0.231646,0.466944,0.232114,28.000000,6.017432,7.339706,5.201190,7.332032,215.000000,32.802233,31.162382,32.742283,31.141139,38.000000,358.563443,328.286796,351.427070,328.219128,1.000000,0.541462,0.299579,0.474074,0.299197,0.020877,0.105253,0.112666,0.101088,0.112589
train_0053,28,39,1,0.158830,0.324929,0.156845,29.000000,5.976893,6.504728,7.629312,6.474022,19.000000,1.380579,1.269782,1.842601,1.306830,55.000000,14.830323,14.597009,17.643762,15.115746,1.000000,0.541462,0.852974,0.511273,0.842841,0.212766,0.037152,0.036575,0.036795,0.034852
train_0054,71,133,20,0.219305,0.230045,0.209539,7.000000,18.516869,21.155117,21.007377,21.835069,66.000000,7.829299,7.674344,8.598189,7.693057,16.000000,80.260574,69.113888,86.301805,69.433390,1.000000,14.300347,11.211909,13.367423,11.157626,0.093960,0.052518,0.075433,0.058037,0.075867
train_0055,20,20,1,0.124972,0.480665,0.141683,24.000000,6.747129,5.848416,5.958427,6.174620,20.000000,3.494527,3.480847,3.250902,3.522554,24.000000,10.550291,13.103984,10.958166,13.483933,1.000000,0.541462,0.518019,0.592588,0.533005,0.000000,0.125540,0.106662,0.130825,0.107319
train_0056,21,21,1,0.113729,0.389284,0.127739,56.000000,13.706274,15.986984,16.079423,15.259620,18.000000,1.266446,1.372558,1.076930,1.343298,109.000000,56.907707,48.614703,61.848695,47.060341,1.000000,0.541462,0.465921,0.681784,0.503912,0.046154,0.083475,0.066734,0.072548,0.062329
train_0057,61,87,7,0.190066,0.515710,0.194323,6.000000,19.435746,20.978222,18.241396,20.620517,61.000000,10.658307,10.293905,9.359822,9.892549,6.000000,50.218954,35.277680,42.486749,33.756728,5.000000,1.838656,1.657463,1.819417,1.631418,0.000000,0.125540,0.143572,0.105785,0.136722
train_0058,85,131,1,0.201924,0.366612,0.203064,49.000000,10.273997,9.720967,12.418327,9.715763,54.000000,6.143280,7.372939,6.022692,7.368609,121.000000,15.055043,18.171884,11.914884,18.109030,1.000000,0.541462,0.472678,0.310448,0.468728,0.238095,0.043587,0.040283,0.041162,0.040341
train_0059,25,45,20,0.121319,0.383804,0.131110,27.000000,6.098509,6.114694,5.455938,5.069917,17.000000,1.217217,0.716849,1.409471,0.813299,87.000000,26.267375,25.118889,27.789961,25.545456,20.000000,1.030674,1.632222,0.738589,1.429646,0.242424,0.044976,0.038625,0.051233,0.040473
train_0060,120,223,20,0.216918,0.458520,0.218467,25.000000,6.463358,7.072603,6.736699,7.445779,100.000000,5.855422,5.070394,4.899412,5.262826,49.000000,132.727039,101.109201,127.978040,101.447817,1.000000,14.300347,14.420771,14.447208,14.429286,0.080882,0.058792,0.065643,0.058830,0.066827
train_0061,103,199,1,0.219066,0.404669,0.219919,47.000000,9.490248,9.861222,9.691701,9.503806,82.000000,3.797710,3.186075,3.946046,3.096326,89.000000,74.213008,50.886546,67.947791,51.432007,1.000000,0.541462,0.436524,0.416474,0.435181,0.166667,0.032713,0.029375,0.029973,0.029006
train_0062,85,123,1,0.201553,0.474595,0.203632,24.000000,6.747129,8.788183,5.584596,8.649461,79.000000,9.361305,9.182987,9.154483,9.518647,30.000000,59.812981,44.348641,56.342668,43.687936,1.000000,0.541462,0.599841,0.397351,0.505147,0.052288,0.078668,0.088427,0.077492,0.089022
train_0063,27,74,1,0.209607,0.428039,0.212107,13.000000,13.287374,10.860098,11.616409,11.018791,21.000000,0.906432,1.023992,0.910401,0.996529,40.000000,20.605648,18.493978,19.450548,18.921246,1.000000,0.541462,0.731369,0.577467,0.640572,0.438596,0.177667,0.126702,0.158132,0.136356
train_0064,46,84,1,0.208279,0.294329,0.201221,18.000000,9.557813,9.056195,7.160544,8.892015,38.000000,2.114885,2.146281,1.890614,2.056017,28.000000,32.689473,27.676687,24.508984,26.982679,1.000000,0.541462,0.289496,0.275933,0.285558,0.089286,0.054624,0.078266,0.045073,0.074512
train_0065,71,105,1,0.169831,0.431095,0.171613,63.000000,17.814198,18.828408,20.909162,18.778248,47.000000,4.047730,5.033369,4.034578,5.228704,144.000000,25.960452,37.631773,26.521700,38.531489,13.000000,8.270844,8.859718,8.270628,8.706669,0.257028,0.050700,0.053689,0.056310,0.055162
train_0066,19,32,1,0.188086,0.468919,0.191645,38.000000,6.733616,7.727517,7.532741,7.856831,9.000000,4.063825,3.827985,3.807686,3.699359,89.000000,34.798703,35.597801,34.628552,35.182791,20.000000,13.432773,13.908915,12.693579,13.883903,0.297521,0.070619,0.063458,0.074584,0.060984
train_0067,37,45,1,0.161692,0.360517,0.165467,51.000000,11.179361,9.660157,10.969038,10.226835,22.000000,3.776415,4.231613,3.844315,4.174144,128.000000,54.955272,71.327153,56.060869,70.621301,1.000000,0.541462,0.261229,0.351069,0.258239,0.138728,0.036411,0.045062,0.036978,0.045718
train_0068,32,77,20,0.199457,0.358777,0.197248,22.000000,7.436287,6.111543,10.722437,6.316322,20.000000,2.532252,1.946316,2.138513,1.957304,74.000000,13.989865,11.734488,15.379922,12.179502,1.000000,14.300347,14.308202,14.050787,14.374860,0.543046,0.274800,0.220268,0.269223,0.230335
train_0069,41,69,1,0.149385,0.412802,0.155267,82.000000,31.786541,31.309515,32.003376,31.330278,28.000000,1.947196,1.347015,2.472130,1.341620,162.000000,64.436782,66.183196,66.899321,64.619542,1.000000,0.541462,0.528376,0.748870,0.556008,0.147186,0.034679,0.049502,0.027967,0.049081
train_0070,58,98,1,0.196914,0.498635,0.200302,42.000000,7.747083,7.595178,8.927315,7.656576,36.000000,4.763197,4.951324,4.544253,4.962427,107.000000,14.867033,19.701294,13.130690,19.586733,20.000000,13.432773,12.543273,14.247538,12.553906,0.351220,0.105927,0.093137,0.081262,0.092768
train_0071,85,139,1,0.172559,0.432412,0.174482,59.000000,15.381875,13.970844,15.781282,13.504207,62.000000,2.941057,2.968579,2.673534,2.866395,149.000000,15.253772,22.204743,14.017974,20.435237,1.000000,0.541462,0.393503,0.690419,0.466254,0.243056,0.045189,0.037292,0.045459,0.038279
train_0072,44,69,1,0.160028,0.445793,0.165907,21.000000,7.868700,7.598052,8.131036,7.080340,38.000000,2.811386,3.179557,2.605131,3.110586,35.000000,20.506329,17.894622,16.392326,17.801005,1.000000,0.541462,0.642858,0.354243,0.573912,0.115385,0.043611,0.052619,0.044615,0.048358
train_0073,36,72,1,0.164571,0.558527,0.171086,80.000000,30.124454,33.809774,29.033750,33.001067,21.000000,4.008520,3.400291,4.512469,3.713630,148.000000,50.186208,51.127683,48.667077,52.014850,1.000000,0.541462,0.890683,0.409169,0.901469,0.200000,0.034565,0.041854,0.034284,0.038796
train_0074,109,171,20,0.218857,0.494238,0.219429,92.000000,40.651007,36.969206,41.650360,36.907857,65.000000,10.971724,13.528977,11.177599,13.490670,207.000000,24.580199,39.072364,27.624801,38.994477,20.000000,1.030674,1.079967,0.924195,1.073215,0.243386,0.045305,0.042328,0.041116,0.042184
train_0075,88,157,1,0.167032,0.482021,0.171078,38.000000,6.733616,6.577679,7.390517,6.596122,80.000000,8.263816,7.075275,6.182464,7.251689,68.000000,56.704698,44.377347,53.741151,44.868136,1.000000,0.541462,0.381009,0.347414,0.376163,0.160000,0.033091,0.033683,0.031930,0.033252
train_0076,31,34,1,0.098809,0.480745,0.112146,37.000000,6.544435,7.615824,7.557150,7.394960,27.000000,2.116880,2.887753,2.465696,2.837057,53.000000,15.382190,14.691915,16.544125,14.355331,1.000000,0.541462,0.618826,0.659640,0.534958,0.068966,0.066338,0.080711,0.084192,0.082320
train_0077,84,179,1,0.189190,0.342028,0.188306,64.000000,18.462817,18.103808,16.044828,17.913438,61.000000,2.949380,2.837279,2.442134,2.819184,170.000000,15.023557,15.325361,15.738001,15.399861,20.000000,13.432773,14.463796,13.339245,14.017824,0.332378,0.092466,0.080283,0.085474,0.082527
train_0078,98,135,1,0.171256,0.472322,0.174304,39.000000,6.949822,6.689081,8.109641,6.941813,85.000000,6.476303,6.023161,5.937840,6.190713,76.000000,34.930544,26.988692,31.806758,28.291606,1.000000,0.541462,0.768498,0.767344,0.770147,0.104265,0.048104,0.049757,0.049299,0.048734
train_0079,25,27,1,0.147483,0.464445,0.159080,21.000000,7.868700,7.797726,6.913253,6.493225,15.000000,2.443307,2.243683,2.557850,2.244446,36.000000,12.078555,12.897734,12.788354,12.916555,1.000000,0.541462,0.659261,0.457784,0.652921,0.222222,0.039406,0.034017,0.040437,0.036007
train_0080,21,22,20,0.097451,0.402165,0.112619,32.000000,5.963380,5.976499,6.564776,6.165836,12.000000,2.552021,2.459332,2.340552,2.406664,96.000000,45.592045,34.485569,39.311228,31.972606,21.000000,1.598216,1.476276,1.687466,1.555774,0.084746,0.056801,0.048203,0.079762,0.050831
train_0081,28,50,20,0.100529,0.419692,0.107910,18.000000,9.557813,8.006381,8.445388,8.356995,18.000000,1.889176,1.395302,2.024957,1.460167,28.000000,15.865006,15.186344,13.064731,15.556936,1.000000,14.300347,14.946771,14.937999,14.862400,0.153846,0.033766,0.053987,0.035053,0.049932
train_0082,20,21,20,0.097309,0.469665,0.121397,13.000000,13.287374,12.566659,10.896649,11.578528,13.000000,1.266403,1.476668,1.343718,1.396132,20.000000,10.612495,13.446970,9.734548,12.451811,1.000000,14.300347,16.446505,16.425670,15.986203,0.146341,0.034816,0.033108,0.037797,0.035096
train_0083,58,114,20,0.185140,0.481381,0.188074,50.000000,10.719923,9.855656,10.819243,9.201148,42.000000,2.057390,1.849836,1.816468,1.803919,118.000000,14.387730,14.108349,12.751137,13.900379,20.000000,1.030674,1.404417,1.117901,1.154473,0.318966,0.083502,0.055761,0.069143,0.054647
train_0084,4,4,1,0.228101,0.450678,0.171430,1.000000,24.300392,21.441118,21.635451,20.110789,1.000000,1.747800,1.641116,1.781197,1.670339,4.000000,7.411648,7.451294,5.789821,7.081629,1.000000,0.541462,0.570108,0.609597,0.640300,0.750000,0.480220,0.416675,0.500409,0.457636
train_0085,36,48,1,0.131802,0.472508,0.135986,83.000000,32.651367,40.831695,28.604047,40.104078,27.000000,1.166678,1.284461,1.014701,1.255968,139.000000,61.932841,75.402021,59.993515,76.130313,1.000000,0.541462,0.259603,0.464455,0.348844,0.160428,0.033057,0.041939,0.034565,0.041222
train_0086,28,42,1,0.152357,0.380748,0.157757,21.000000,7.868700,8.201989,6.385322,7.663388,12.000000,7.234827,6.710277,7.061647,6.505411,51.000000,13.363362,13.059160,13.057060,12.671472,1.000000,0.541462,0.609745,0.651544,0.592214,0.473118,0.208945,0.190285,0.223906,0.197667
train_0087,201,411,1,0.224494,0.381532,0.223280,71.000000,23.246385,20.029792,30.734647,20.329812,160.000000,7.406868,6.363990,7.873989,6.479330,227.000000,142.208324,111.459207,151.969921,110.278614,1.000000,0.541462,0.341244,0.894120,0.343635,0.206897,0.035883,0.030107,0.036906,0.030380
train_0088,50,90,20,0.196930,0.355380,0.191793,113.000000,60.433899,62.053517,59.866406,61.850854,31.000000,4.131072,3.699464,5.108005,3.953925,220.000000,98.676411,105.549905,95.040474,106.034640,1.000000,14.300347,15.618612,14.439807,15.177535,0.187097,0.032730,0.035656,0.033573,0.033164
train_0089,63,110,20,0.221074,0.503118,0.221370,22.000000,7.436287,8.346421,7.010230,7.898894,56.000000,5.022427,4.288702,4.069173,4.079647,91.000000,16.396649,18.246729,15.945177,18.121345,19.000000,1.503626,1.757729,1.322776,1.762620,0.358209,0.111087,0.106250,0.133526,0.113247
train_0090,115,196,1,0.185173,0.404273,0.186327,85.000000,34.408045,30.385260,32.786358,30.394307,94.000000,4.931096,4.027296,6.277291,4.037351,163.000000,20.807846,18.296231,24.729616,18.272957,1.000000,0.541462,0.397612,0.484696,0.399325,0.139276,0.036279,0.037066,0.044666,0.037129
train_0091,25,47,1,0.192387,0.535585,0.201637,9.000000,16.706139,14.001371,14.089062,13.388015,18.000000,0.906376,0.813347,1.236590,0.847586,16.000000,18.577857,17.736140,18.242288,17.889361,1.000000,0.541462,0.481965,0.851072,0.563647,0.190476,0.033150,0.036685,0.033193,0.034442
train_0092,32,33,1,0.122251,0.352963,0.130098,81.000000,30.935228,31.058115,31.007776,31.007432,22.000000,1.464393,1.608718,1.415123,1.569128,152.000000,86.341831,90.523236,91.765377,92.920226,1.000000,0.541462,0.964460,0.302012,0.675151,0.075676,0.061874,0.062838,0.078091,0.065194
train_0093,23,26,2,0.122306,0.354081,0.128622,34.000000,6.112022,6.257797,6.479789,6.381210,17.000000,0.767917,0.896013,0.704050,0.857189,88.000000,37.568353,42.830270,32.508937,40.375605,20.000000,12.734607,13.021997,13.411346,12.593401,0.157895,0.033290,0.042558,0.035305,0.044764
train_0094,69,112,20,0.219052,0.325509,0.216547,21.000000,7.868700,8.893808,9.949893,9.046871,63.000000,6.687154,5.750198,7.867561,5.961022,30.000000,51.187874,39.612607,62.840220,41.200248,1.000000,14.300347,12.733447,14.766709,12.825276,0.070423,0.065314,0.082246,0.066339,0.085468
train_0095,90,143,1,0.175797,0.417595,0.178547,59.000000,15.381875,13.421126,16.131031,13.418712,75.000000,4.391566,4.146852,4.689508,4.156635,123.000000,16.694969,16.525117,18.197055,16.547922,1.000000,0.541462,0.384255,0.531492,0.383022,0.142857,0.035505,0.029715,0.030440,0.029674
train_0096,52,90,1,0.184315,0.547631,0.186505,40.000000,7.193054,8.502148,7.426823,8.151942,39.000000,1.685202,1.871012,2.025913,1.819798,95.000000,14.274807,13.400918,17.171439,14.038998,1.000000,0.541462,0.884118,0.324329,0.883542,0.216216,0.037945,0.034082,0.039033,0.033430
train_0097,28,66,1,0.182318,0.464445,0.189308,12.000000,14.125175,12.522386,13.092780,11.948191,18.000000,1.889176,1.553161,1.942335,1.558104,40.000000,17.585649,15.066809,15.289220,14.569193,10.000000,6.176343,6.045987,6.546589,6.216978,0.377358,0.125921,0.108694,0.142079,0.109899
train_0098,118,270,1,0.179387,0.401984,0.182298,1.000000,24.300392,27.058006,23.947670,26.903071,115.000000,17.706919,19.163145,20.271010,19.173811,4.000000,221.563623,208.230656,237.383545,208.479154,1.000000,0.541462,0.594175,0.660435,0.598266,0.021898,0.104287,0.116656,0.121422,0.116580
train_0099,61,126,20,0.166945,0.443584,0.169326,94.000000,42.461736,41.608408,44.061877,41.029906,47.000000,2.004555,2.072711,2.292171,2.122570,164.000000,25.513130,35.172471,28.977020,32.766443,1.000000,14.300347,14.009303,13.530711,14.138584,0.179310,0.032515,0.037638,0.034102,0.039798
train_0100,20,27,1,0.150172,0.473936,0.165873,3.000000,22.327508,20.307158,19.042554,19.242135,18.000000,1.745987,2.258084,1.759017,2.395055,5.000000,14.146029,16.418945,12.272516,16.330162,1.000000,0.541462,0.746640,0.565705,0.610436,0.062500,0.070968,0.106190,0.067792,0.101868
train_0101,42,58,1,0.159972,0.329408,0.161613,36.000000,6.382280,6.323132,7.258076,6.402051,36.000000,2.532891,2.423599,2.941512,2.606285,74.000000,15.773839,17.699906,15.500284,16.990089,20.000000,13.432773,12.495343,12.674230,12.918725,0.090909,0.053878,0.053689,0.060450,0.055638
train_0102,65,113,1,0.153720,0.401437,0.157532,5.000000,20.381649,19.695261,20.722406,18.476669,65.000000,11.357213,9.844558,9.965617,9.444358,5.000000,72.313049,57.324032,70.953709,53.942014,1.000000,0.541462,0.760308,0.315725,0.657385,0.000000,0.125540,0.120135,0.112525,0.116428
train_0103,33,87,4,0.191649,0.374732,0.190611,62.000000,17.192604,21.298818,17.013402,21.353823,17.000000,5.730371,4.805467,4.764334,4.937019,122.000000,23.733661,24.859192,19.897943,25.478422,1.000000,2.373136,2.344289,2.331684,2.315416,0.296651,0.070137,0.054237,0.058110,0.056606
train_0104,20,20,20,0.123702,0.312657,0.126958,78.000000,28.556957,30.610472,31.647002,30.539630,15.000000,0.648155,0.622368,0.819104,0.654319,162.000000,106.532453,93.858578,111.983315,94.123229,29.000000,6.665556,6.823525,8.032771,7.034862,0.032967,0.094383,0.075317,0.086435,0.076384
train_0105,158,285,20,0.221807,0.397430,0.220420,63.000000,17.814198,17.478109,19.835564,17.390549,103.000000,9.834324,12.006536,8.451453,12.515420,196.000000,56.787937,40.172096,60.163007,39.644693,20.000000,1.030674,1.284243,1.210968,1.276483,0.274428,0.058742,0.050341,0.054622,0.051817
train_0106,21,21,1,0.150560,0.423364,0.158742,14.000000,12.476600,12.227440,10.762135,12.772641,12.000000,2.552021,2.609915,2.462691,2.380929,27.000000,10.869240,10.626392,10.061169,10.068489,1.000000,0.541462,0.400566,0.763204,0.420687,0.291667,0.067468,0.055758,0.061010,0.054841
train_0107,28,32,1,0.121126,0.442724,0.130319,34.000000,6.112022,6.802603,5.605865,6.583498,24.000000,1.688594,1.514264,1.659382,1.750469,52.000000,15.515788,20.284273,17.968814,18.805577,12.000000,7.554660,7.784350,8.046890,7.797607,0.071429,0.064628,0.061252,0.061974,0.069377
train_0108,37,62,1,0.178296,0.469782,0.180426,33.000000,6.017432,7.065180,6.085511,6.730421,28.000000,1.194838,1.340365,1.232302,1.282914,86.000000,18.556191,18.570468,18.408003,18.577718,1.000000,0.541462,0.349358,0.543032,0.471321,0.283784,0.063420,0.054830,0.059873,0.051431
train_0109,24,65,20,0.156591,0.428039,0.163460,23.000000,7.071438,5.922218,5.942817,5.506606,21.000000,1.699029,2.057771,1.912318,2.149289,73.000000,14.167965,13.283123,14.035819,12.553011,19.000000,1.503626,1.621433,1.391780,1.703655,0.579710,0.310452,0.248950,0.290777,0.243303
train_0110,64,94,1,0.177818,0.400124,0.180057,19.000000,8.949732,12.470574,9.919552,11.980525,52.000000,2.646969,2.673554,2.545345,2.413315,77.000000,15.926265,21.151371,13.420375,20.326970,1.000000,0.541462,0.339740,0.368242,0.319531,0.187135,0.032733,0.026376,0.032848,0.026512
train_0111,59,113,1,0.208479,0.498635,0.211954,26.000000,6.233638,5.928190,5.057058,5.962757,45.000000,1.914124,2.061842,2.099116,2.060074,90.000000,17.274988,17.913915,15.393232,17.569876,1.000000,0.541462,0.721418,0.566863,0.723264,0.305419,0.075190,0.071330,0.056143,0.067551
train_0112,79,137,1,0.187694,0.442408,0.191457,111.000000,58.488041,62.224088,57.931700,62.066095,49.000000,6.512499,7.678306,7.601779,7.946577,281.000000,112.392280,130.655101,111.230671,129.910596,21.000000,14.378677,14.667172,14.256329,14.819576,0.239234,0.043941,0.045751,0.045240,0.045522
train_0113,50,94,1,0.156626,0.395733,0.160082,39.000000,6.949822,7.065196,8.121455,6.887468,36.000000,1.812753,1.807217,1.803187,1.817615,99.000000,14.318229,17.216109,14.283408,17.267092,19.000000,12.662538,13.297269,12.779037,12.867601,0.321244,0.084949,0.067578,0.071810,0.069696
train_0114,111,206,1,0.205988,0.387112,0.207035,32.000000,5.963380,6.578426,5.294444,6.382055,96.000000,7.171595,7.426871,6.278952,7.244224,67.000000,100.189856,77.615544,85.682444,75.722451,1.000000,0.541462,0.386611,0.289624,0.386628,0.139194,0.036298,0.043354,0.036073,0.043195
train_0115,56,79,1,0.149660,0.316514,0.152144,146.000000,93.351336,87.643416,95.465606,91.786179,36.000000,3.778351,3.971706,3.640998,4.208180,230.000000,118.874375,122.926728,117.552499,126.391330,20.000000,13.432773,12.905474,12.653583,12.854118,0.122977,0.040811,0.038809,0.054205,0.041579
train_0116,3,3,1,0.081402,0.383789,0.106189,58.000000,14.814333,17.402343,15.411480,16.452341,2.000000,0.163989,0.157877,0.188680,0.150957,77.000000,42.007342,43.283366,42.705401,35.904998,1.000000,0.541462,0.906591,0.443451,0.830993,0.025000,0.101411,0.109419,0.103895,0.106969
train_0117,35,50,21,0.152386,0.489875,0.161144,9.000000,16.706139,13.813185,15.834352,13.429519,28.000000,1.323460,1.694752,1.348421,1.600128,16.000000,19.878339,17.847496,18.651975,16.152659,16.000000,4.017026,4.068974,3.955806,3.975865,0.121212,0.041431,0.051858,0.036391,0.049324
train_0118,85,123,20,0.215821,0.400398,0.215053,102.000000,49.907347,47.062308,56.779848,46.577120,64.000000,2.747900,2.840377,2.853533,2.738015,213.000000,62.353408,79.527125,73.739864,78.340700,20.000000,1.030674,1.294164,1.061731,1.322187,0.130952,0.038440,0.047815,0.042915,0.048788
train_0119,68,101,20,0.174438,0.407329,0.176319,17.000000,10.233458,10.655855,10.216193,10.459013,62.000000,6.523262,5.453251,6.457139,5.459136,23.000000,48.132832,40.422716,39.797290,40.316348,1.000000,14.300347,15.800857,15.889114,15.810831,0.080645,0.058920,0.054810,0.052856,0.054115
train_0120,43,86,20,0.197412,0.462024,0.198311,25.000000,6.463358,5.333925,5.604839,5.145554,32.000000,1.413802,1.596843,1.545468,1.531252,100.000000,15.868069,18.270729,18.142335,18.124503,20.000000,1.030674,1.172033,0.935140,1.121477,0.494624,0.228997,0.202547,0.231665,0.208257
train_0121,70,128,20,0.173314,0.373382,0.174440,44.000000,8.382190,8.370422,10.119987,8.135981,51.000000,2.430791,2.131980,2.518075,2.006295,123.000000,14.546417,13.978218,12.249757,13.833095,20.000000,1.030674,1.351093,0.909768,1.322025,0.310757,0.078400,0.059734,0.065553,0.059760
train_0122,28,40,1,0.173714,0.500648,0.178211,27.000000,6.098509,6.261978,5.263419,5.939534,18.000000,1.889176,1.336762,2.067553,1.375951,98.000000,36.083600,40.626042,38.176856,40.546510,1.000000,0.541462,0.510640,0.586096,0.579885,0.246377,0.046405,0.040216,0.049994,0.040426
train_0123,54,98,1,0.229022,0.434846,0.229085,95.000000,43.380613,42.864222,45.297298,42.747562,43.000000,1.993263,1.993672,2.180648,2.000074,170.000000,47.527724,58.615692,50.987437,58.499697,1.000000,0.541462,0.307813,0.572059,0.299913,0.261194,0.052474,0.043993,0.053181,0.043681
train_0124,11,12,6,0.106132,0.303528,0.116461,81.000000,30.935228,33.872371,32.021056,34.811677,6.000000,1.598827,1.300504,1.539121,1.439420,141.000000,92.648619,96.182505,90.064130,92.277047,1.000000,3.747174,3.241217,4.049059,3.793480,0.078431,0.060161,0.075808,0.065638,0.067464
train_0125,26,26,20,0.056879,0.366804,0.074298,49.000000,10.273997,9.714878,10.535899,9.944398,24.000000,2.727693,2.548083,3.251934,2.985074,70.000000,25.866177,24.908023,23.020993,21.600963,1.000000,14.300347,13.030553,15.579096,13.616807,0.041667,0.087090,0.084506,0.099465,0.087823
train_0126,21,48,1,0.165620,0.455653,0.169076,14.000000,12.476600,10.219116,13.146419,11.407174,19.000000,1.904905,2.660145,1.702096,2.642095,17.000000,18.623981,17.732219,18.706263,19.603652,1.000000,0.541462,0.615667,0.535519,0.480135,0.061538,0.071670,0.121164,0.074722,0.110271
train_0127,25,26,5,0.101312,0.266265,0.109117,23.000000,7.071438,6.996054,4.991126,6.343641,15.000000,2.443307,2.023055,2.872297,2.155312,38.000000,12.610018,13.172532,13.325881,13.123797,12.000000,5.068015,5.303675,5.382674,5.286742,0.187500,0.032767,0.035675,0.035758,0.035690
train_0128,77,123,20,0.181940,0.471888,0.184256,21.000000,7.868700,7.034774,8.459827,7.570353,74.000000,10.589345,10.273956,9.105859,10.401352,24.000000,64.758705,47.677565,61.931056,48.455284,1.000000,14.300347,15.199445,15.692580,15.208660,0.027211,0.099439,0.121453,0.087365,0.116946
train_0129,27,56,1,0.183880,0.501873,0.189341,17.000000,10.233458,8.487418,8.783603,8.245504,19.000000,1.093972,0.885007,1.268019,0.929589,29.000000,17.595018,15.344778,14.633878,14.971638,1.000000,0.541462,0.748985,0.321178,0.745769,0.188235,0.032847,0.045144,0.033722,0.044020
train_0130,22,40,1,0.144526,0.417595,0.154557,28.000000,6.017432,5.551432,6.330692,5.585818,15.000000,1.054395,0.671533,1.136709,0.712188,78.000000,23.732805,20.451942,25.214438,20.053356,20.000000,13.432773,13.385623,14.738572,13.458324,0.203390,0.035172,0.036407,0.036651,0.037988
train_0131,103,187,1,0.204738,0.421384,0.206041,26.000000,6.233638,7.406626,4.593933,6.984466,81.000000,3.602008,3.432672,3.787050,3.376975,94.000000,59.934733,39.496300,48.860809,39.615913,1.000000,0.541462,0.398013,0.286405,0.398020,0.327402,0.089036,0.086364,0.097678,0.083274
train_0132,42,71,20,0.173883,0.454840,0.180046,26.000000,6.233638,4.859080,5.524015,5.215007,37.000000,3.132078,3.354374,3.899295,3.457411,36.000000,20.991982,19.113948,19.806458,20.073486,10.000000,7.584433,7.748631,8.451785,7.720346,0.074766,0.062451,0.072925,0.088148,0.078993
train_0133,60,76,1,0.172071,0.365243,0.173454,53.000000,12.138778,10.926835,14.870314,11.476783,46.000000,1.956187,1.802306,2.104723,1.791136,94.000000,16.821224,24.302362,17.708756,24.721442,1.000000,0.541462,0.287373,0.797547,0.287625,0.188235,0.032847,0.030672,0.030719,0.031696
train_0134,80,131,1,0.158004,0.441194,0.161770,29.000000,5.976893,6.025993,5.362041,6.226914,69.000000,5.060016,4.218819,5.389753,4.199113,96.000000,21.554750,17.309635,19.611232,17.807588,1.000000,0.541462,0.480051,0.363995,0.575367,0.334802,0.094169,0.096616,0.077776,0.098225
train_0135,46,53,20,0.121150,0.402618,0.123737,68.000000,21.111346,20.515343,19.190298,20.351034,33.000000,1.695299,1.751066,2.101653,1.798525,125.000000,46.588172,49.814463,47.705540,49.344648,20.000000,1.030674,0.947728,1.360384,0.974228,0.101124,0.049420,0.052419,0.043823,0.050736
train_0136,65,84,1,0.173906,0.405074,0.174417,20.000000,8.395703,10.269782,5.335724,10.264330,63.000000,9.428330,9.251578,9.672466,9.197498,22.000000,36.540651,23.295092,38.318208,23.221677,1.000000,0.541462,0.495003,0.861236,0.497272,0.037736,0.090330,0.106509,0.091054,0.105747
train_0137,77,137,20,0.239478,0.362605,0.237397,30.000000,5.963380,6.984322,6.645062,6.985855,71.000000,8.015800,7.644622,9.184701,7.686306,91.000000,27.071799,22.361781,30.922173,22.414618,1.000000,14.300347,12.276899,13.877811,12.358547,0.412281,0.154630,0.130143,0.147773,0.129432
train_0138,23,23,19,0.128855,0.423195,0.141821,19.000000,8.949732,7.506160,8.625384,7.258265,15.000000,1.428072,1.278673,1.298394,1.275804,64.000000,23.739381,22.333297,23.098812,21.468335,20.000000,1.583622,1.636649,1.721953,1.656849,0.183908,0.032577,0.036260,0.036750,0.036186
train_0139,41,78,1,0.163749,0.459269,0.168303,40.000000,7.193054,8.000957,7.160932,7.918549,30.000000,1.405910,1.402348,1.586423,1.485551,106.000000,20.495924,22.006272,19.207999,21.306512,1.000000,0.541462,0.578902,0.719687,0.718475,0.293478,0.068422,0.064890,0.061164,0.065250
train_0140,12,12,12,0.063394,0.306795,0.084531,18.000000,9.557813,6.957451,6.407275,6.557894,10.000000,0.585542,0.678096,0.608544,0.733416,39.000000,15.179136,15.348708,16.628581,13.851515,1.000000,8.175172,8.505698,8.391736,8.677259,0.078431,0.060161,0.066650,0.066701,0.061618
train_0141,64,105,20,0.177064,0.482961,0.179638,25.000000,6.463358,6.012969,6.868157,5.919328,58.000000,5.874919,5.285004,6.698384,5.107803,36.000000,41.594883,30.992416,46.911468,29.637245,17.000000,2.706274,2.473473,2.593313,2.460907,0.070922,0.064970,0.079346,0.068714,0.077482
train_0142,85,109,1,0.156835,0.608738,0.161937,60.000000,15.976443,13.937118,17.978821,13.859345,60.000000,3.388932,4.027890,3.669215,4.045551,108.000000,14.269673,21.823065,15.304890,21.970712,1.000000,0.541462,0.393318,0.434131,0.439041,0.156682,0.033422,0.028237,0.030536,0.028152
train_0143,85,129,1,0.189586,0.329515,0.187432,26.000000,6.233638,7.662709,8.343601,7.666608,71.000000,4.224163,3.805162,4.210345,3.615576,84.000000,26.521733,19.043031,29.769725,18.680016,20.000000,13.432773,14.433298,14.044600,14.404222,0.234742,0.042633,0.038250,0.044910,0.037280
train_0144,130,246,20,0.165590,0.379755,0.166739,19.000000,8.949732,10.623199,10.347221,10.516716,124.000000,17.037865,16.621941,20.237696,16.570630,25.000000,177.693798,155.840382,186.646972,156.182121,1.000000,14.300347,12.818863,14.202044,12.806422,0.036900,0.091030,0.107106,0.106144,0.107152
train_0145,48,114,20,0.174010,0.302083,0.170647,49.000000,10.273997,9.558241,10.747850,9.242296,33.000000,2.196589,1.595151,2.467232,1.569720,122.000000,14.806630,11.486135,18.362193,12.082526,20.000000,1.030674,1.220117,1.118982,1.270038,0.440678,0.179523,0.126065,0.194657,0.132381
train_0146,61,112,1,0.182140,0.414903,0.184937,5.000000,20.381649,20.469105,19.070183,19.533481,58.000000,7.832536,8.337125,7.034506,8.325728,8.000000,68.903293,64.251768,60.395705,63.302904,1.000000,0.541462,0.930402,0.410395,0.923875,0.033333,0.094067,0.117833,0.080747,0.116421
train_0147,156,284,5,0.210069,0.407502,0.210049,52.000000,11.652313,10.302916,10.997313,10.315647,123.000000,5.511750,4.486895,5.571354,4.585735,137.000000,107.569389,78.291448,113.087566,79.531414,1.000000,3.054592,3.091181,3.053546,3.171324,0.185273,0.032614,0.028247,0.034245,0.027678
train_0148,30,66,15,0.167351,0.251032,0.158644,43.000000,8.044367,8.641364,8.678974,8.908238,19.000000,2.206371,1.645290,2.436860,1.779772,101.000000,23.342147,21.912055,22.452600,24.145409,19.000000,3.378091,3.211967,3.242127,3.292158,0.407186,0.150317,0.114160,0.184907,0.120198
train_0149,49,61,1,0.159703,0.504009,0.165545,21.000000,7.868700,9.275915,7.584688,9.188291,48.000000,7.588662,6.792012,6.043709,6.643955,22.000000,22.685329,18.754113,20.902396,18.576565,1.000000,0.541462,0.578674,0.471228,0.622976,0.024096,0.102237,0.100254,0.081944,0.096694
train_0150,94,169,1,0.186876,0.467730,0.190623,68.000000,21.111346,20.929125,23.401673,21.072244,63.000000,4.985173,4.785334,4.402328,4.658657,175.000000,14.685510,18.429761,14.596067,18.897705,25.000000,18.364984,18.078586,18.027690,17.631860,0.308140,0.076808,0.063278,0.064231,0.063577
